country_iso3,country_name,variable_code,variable_label,frequency,period,value,unit,value_type,source,in_common_window,status,notes
BGD,Bangladesh,cpi_inflation,"CPI inflation, period-average, annual percent change",Annual,2018,5.783,Percent,SOURCE,"IMF WEO(9.0.0) April 2026 vintage, PCPIPCH.A",True,VERIFIED (no actual/projection caveat applied - no direct evidence found),
BGD,Bangladesh,cpi_inflation,"CPI inflation, period-average, annual percent change",Annual,2019,5.475,Percent,SOURCE,"IMF WEO(9.0.0) April 2026 vintage, PCPIPCH.A",True,VERIFIED (no actual/projection caveat applied - no direct evidence found),
BGD,Bangladesh,cpi_inflation,"CPI inflation, period-average, annual percent change",Annual,2020,5.648,Percent,SOURCE,"IMF WEO(9.0.0) April 2026 vintage, PCPIPCH.A",True,VERIFIED (no actual/projection caveat applied - no direct evidence found),
BGD,Bangladesh,cpi_inflation,"CPI inflation, period-average, annual percent change",Annual,2021,5.558,Percent,SOURCE,"IMF WEO(9.0.0) April 2026 vintage, PCPIPCH.A",True,VERIFIED (no actual/projection caveat applied - no direct evidence found),
BGD,Bangladesh,cpi_inflation,"CPI inflation, period-average, annual percent change",Annual,2022,6.15,Percent,SOURCE,"IMF WEO(9.0.0) April 2026 vintage, PCPIPCH.A",True,VERIFIED (no actual/projection caveat applied - no direct evidence found),
BGD,Bangladesh,cpi_inflation,"CPI inflation, period-average, annual percent change",Annual,2023,9.016,Percent,SOURCE,"IMF WEO(9.0.0) April 2026 vintage, PCPIPCH.A",True,VERIFIED (no actual/projection caveat applied - no direct evidence found),
BGD,Bangladesh,cpi_inflation,"CPI inflation, period-average, annual percent change",Annual,2024,9.728,Percent,SOURCE,"IMF WEO(9.0.0) April 2026 vintage, PCPIPCH.A",True,VERIFIED (no actual/projection caveat applied - no direct evidence found),
BGD,Bangladesh,cpi_inflation,"CPI inflation, period-average, annual percent change",Annual,2025,10.045,Percent,SOURCE,"IMF WEO(9.0.0) April 2026 vintage, PCPIPCH.A",True,VERIFIED (no actual/projection caveat applied - no direct evidence found),
BGD,Bangladesh,cpi_inflation,"CPI inflation, period-average, annual percent change",Annual,2026,9.173,Percent,SOURCE,"IMF WEO(9.0.0) April 2026 vintage, PCPIPCH.A",True,VERIFIED (no actual/projection caveat applied - no direct evidence found),
PAK,Pakistan,cpi_inflation,"CPI inflation, period-average, annual percent change",Annual,2018,4.7,Percent,SOURCE,"IMF WEO(9.0.0) April 2026 vintage, PCPIPCH.A",True,VERIFIED (no actual/projection caveat applied - no direct evidence found),
PAK,Pakistan,cpi_inflation,"CPI inflation, period-average, annual percent change",Annual,2019,6.802,Percent,SOURCE,"IMF WEO(9.0.0) April 2026 vintage, PCPIPCH.A",True,VERIFIED (no actual/projection caveat applied - no direct evidence found),
PAK,Pakistan,cpi_inflation,"CPI inflation, period-average, annual percent change",Annual,2020,10.739,Percent,SOURCE,"IMF WEO(9.0.0) April 2026 vintage, PCPIPCH.A",True,VERIFIED (no actual/projection caveat applied - no direct evidence found),
PAK,Pakistan,cpi_inflation,"CPI inflation, period-average, annual percent change",Annual,2021,8.896,Percent,SOURCE,"IMF WEO(9.0.0) April 2026 vintage, PCPIPCH.A",True,VERIFIED (no actual/projection caveat applied - no direct evidence found),
PAK,Pakistan,cpi_inflation,"CPI inflation, period-average, annual percent change",Annual,2022,12.153,Percent,SOURCE,"IMF WEO(9.0.0) April 2026 vintage, PCPIPCH.A",True,VERIFIED (no actual/projection caveat applied - no direct evidence found),
PAK,Pakistan,cpi_inflation,"CPI inflation, period-average, annual percent change",Annual,2023,29.181,Percent,SOURCE,"IMF WEO(9.0.0) April 2026 vintage, PCPIPCH.A",True,VERIFIED (no actual/projection caveat applied - no direct evidence found),
PAK,Pakistan,cpi_inflation,"CPI inflation, period-average, annual percent change",Annual,2024,23.411,Percent,SOURCE,"IMF WEO(9.0.0) April 2026 vintage, PCPIPCH.A",True,VERIFIED (no actual/projection caveat applied - no direct evidence found),
PAK,Pakistan,cpi_inflation,"CPI inflation, period-average, annual percent change",Annual,2025,4.495,Percent,SOURCE,"IMF WEO(9.0.0) April 2026 vintage, PCPIPCH.A",True,VERIFIED (no actual/projection caveat applied - no direct evidence found),
PAK,Pakistan,cpi_inflation,"CPI inflation, period-average, annual percent change",Annual,2026,7.154,Percent,SOURCE,"IMF WEO(9.0.0) April 2026 vintage, PCPIPCH.A",True,VERIFIED (no actual/projection caveat applied - no direct evidence found),
VNM,Vietnam,cpi_inflation,"CPI inflation, period-average, annual percent change",Annual,2018,3.54,Percent,SOURCE,"IMF WEO(9.0.0) April 2026 vintage, PCPIPCH.A",True,VERIFIED (no actual/projection caveat applied - no direct evidence found),
VNM,Vietnam,cpi_inflation,"CPI inflation, period-average, annual percent change",Annual,2019,2.796,Percent,SOURCE,"IMF WEO(9.0.0) April 2026 vintage, PCPIPCH.A",True,VERIFIED (no actual/projection caveat applied - no direct evidence found),
VNM,Vietnam,cpi_inflation,"CPI inflation, period-average, annual percent change",Annual,2020,3.221,Percent,SOURCE,"IMF WEO(9.0.0) April 2026 vintage, PCPIPCH.A",True,VERIFIED (no actual/projection caveat applied - no direct evidence found),
VNM,Vietnam,cpi_inflation,"CPI inflation, period-average, annual percent change",Annual,2021,1.835,Percent,SOURCE,"IMF WEO(9.0.0) April 2026 vintage, PCPIPCH.A",True,VERIFIED (no actual/projection caveat applied - no direct evidence found),
VNM,Vietnam,cpi_inflation,"CPI inflation, period-average, annual percent change",Annual,2022,3.157,Percent,SOURCE,"IMF WEO(9.0.0) April 2026 vintage, PCPIPCH.A",True,VERIFIED (no actual/projection caveat applied - no direct evidence found),
VNM,Vietnam,cpi_inflation,"CPI inflation, period-average, annual percent change",Annual,2023,3.253,Percent,SOURCE,"IMF WEO(9.0.0) April 2026 vintage, PCPIPCH.A",True,VERIFIED (no actual/projection caveat applied - no direct evidence found),
VNM,Vietnam,cpi_inflation,"CPI inflation, period-average, annual percent change",Annual,2024,3.621,Percent,SOURCE,"IMF WEO(9.0.0) April 2026 vintage, PCPIPCH.A",True,VERIFIED (no actual/projection caveat applied - no direct evidence found),
VNM,Vietnam,cpi_inflation,"CPI inflation, period-average, annual percent change",Annual,2025,3.31,Percent,SOURCE,"IMF WEO(9.0.0) April 2026 vintage, PCPIPCH.A",True,VERIFIED (no actual/projection caveat applied - no direct evidence found),
VNM,Vietnam,cpi_inflation,"CPI inflation, period-average, annual percent change",Annual,2026,4.861,Percent,SOURCE,"IMF WEO(9.0.0) April 2026 vintage, PCPIPCH.A",True,VERIFIED (no actual/projection caveat applied - no direct evidence found),
BGD,Bangladesh,gdp_growth,"Real GDP growth, annual percent change",Annual,2018,7.319,Percent,SOURCE,"IMF WEO(9.0.0) April 2026 vintage, NGDP_RPCH.A",True,VERIFIED (with ACTUAL-VS-PROJECTION caveat for 2025-2026; BGD/PAK fiscal-year convention),
BGD,Bangladesh,gdp_growth,"Real GDP growth, annual percent change",Annual,2019,7.882,Percent,SOURCE,"IMF WEO(9.0.0) April 2026 vintage, NGDP_RPCH.A",True,VERIFIED (with ACTUAL-VS-PROJECTION caveat for 2025-2026; BGD/PAK fiscal-year convention),
BGD,Bangladesh,gdp_growth,"Real GDP growth, annual percent change",Annual,2020,3.448,Percent,SOURCE,"IMF WEO(9.0.0) April 2026 vintage, NGDP_RPCH.A",True,VERIFIED (with ACTUAL-VS-PROJECTION caveat for 2025-2026; BGD/PAK fiscal-year convention),
BGD,Bangladesh,gdp_growth,"Real GDP growth, annual percent change",Annual,2021,6.939,Percent,SOURCE,"IMF WEO(9.0.0) April 2026 vintage, NGDP_RPCH.A",True,VERIFIED (with ACTUAL-VS-PROJECTION caveat for 2025-2026; BGD/PAK fiscal-year convention),
BGD,Bangladesh,gdp_growth,"Real GDP growth, annual percent change",Annual,2022,7.1,Percent,SOURCE,"IMF WEO(9.0.0) April 2026 vintage, NGDP_RPCH.A",True,VERIFIED (with ACTUAL-VS-PROJECTION caveat for 2025-2026; BGD/PAK fiscal-year convention),
BGD,Bangladesh,gdp_growth,"Real GDP growth, annual percent change",Annual,2023,5.775,Percent,SOURCE,"IMF WEO(9.0.0) April 2026 vintage, NGDP_RPCH.A",True,VERIFIED (with ACTUAL-VS-PROJECTION caveat for 2025-2026; BGD/PAK fiscal-year convention),
BGD,Bangladesh,gdp_growth,"Real GDP growth, annual percent change",Annual,2024,4.223,Percent,SOURCE,"IMF WEO(9.0.0) April 2026 vintage, NGDP_RPCH.A",True,VERIFIED (with ACTUAL-VS-PROJECTION caveat for 2025-2026; BGD/PAK fiscal-year convention),
BGD,Bangladesh,gdp_growth,"Real GDP growth, annual percent change",Annual,2025,3.49,Percent,SOURCE,"IMF WEO(9.0.0) April 2026 vintage, NGDP_RPCH.A",True,VERIFIED (with ACTUAL-VS-PROJECTION caveat for 2025-2026; BGD/PAK fiscal-year convention),
BGD,Bangladesh,gdp_growth,"Real GDP growth, annual percent change",Annual,2026,4.693,Percent,SOURCE,"IMF WEO(9.0.0) April 2026 vintage, NGDP_RPCH.A",True,VERIFIED (with ACTUAL-VS-PROJECTION caveat for 2025-2026; BGD/PAK fiscal-year convention),
PAK,Pakistan,gdp_growth,"Real GDP growth, annual percent change",Annual,2018,6.096,Percent,SOURCE,"IMF WEO(9.0.0) April 2026 vintage, NGDP_RPCH.A",True,VERIFIED (with ACTUAL-VS-PROJECTION caveat for 2025-2026; BGD/PAK fiscal-year convention),
PAK,Pakistan,gdp_growth,"Real GDP growth, annual percent change",Annual,2019,3.12,Percent,SOURCE,"IMF WEO(9.0.0) April 2026 vintage, NGDP_RPCH.A",True,VERIFIED (with ACTUAL-VS-PROJECTION caveat for 2025-2026; BGD/PAK fiscal-year convention),
PAK,Pakistan,gdp_growth,"Real GDP growth, annual percent change",Annual,2020,-0.943,Percent,SOURCE,"IMF WEO(9.0.0) April 2026 vintage, NGDP_RPCH.A",True,VERIFIED (with ACTUAL-VS-PROJECTION caveat for 2025-2026; BGD/PAK fiscal-year convention),
PAK,Pakistan,gdp_growth,"Real GDP growth, annual percent change",Annual,2021,5.77,Percent,SOURCE,"IMF WEO(9.0.0) April 2026 vintage, NGDP_RPCH.A",True,VERIFIED (with ACTUAL-VS-PROJECTION caveat for 2025-2026; BGD/PAK fiscal-year convention),
PAK,Pakistan,gdp_growth,"Real GDP growth, annual percent change",Annual,2022,6.18,Percent,SOURCE,"IMF WEO(9.0.0) April 2026 vintage, NGDP_RPCH.A",True,VERIFIED (with ACTUAL-VS-PROJECTION caveat for 2025-2026; BGD/PAK fiscal-year convention),
PAK,Pakistan,gdp_growth,"Real GDP growth, annual percent change",Annual,2023,-0.212,Percent,SOURCE,"IMF WEO(9.0.0) April 2026 vintage, NGDP_RPCH.A",True,VERIFIED (with ACTUAL-VS-PROJECTION caveat for 2025-2026; BGD/PAK fiscal-year convention),
PAK,Pakistan,gdp_growth,"Real GDP growth, annual percent change",Annual,2024,2.634,Percent,SOURCE,"IMF WEO(9.0.0) April 2026 vintage, NGDP_RPCH.A",True,VERIFIED (with ACTUAL-VS-PROJECTION caveat for 2025-2026; BGD/PAK fiscal-year convention),
PAK,Pakistan,gdp_growth,"Real GDP growth, annual percent change",Annual,2025,3.093,Percent,SOURCE,"IMF WEO(9.0.0) April 2026 vintage, NGDP_RPCH.A",True,VERIFIED (with ACTUAL-VS-PROJECTION caveat for 2025-2026; BGD/PAK fiscal-year convention),
PAK,Pakistan,gdp_growth,"Real GDP growth, annual percent change",Annual,2026,3.603,Percent,SOURCE,"IMF WEO(9.0.0) April 2026 vintage, NGDP_RPCH.A",True,VERIFIED (with ACTUAL-VS-PROJECTION caveat for 2025-2026; BGD/PAK fiscal-year convention),
VNM,Vietnam,gdp_growth,"Real GDP growth, annual percent change",Annual,2018,7.465,Percent,SOURCE,"IMF WEO(9.0.0) April 2026 vintage, NGDP_RPCH.A",True,VERIFIED (with ACTUAL-VS-PROJECTION caveat for 2025-2026; BGD/PAK fiscal-year convention),
VNM,Vietnam,gdp_growth,"Real GDP growth, annual percent change",Annual,2019,7.359,Percent,SOURCE,"IMF WEO(9.0.0) April 2026 vintage, NGDP_RPCH.A",True,VERIFIED (with ACTUAL-VS-PROJECTION caveat for 2025-2026; BGD/PAK fiscal-year convention),
VNM,Vietnam,gdp_growth,"Real GDP growth, annual percent change",Annual,2020,2.865,Percent,SOURCE,"IMF WEO(9.0.0) April 2026 vintage, NGDP_RPCH.A",True,VERIFIED (with ACTUAL-VS-PROJECTION caveat for 2025-2026; BGD/PAK fiscal-year convention),
VNM,Vietnam,gdp_growth,"Real GDP growth, annual percent change",Annual,2021,2.554,Percent,SOURCE,"IMF WEO(9.0.0) April 2026 vintage, NGDP_RPCH.A",True,VERIFIED (with ACTUAL-VS-PROJECTION caveat for 2025-2026; BGD/PAK fiscal-year convention),
VNM,Vietnam,gdp_growth,"Real GDP growth, annual percent change",Annual,2022,8.538,Percent,SOURCE,"IMF WEO(9.0.0) April 2026 vintage, NGDP_RPCH.A",True,VERIFIED (with ACTUAL-VS-PROJECTION caveat for 2025-2026; BGD/PAK fiscal-year convention),
VNM,Vietnam,gdp_growth,"Real GDP growth, annual percent change",Annual,2023,5.065,Percent,SOURCE,"IMF WEO(9.0.0) April 2026 vintage, NGDP_RPCH.A",True,VERIFIED (with ACTUAL-VS-PROJECTION caveat for 2025-2026; BGD/PAK fiscal-year convention),
VNM,Vietnam,gdp_growth,"Real GDP growth, annual percent change",Annual,2024,6.952,Percent,SOURCE,"IMF WEO(9.0.0) April 2026 vintage, NGDP_RPCH.A",True,VERIFIED (with ACTUAL-VS-PROJECTION caveat for 2025-2026; BGD/PAK fiscal-year convention),
VNM,Vietnam,gdp_growth,"Real GDP growth, annual percent change",Annual,2025,8.019,Percent,SOURCE,"IMF WEO(9.0.0) April 2026 vintage, NGDP_RPCH.A",True,VERIFIED (with ACTUAL-VS-PROJECTION caveat for 2025-2026; BGD/PAK fiscal-year convention),
VNM,Vietnam,gdp_growth,"Real GDP growth, annual percent change",Annual,2026,7.1,Percent,SOURCE,"IMF WEO(9.0.0) April 2026 vintage, NGDP_RPCH.A",True,VERIFIED (with ACTUAL-VS-PROJECTION caveat for 2025-2026; BGD/PAK fiscal-year convention),
BGD,Bangladesh,EMP_klr,Exchange Market Pressure index (KLR 1998 two-component),Monthly,2018-M02,-0.0026451260606616,Index (unitless),CALCULATED,Calculated from IMF IL reserves-excl-gold and IMF ER EOP exchange rate (see RESEARCH_LEDGER.md and 03_EMP.do),True,"VERIFIED (locked methodology, not recomputed here)",
BGD,Bangladesh,EMP_klr,Exchange Market Pressure index (KLR 1998 two-component),Monthly,2018-M03,0.0047280765653024,Index (unitless),CALCULATED,Calculated from IMF IL reserves-excl-gold and IMF ER EOP exchange rate (see RESEARCH_LEDGER.md and 03_EMP.do),True,"VERIFIED (locked methodology, not recomputed here)",
BGD,Bangladesh,EMP_klr,Exchange Market Pressure index (KLR 1998 two-component),Monthly,2018-M04,-0.002304664843821,Index (unitless),CALCULATED,Calculated from IMF IL reserves-excl-gold and IMF ER EOP exchange rate (see RESEARCH_LEDGER.md and 03_EMP.do),True,"VERIFIED (locked methodology, not recomputed here)",
BGD,Bangladesh,EMP_klr,Exchange Market Pressure index (KLR 1998 two-component),Monthly,2018-M05,0.0123218316654358,Index (unitless),CALCULATED,Calculated from IMF IL reserves-excl-gold and IMF ER EOP exchange rate (see RESEARCH_LEDGER.md and 03_EMP.do),True,"VERIFIED (locked methodology, not recomputed here)",
BGD,Bangladesh,EMP_klr,Exchange Market Pressure index (KLR 1998 two-component),Monthly,2018-M06,-0.0028253518375263,Index (unitless),CALCULATED,Calculated from IMF IL reserves-excl-gold and IMF ER EOP exchange rate (see RESEARCH_LEDGER.md and 03_EMP.do),True,"VERIFIED (locked methodology, not recomputed here)",
BGD,Bangladesh,EMP_klr,Exchange Market Pressure index (KLR 1998 two-component),Monthly,2018-M07,0.0044048361237228,Index (unitless),CALCULATED,Calculated from IMF IL reserves-excl-gold and IMF ER EOP exchange rate (see RESEARCH_LEDGER.md and 03_EMP.do),True,"VERIFIED (locked methodology, not recomputed here)",
BGD,Bangladesh,EMP_klr,Exchange Market Pressure index (KLR 1998 two-component),Monthly,2018-M08,-0.0042396930292703,Index (unitless),CALCULATED,Calculated from IMF IL reserves-excl-gold and IMF ER EOP exchange rate (see RESEARCH_LEDGER.md and 03_EMP.do),True,"VERIFIED (locked methodology, not recomputed here)",
BGD,Bangladesh,EMP_klr,Exchange Market Pressure index (KLR 1998 two-component),Monthly,2018-M09,0.0047938250332784,Index (unitless),CALCULATED,Calculated from IMF IL reserves-excl-gold and IMF ER EOP exchange rate (see RESEARCH_LEDGER.md and 03_EMP.do),True,"VERIFIED (locked methodology, not recomputed here)",
BGD,Bangladesh,EMP_klr,Exchange Market Pressure index (KLR 1998 two-component),Monthly,2018-M10,0.0006650015613152,Index (unitless),CALCULATED,Calculated from IMF IL reserves-excl-gold and IMF ER EOP exchange rate (see RESEARCH_LEDGER.md and 03_EMP.do),True,"VERIFIED (locked methodology, not recomputed here)",
BGD,Bangladesh,EMP_klr,Exchange Market Pressure index (KLR 1998 two-component),Monthly,2018-M11,0.0057770982042055,Index (unitless),CALCULATED,Calculated from IMF IL reserves-excl-gold and IMF ER EOP exchange rate (see RESEARCH_LEDGER.md and 03_EMP.do),True,"VERIFIED (locked methodology, not recomputed here)",
BGD,Bangladesh,EMP_klr,Exchange Market Pressure index (KLR 1998 two-component),Monthly,2018-M12,-0.0049575255187552,Index (unitless),CALCULATED,Calculated from IMF IL reserves-excl-gold and IMF ER EOP exchange rate (see RESEARCH_LEDGER.md and 03_EMP.do),True,"VERIFIED (locked methodology, not recomputed here)",
BGD,Bangladesh,EMP_klr,Exchange Market Pressure index (KLR 1998 two-component),Monthly,2019-M01,0.0044834664592022,Index (unitless),CALCULATED,Calculated from IMF IL reserves-excl-gold and IMF ER EOP exchange rate (see RESEARCH_LEDGER.md and 03_EMP.do),True,"VERIFIED (locked methodology, not recomputed here)",
BGD,Bangladesh,EMP_klr,Exchange Market Pressure index (KLR 1998 two-component),Monthly,2019-M02,-0.002615879063678,Index (unitless),CALCULATED,Calculated from IMF IL reserves-excl-gold and IMF ER EOP exchange rate (see RESEARCH_LEDGER.md and 03_EMP.do),True,"VERIFIED (locked methodology, not recomputed here)",
BGD,Bangladesh,EMP_klr,Exchange Market Pressure index (KLR 1998 two-component),Monthly,2019-M03,0.003606541474098,Index (unitless),CALCULATED,Calculated from IMF IL reserves-excl-gold and IMF ER EOP exchange rate (see RESEARCH_LEDGER.md and 03_EMP.do),True,"VERIFIED (locked methodology, not recomputed here)",
BGD,Bangladesh,EMP_klr,Exchange Market Pressure index (KLR 1998 two-component),Monthly,2019-M04,0.0004060411772235,Index (unitless),CALCULATED,Calculated from IMF IL reserves-excl-gold and IMF ER EOP exchange rate (see RESEARCH_LEDGER.md and 03_EMP.do),True,"VERIFIED (locked methodology, not recomputed here)",
BGD,Bangladesh,EMP_klr,Exchange Market Pressure index (KLR 1998 two-component),Monthly,2019-M05,0.0045964425736602,Index (unitless),CALCULATED,Calculated from IMF IL reserves-excl-gold and IMF ER EOP exchange rate (see RESEARCH_LEDGER.md and 03_EMP.do),True,"VERIFIED (locked methodology, not recomputed here)",
BGD,Bangladesh,EMP_klr,Exchange Market Pressure index (KLR 1998 two-component),Monthly,2019-M06,-0.0068952680464893,Index (unitless),CALCULATED,Calculated from IMF IL reserves-excl-gold and IMF ER EOP exchange rate (see RESEARCH_LEDGER.md and 03_EMP.do),True,"VERIFIED (locked methodology, not recomputed here)",
BGD,Bangladesh,EMP_klr,Exchange Market Pressure index (KLR 1998 two-component),Monthly,2019-M07,0.0031721655824849,Index (unitless),CALCULATED,Calculated from IMF IL reserves-excl-gold and IMF ER EOP exchange rate (see RESEARCH_LEDGER.md and 03_EMP.do),True,"VERIFIED (locked methodology, not recomputed here)",
BGD,Bangladesh,EMP_klr,Exchange Market Pressure index (KLR 1998 two-component),Monthly,2019-M08,-0.0032309435919921,Index (unitless),CALCULATED,Calculated from IMF IL reserves-excl-gold and IMF ER EOP exchange rate (see RESEARCH_LEDGER.md and 03_EMP.do),True,"VERIFIED (locked methodology, not recomputed here)",
BGD,Bangladesh,EMP_klr,Exchange Market Pressure index (KLR 1998 two-component),Monthly,2019-M09,0.0046306199534149,Index (unitless),CALCULATED,Calculated from IMF IL reserves-excl-gold and IMF ER EOP exchange rate (see RESEARCH_LEDGER.md and 03_EMP.do),True,"VERIFIED (locked methodology, not recomputed here)",
BGD,Bangladesh,EMP_klr,Exchange Market Pressure index (KLR 1998 two-component),Monthly,2019-M10,-0.0001916253186398,Index (unitless),CALCULATED,Calculated from IMF IL reserves-excl-gold and IMF ER EOP exchange rate (see RESEARCH_LEDGER.md and 03_EMP.do),True,"VERIFIED (locked methodology, not recomputed here)",
BGD,Bangladesh,EMP_klr,Exchange Market Pressure index (KLR 1998 two-component),Monthly,2019-M11,0.005288592754376,Index (unitless),CALCULATED,Calculated from IMF IL reserves-excl-gold and IMF ER EOP exchange rate (see RESEARCH_LEDGER.md and 03_EMP.do),True,"VERIFIED (locked methodology, not recomputed here)",
BGD,Bangladesh,EMP_klr,Exchange Market Pressure index (KLR 1998 two-component),Monthly,2019-M12,-0.0048563273213988,Index (unitless),CALCULATED,Calculated from IMF IL reserves-excl-gold and IMF ER EOP exchange rate (see RESEARCH_LEDGER.md and 03_EMP.do),True,"VERIFIED (locked methodology, not recomputed here)",
BGD,Bangladesh,EMP_klr,Exchange Market Pressure index (KLR 1998 two-component),Monthly,2020-M01,0.0016953772293003,Index (unitless),CALCULATED,Calculated from IMF IL reserves-excl-gold and IMF ER EOP exchange rate (see RESEARCH_LEDGER.md and 03_EMP.do),True,"VERIFIED (locked methodology, not recomputed here)",
BGD,Bangladesh,EMP_klr,Exchange Market Pressure index (KLR 1998 two-component),Monthly,2020-M02,-0.0023803251686329,Index (unitless),CALCULATED,Calculated from IMF IL reserves-excl-gold and IMF ER EOP exchange rate (see RESEARCH_LEDGER.md and 03_EMP.do),True,"VERIFIED (locked methodology, not recomputed here)",
BGD,Bangladesh,EMP_klr,Exchange Market Pressure index (KLR 1998 two-component),Monthly,2020-M03,0.0020030475943936,Index (unitless),CALCULATED,Calculated from IMF IL reserves-excl-gold and IMF ER EOP exchange rate (see RESEARCH_LEDGER.md and 03_EMP.do),True,"VERIFIED (locked methodology, not recomputed here)",
BGD,Bangladesh,EMP_klr,Exchange Market Pressure index (KLR 1998 two-component),Monthly,2020-M04,-0.0024152945725233,Index (unitless),CALCULATED,Calculated from IMF IL reserves-excl-gold and IMF ER EOP exchange rate (see RESEARCH_LEDGER.md and 03_EMP.do),True,"VERIFIED (locked methodology, not recomputed here)",
BGD,Bangladesh,EMP_klr,Exchange Market Pressure index (KLR 1998 two-component),Monthly,2020-M05,-0.0014865514419806,Index (unitless),CALCULATED,Calculated from IMF IL reserves-excl-gold and IMF ER EOP exchange rate (see RESEARCH_LEDGER.md and 03_EMP.do),True,"VERIFIED (locked methodology, not recomputed here)",
BGD,Bangladesh,EMP_klr,Exchange Market Pressure index (KLR 1998 two-component),Monthly,2020-M06,-0.0134841942965917,Index (unitless),CALCULATED,Calculated from IMF IL reserves-excl-gold and IMF ER EOP exchange rate (see RESEARCH_LEDGER.md and 03_EMP.do),True,"VERIFIED (locked methodology, not recomputed here)",
BGD,Bangladesh,EMP_klr,Exchange Market Pressure index (KLR 1998 two-component),Monthly,2020-M07,-0.006556707204845,Index (unitless),CALCULATED,Calculated from IMF IL reserves-excl-gold and IMF ER EOP exchange rate (see RESEARCH_LEDGER.md and 03_EMP.do),True,"VERIFIED (locked methodology, not recomputed here)",
BGD,Bangladesh,EMP_klr,Exchange Market Pressure index (KLR 1998 two-component),Monthly,2020-M08,-0.0074232089454932,Index (unitless),CALCULATED,Calculated from IMF IL reserves-excl-gold and IMF ER EOP exchange rate (see RESEARCH_LEDGER.md and 03_EMP.do),True,"VERIFIED (locked methodology, not recomputed here)",
BGD,Bangladesh,EMP_klr,Exchange Market Pressure index (KLR 1998 two-component),Monthly,2020-M09,-0.0011190918291243,Index (unitless),CALCULATED,Calculated from IMF IL reserves-excl-gold and IMF ER EOP exchange rate (see RESEARCH_LEDGER.md and 03_EMP.do),True,"VERIFIED (locked methodology, not recomputed here)",
BGD,Bangladesh,EMP_klr,Exchange Market Pressure index (KLR 1998 two-component),Monthly,2020-M10,-0.0075073084401082,Index (unitless),CALCULATED,Calculated from IMF IL reserves-excl-gold and IMF ER EOP exchange rate (see RESEARCH_LEDGER.md and 03_EMP.do),True,"VERIFIED (locked methodology, not recomputed here)",
BGD,Bangladesh,EMP_klr,Exchange Market Pressure index (KLR 1998 two-component),Monthly,2020-M11,-0.0013153089842626,Index (unitless),CALCULATED,Calculated from IMF IL reserves-excl-gold and IMF ER EOP exchange rate (see RESEARCH_LEDGER.md and 03_EMP.do),True,"VERIFIED (locked methodology, not recomputed here)",
BGD,Bangladesh,EMP_klr,Exchange Market Pressure index (KLR 1998 two-component),Monthly,2020-M12,-0.0073739925905144,Index (unitless),CALCULATED,Calculated from IMF IL reserves-excl-gold and IMF ER EOP exchange rate (see RESEARCH_LEDGER.md and 03_EMP.do),True,"VERIFIED (locked methodology, not recomputed here)",
BGD,Bangladesh,EMP_klr,Exchange Market Pressure index (KLR 1998 two-component),Monthly,2021-M01,0.0011519521716801,Index (unitless),CALCULATED,Calculated from IMF IL reserves-excl-gold and IMF ER EOP exchange rate (see RESEARCH_LEDGER.md and 03_EMP.do),True,"VERIFIED (locked methodology, not recomputed here)",
BGD,Bangladesh,EMP_klr,Exchange Market Pressure index (KLR 1998 two-component),Monthly,2021-M02,-0.0046582753788115,Index (unitless),CALCULATED,Calculated from IMF IL reserves-excl-gold and IMF ER EOP exchange rate (see RESEARCH_LEDGER.md and 03_EMP.do),True,"VERIFIED (locked methodology, not recomputed here)",
BGD,Bangladesh,EMP_klr,Exchange Market Pressure index (KLR 1998 two-component),Monthly,2021-M03,0.0020483143585204,Index (unitless),CALCULATED,Calculated from IMF IL reserves-excl-gold and IMF ER EOP exchange rate (see RESEARCH_LEDGER.md and 03_EMP.do),True,"VERIFIED (locked methodology, not recomputed here)",
BGD,Bangladesh,EMP_klr,Exchange Market Pressure index (KLR 1998 two-component),Monthly,2021-M04,-0.0055585237630089,Index (unitless),CALCULATED,Calculated from IMF IL reserves-excl-gold and IMF ER EOP exchange rate (see RESEARCH_LEDGER.md and 03_EMP.do),True,"VERIFIED (locked methodology, not recomputed here)",
BGD,Bangladesh,EMP_klr,Exchange Market Pressure index (KLR 1998 two-component),Monthly,2021-M05,0.0001730429062678,Index (unitless),CALCULATED,Calculated from IMF IL reserves-excl-gold and IMF ER EOP exchange rate (see RESEARCH_LEDGER.md and 03_EMP.do),True,"VERIFIED (locked methodology, not recomputed here)",
BGD,Bangladesh,EMP_klr,Exchange Market Pressure index (KLR 1998 two-component),Monthly,2021-M06,-0.0053063050922982,Index (unitless),CALCULATED,Calculated from IMF IL reserves-excl-gold and IMF ER EOP exchange rate (see RESEARCH_LEDGER.md and 03_EMP.do),True,"VERIFIED (locked methodology, not recomputed here)",
BGD,Bangladesh,EMP_klr,Exchange Market Pressure index (KLR 1998 two-component),Monthly,2021-M07,0.0018312521713819,Index (unitless),CALCULATED,Calculated from IMF IL reserves-excl-gold and IMF ER EOP exchange rate (see RESEARCH_LEDGER.md and 03_EMP.do),True,"VERIFIED (locked methodology, not recomputed here)",
BGD,Bangladesh,EMP_klr,Exchange Market Pressure index (KLR 1998 two-component),Monthly,2021-M08,-0.003215962210051,Index (unitless),CALCULATED,Calculated from IMF IL reserves-excl-gold and IMF ER EOP exchange rate (see RESEARCH_LEDGER.md and 03_EMP.do),True,"VERIFIED (locked methodology, not recomputed here)",
BGD,Bangladesh,EMP_klr,Exchange Market Pressure index (KLR 1998 two-component),Monthly,2021-M09,0.0098163221066745,Index (unitless),CALCULATED,Calculated from IMF IL reserves-excl-gold and IMF ER EOP exchange rate (see RESEARCH_LEDGER.md and 03_EMP.do),True,"VERIFIED (locked methodology, not recomputed here)",
BGD,Bangladesh,EMP_klr,Exchange Market Pressure index (KLR 1998 two-component),Monthly,2021-M10,0.0011460771471645,Index (unitless),CALCULATED,Calculated from IMF IL reserves-excl-gold and IMF ER EOP exchange rate (see RESEARCH_LEDGER.md and 03_EMP.do),True,"VERIFIED (locked methodology, not recomputed here)",
BGD,Bangladesh,EMP_klr,Exchange Market Pressure index (KLR 1998 two-component),Monthly,2021-M11,0.0070422080140558,Index (unitless),CALCULATED,Calculated from IMF IL reserves-excl-gold and IMF ER EOP exchange rate (see RESEARCH_LEDGER.md and 03_EMP.do),True,"VERIFIED (locked methodology, not recomputed here)",
BGD,Bangladesh,EMP_klr,Exchange Market Pressure index (KLR 1998 two-component),Monthly,2021-M12,-0.0046249966522831,Index (unitless),CALCULATED,Calculated from IMF IL reserves-excl-gold and IMF ER EOP exchange rate (see RESEARCH_LEDGER.md and 03_EMP.do),True,"VERIFIED (locked methodology, not recomputed here)",
BGD,Bangladesh,EMP_klr,Exchange Market Pressure index (KLR 1998 two-component),Monthly,2022-M01,0.0065924494748298,Index (unitless),CALCULATED,Calculated from IMF IL reserves-excl-gold and IMF ER EOP exchange rate (see RESEARCH_LEDGER.md and 03_EMP.do),True,"VERIFIED (locked methodology, not recomputed here)",
BGD,Bangladesh,EMP_klr,Exchange Market Pressure index (KLR 1998 two-component),Monthly,2022-M02,-0.0034808034528544,Index (unitless),CALCULATED,Calculated from IMF IL reserves-excl-gold and IMF ER EOP exchange rate (see RESEARCH_LEDGER.md and 03_EMP.do),True,"VERIFIED (locked methodology, not recomputed here)",
BGD,Bangladesh,EMP_klr,Exchange Market Pressure index (KLR 1998 two-component),Monthly,2022-M03,0.0088581331131369,Index (unitless),CALCULATED,Calculated from IMF IL reserves-excl-gold and IMF ER EOP exchange rate (see RESEARCH_LEDGER.md and 03_EMP.do),True,"VERIFIED (locked methodology, not recomputed here)",
BGD,Bangladesh,EMP_klr,Exchange Market Pressure index (KLR 1998 two-component),Monthly,2022-M04,0.0033366081912131,Index (unitless),CALCULATED,Calculated from IMF IL reserves-excl-gold and IMF ER EOP exchange rate (see RESEARCH_LEDGER.md and 03_EMP.do),True,"VERIFIED (locked methodology, not recomputed here)",
BGD,Bangladesh,EMP_klr,Exchange Market Pressure index (KLR 1998 two-component),Monthly,2022-M05,0.0361834925384597,Index (unitless),CALCULATED,Calculated from IMF IL reserves-excl-gold and IMF ER EOP exchange rate (see RESEARCH_LEDGER.md and 03_EMP.do),True,"VERIFIED (locked methodology, not recomputed here)",
BGD,Bangladesh,EMP_klr,Exchange Market Pressure index (KLR 1998 two-component),Monthly,2022-M06,0.051415655462235,Index (unitless),CALCULATED,Calculated from IMF IL reserves-excl-gold and IMF ER EOP exchange rate (see RESEARCH_LEDGER.md and 03_EMP.do),True,"VERIFIED (locked methodology, not recomputed here)",
BGD,Bangladesh,EMP_klr,Exchange Market Pressure index (KLR 1998 two-component),Monthly,2022-M07,0.0220225731691945,Index (unitless),CALCULATED,Calculated from IMF IL reserves-excl-gold and IMF ER EOP exchange rate (see RESEARCH_LEDGER.md and 03_EMP.do),True,"VERIFIED (locked methodology, not recomputed here)",
BGD,Bangladesh,EMP_klr,Exchange Market Pressure index (KLR 1998 two-component),Monthly,2022-M08,0.0053708882776689,Index (unitless),CALCULATED,Calculated from IMF IL reserves-excl-gold and IMF ER EOP exchange rate (see RESEARCH_LEDGER.md and 03_EMP.do),True,"VERIFIED (locked methodology, not recomputed here)",
BGD,Bangladesh,EMP_klr,Exchange Market Pressure index (KLR 1998 two-component),Monthly,2022-M09,0.0211417886898438,Index (unitless),CALCULATED,Calculated from IMF IL reserves-excl-gold and IMF ER EOP exchange rate (see RESEARCH_LEDGER.md and 03_EMP.do),True,"VERIFIED (locked methodology, not recomputed here)",
BGD,Bangladesh,EMP_klr,Exchange Market Pressure index (KLR 1998 two-component),Monthly,2022-M10,0.013570232309538,Index (unitless),CALCULATED,Calculated from IMF IL reserves-excl-gold and IMF ER EOP exchange rate (see RESEARCH_LEDGER.md and 03_EMP.do),True,"VERIFIED (locked methodology, not recomputed here)",
BGD,Bangladesh,EMP_klr,Exchange Market Pressure index (KLR 1998 two-component),Monthly,2022-M11,0.0198047201713453,Index (unitless),CALCULATED,Calculated from IMF IL reserves-excl-gold and IMF ER EOP exchange rate (see RESEARCH_LEDGER.md and 03_EMP.do),True,"VERIFIED (locked methodology, not recomputed here)",
BGD,Bangladesh,EMP_klr,Exchange Market Pressure index (KLR 1998 two-component),Monthly,2022-M12,0.0105323932325105,Index (unitless),CALCULATED,Calculated from IMF IL reserves-excl-gold and IMF ER EOP exchange rate (see RESEARCH_LEDGER.md and 03_EMP.do),True,"VERIFIED (locked methodology, not recomputed here)",
BGD,Bangladesh,EMP_klr,Exchange Market Pressure index (KLR 1998 two-component),Monthly,2023-M01,0.0178553808423139,Index (unitless),CALCULATED,Calculated from IMF IL reserves-excl-gold and IMF ER EOP exchange rate (see RESEARCH_LEDGER.md and 03_EMP.do),True,"VERIFIED (locked methodology, not recomputed here)",
BGD,Bangladesh,EMP_klr,Exchange Market Pressure index (KLR 1998 two-component),Monthly,2023-M02,0.0094580642133776,Index (unitless),CALCULATED,Calculated from IMF IL reserves-excl-gold and IMF ER EOP exchange rate (see RESEARCH_LEDGER.md and 03_EMP.do),True,"VERIFIED (locked methodology, not recomputed here)",
BGD,Bangladesh,EMP_klr,Exchange Market Pressure index (KLR 1998 two-component),Monthly,2023-M03,0.0160349650860806,Index (unitless),CALCULATED,Calculated from IMF IL reserves-excl-gold and IMF ER EOP exchange rate (see RESEARCH_LEDGER.md and 03_EMP.do),True,"VERIFIED (locked methodology, not recomputed here)",
BGD,Bangladesh,EMP_klr,Exchange Market Pressure index (KLR 1998 two-component),Monthly,2023-M04,0.010790393596769,Index (unitless),CALCULATED,Calculated from IMF IL reserves-excl-gold and IMF ER EOP exchange rate (see RESEARCH_LEDGER.md and 03_EMP.do),True,"VERIFIED (locked methodology, not recomputed here)",
BGD,Bangladesh,EMP_klr,Exchange Market Pressure index (KLR 1998 two-component),Monthly,2023-M05,0.0203837138348277,Index (unitless),CALCULATED,Calculated from IMF IL reserves-excl-gold and IMF ER EOP exchange rate (see RESEARCH_LEDGER.md and 03_EMP.do),True,"VERIFIED (locked methodology, not recomputed here)",
BGD,Bangladesh,EMP_klr,Exchange Market Pressure index (KLR 1998 two-component),Monthly,2023-M06,0.0427055235917718,Index (unitless),CALCULATED,Calculated from IMF IL reserves-excl-gold and IMF ER EOP exchange rate (see RESEARCH_LEDGER.md and 03_EMP.do),True,"VERIFIED (locked methodology, not recomputed here)",
BGD,Bangladesh,EMP_klr,Exchange Market Pressure index (KLR 1998 two-component),Monthly,2023-M07,0.0377466982026377,Index (unitless),CALCULATED,Calculated from IMF IL reserves-excl-gold and IMF ER EOP exchange rate (see RESEARCH_LEDGER.md and 03_EMP.do),True,"VERIFIED (locked methodology, not recomputed here)",
BGD,Bangladesh,EMP_klr,Exchange Market Pressure index (KLR 1998 two-component),Monthly,2023-M08,0.0054477332598489,Index (unitless),CALCULATED,Calculated from IMF IL reserves-excl-gold and IMF ER EOP exchange rate (see RESEARCH_LEDGER.md and 03_EMP.do),True,"VERIFIED (locked methodology, not recomputed here)",
BGD,Bangladesh,EMP_klr,Exchange Market Pressure index (KLR 1998 two-component),Monthly,2023-M09,0.0224917142410971,Index (unitless),CALCULATED,Calculated from IMF IL reserves-excl-gold and IMF ER EOP exchange rate (see RESEARCH_LEDGER.md and 03_EMP.do),True,"VERIFIED (locked methodology, not recomputed here)",
BGD,Bangladesh,EMP_klr,Exchange Market Pressure index (KLR 1998 two-component),Monthly,2023-M10,0.0053706244806191,Index (unitless),CALCULATED,Calculated from IMF IL reserves-excl-gold and IMF ER EOP exchange rate (see RESEARCH_LEDGER.md and 03_EMP.do),True,"VERIFIED (locked methodology, not recomputed here)",
BGD,Bangladesh,EMP_klr,Exchange Market Pressure index (KLR 1998 two-component),Monthly,2023-M11,0.0117528069986777,Index (unitless),CALCULATED,Calculated from IMF IL reserves-excl-gold and IMF ER EOP exchange rate (see RESEARCH_LEDGER.md and 03_EMP.do),True,"VERIFIED (locked methodology, not recomputed here)",
BGD,Bangladesh,EMP_klr,Exchange Market Pressure index (KLR 1998 two-component),Monthly,2023-M12,-0.026982752213505,Index (unitless),CALCULATED,Calculated from IMF IL reserves-excl-gold and IMF ER EOP exchange rate (see RESEARCH_LEDGER.md and 03_EMP.do),True,"VERIFIED (locked methodology, not recomputed here)",
BGD,Bangladesh,EMP_klr,Exchange Market Pressure index (KLR 1998 two-component),Monthly,2024-M01,0.014657971061243,Index (unitless),CALCULATED,Calculated from IMF IL reserves-excl-gold and IMF ER EOP exchange rate (see RESEARCH_LEDGER.md and 03_EMP.do),True,"VERIFIED (locked methodology, not recomputed here)",
BGD,Bangladesh,EMP_klr,Exchange Market Pressure index (KLR 1998 two-component),Monthly,2024-M02,-0.0069706936920968,Index (unitless),CALCULATED,Calculated from IMF IL reserves-excl-gold and IMF ER EOP exchange rate (see RESEARCH_LEDGER.md and 03_EMP.do),True,"VERIFIED (locked methodology, not recomputed here)",
BGD,Bangladesh,EMP_klr,Exchange Market Pressure index (KLR 1998 two-component),Monthly,2024-M03,0.0077446311751726,Index (unitless),CALCULATED,Calculated from IMF IL reserves-excl-gold and IMF ER EOP exchange rate (see RESEARCH_LEDGER.md and 03_EMP.do),True,"VERIFIED (locked methodology, not recomputed here)",
BGD,Bangladesh,EMP_klr,Exchange Market Pressure index (KLR 1998 two-component),Monthly,2024-M04,-6.939306746995083e-05,Index (unitless),CALCULATED,Calculated from IMF IL reserves-excl-gold and IMF ER EOP exchange rate (see RESEARCH_LEDGER.md and 03_EMP.do),True,"VERIFIED (locked methodology, not recomputed here)",
BGD,Bangladesh,EMP_klr,Exchange Market Pressure index (KLR 1998 two-component),Monthly,2024-M05,0.0814024852661557,Index (unitless),CALCULATED,Calculated from IMF IL reserves-excl-gold and IMF ER EOP exchange rate (see RESEARCH_LEDGER.md and 03_EMP.do),True,"VERIFIED (locked methodology, not recomputed here)",
BGD,Bangladesh,EMP_klr,Exchange Market Pressure index (KLR 1998 two-component),Monthly,2024-M06,-0.0254588478805591,Index (unitless),CALCULATED,Calculated from IMF IL reserves-excl-gold and IMF ER EOP exchange rate (see RESEARCH_LEDGER.md and 03_EMP.do),True,"VERIFIED (locked methodology, not recomputed here)",
BGD,Bangladesh,EMP_klr,Exchange Market Pressure index (KLR 1998 two-component),Monthly,2024-M07,0.0102791738331722,Index (unitless),CALCULATED,Calculated from IMF IL reserves-excl-gold and IMF ER EOP exchange rate (see RESEARCH_LEDGER.md and 03_EMP.do),True,"VERIFIED (locked methodology, not recomputed here)",
BGD,Bangladesh,EMP_klr,Exchange Market Pressure index (KLR 1998 two-component),Monthly,2024-M08,0.0168161411267867,Index (unitless),CALCULATED,Calculated from IMF IL reserves-excl-gold and IMF ER EOP exchange rate (see RESEARCH_LEDGER.md and 03_EMP.do),True,"VERIFIED (locked methodology, not recomputed here)",
BGD,Bangladesh,EMP_klr,Exchange Market Pressure index (KLR 1998 two-component),Monthly,2024-M09,0.0056758749394355,Index (unitless),CALCULATED,Calculated from IMF IL reserves-excl-gold and IMF ER EOP exchange rate (see RESEARCH_LEDGER.md and 03_EMP.do),True,"VERIFIED (locked methodology, not recomputed here)",
BGD,Bangladesh,EMP_klr,Exchange Market Pressure index (KLR 1998 two-component),Monthly,2024-M10,0.000720858632199,Index (unitless),CALCULATED,Calculated from IMF IL reserves-excl-gold and IMF ER EOP exchange rate (see RESEARCH_LEDGER.md and 03_EMP.do),True,"VERIFIED (locked methodology, not recomputed here)",
BGD,Bangladesh,EMP_klr,Exchange Market Pressure index (KLR 1998 two-component),Monthly,2024-M11,0.0100639076408911,Index (unitless),CALCULATED,Calculated from IMF IL reserves-excl-gold and IMF ER EOP exchange rate (see RESEARCH_LEDGER.md and 03_EMP.do),True,"VERIFIED (locked methodology, not recomputed here)",
BGD,Bangladesh,EMP_klr,Exchange Market Pressure index (KLR 1998 two-component),Monthly,2024-M12,-0.0259401942812424,Index (unitless),CALCULATED,Calculated from IMF IL reserves-excl-gold and IMF ER EOP exchange rate (see RESEARCH_LEDGER.md and 03_EMP.do),True,"VERIFIED (locked methodology, not recomputed here)",
BGD,Bangladesh,EMP_klr,Exchange Market Pressure index (KLR 1998 two-component),Monthly,2025-M01,0.0280589593154474,Index (unitless),CALCULATED,Calculated from IMF IL reserves-excl-gold and IMF ER EOP exchange rate (see RESEARCH_LEDGER.md and 03_EMP.do),True,"VERIFIED (locked methodology, not recomputed here)",
BGD,Bangladesh,EMP_klr,Exchange Market Pressure index (KLR 1998 two-component),Monthly,2025-M02,-0.00721743987193,Index (unitless),CALCULATED,Calculated from IMF IL reserves-excl-gold and IMF ER EOP exchange rate (see RESEARCH_LEDGER.md and 03_EMP.do),True,"VERIFIED (locked methodology, not recomputed here)",
BGD,Bangladesh,EMP_klr,Exchange Market Pressure index (KLR 1998 two-component),Monthly,2025-M03,0.0051710161370839,Index (unitless),CALCULATED,Calculated from IMF IL reserves-excl-gold and IMF ER EOP exchange rate (see RESEARCH_LEDGER.md and 03_EMP.do),True,"VERIFIED (locked methodology, not recomputed here)",
BGD,Bangladesh,EMP_klr,Exchange Market Pressure index (KLR 1998 two-component),Monthly,2025-M04,-0.0128354125066801,Index (unitless),CALCULATED,Calculated from IMF IL reserves-excl-gold and IMF ER EOP exchange rate (see RESEARCH_LEDGER.md and 03_EMP.do),True,"VERIFIED (locked methodology, not recomputed here)",
BGD,Bangladesh,EMP_klr,Exchange Market Pressure index (KLR 1998 two-component),Monthly,2025-M05,0.019000640725178,Index (unitless),CALCULATED,Calculated from IMF IL reserves-excl-gold and IMF ER EOP exchange rate (see RESEARCH_LEDGER.md and 03_EMP.do),True,"VERIFIED (locked methodology, not recomputed here)",
BGD,Bangladesh,EMP_klr,Exchange Market Pressure index (KLR 1998 two-component),Monthly,2025-M06,-0.0538524437087627,Index (unitless),CALCULATED,Calculated from IMF IL reserves-excl-gold and IMF ER EOP exchange rate (see RESEARCH_LEDGER.md and 03_EMP.do),True,"VERIFIED (locked methodology, not recomputed here)",
BGD,Bangladesh,EMP_klr,Exchange Market Pressure index (KLR 1998 two-component),Monthly,2025-M07,0.0113635277538092,Index (unitless),CALCULATED,Calculated from IMF IL reserves-excl-gold and IMF ER EOP exchange rate (see RESEARCH_LEDGER.md and 03_EMP.do),True,"VERIFIED (locked methodology, not recomputed here)",
BGD,Bangladesh,EMP_klr,Exchange Market Pressure index (KLR 1998 two-component),Monthly,2025-M08,-0.0173185404478516,Index (unitless),CALCULATED,Calculated from IMF IL reserves-excl-gold and IMF ER EOP exchange rate (see RESEARCH_LEDGER.md and 03_EMP.do),True,"VERIFIED (locked methodology, not recomputed here)",
BGD,Bangladesh,EMP_klr,Exchange Market Pressure index (KLR 1998 two-component),Monthly,2025-M09,-0.0003245218527624,Index (unitless),CALCULATED,Calculated from IMF IL reserves-excl-gold and IMF ER EOP exchange rate (see RESEARCH_LEDGER.md and 03_EMP.do),True,"VERIFIED (locked methodology, not recomputed here)",
BGD,Bangladesh,EMP_klr,Exchange Market Pressure index (KLR 1998 two-component),Monthly,2025-M10,-0.0015215056683751,Index (unitless),CALCULATED,Calculated from IMF IL reserves-excl-gold and IMF ER EOP exchange rate (see RESEARCH_LEDGER.md and 03_EMP.do),True,"VERIFIED (locked methodology, not recomputed here)",
BGD,Bangladesh,EMP_klr,Exchange Market Pressure index (KLR 1998 two-component),Monthly,2025-M11,0.0074873116240833,Index (unitless),CALCULATED,Calculated from IMF IL reserves-excl-gold and IMF ER EOP exchange rate (see RESEARCH_LEDGER.md and 03_EMP.do),True,"VERIFIED (locked methodology, not recomputed here)",
BGD,Bangladesh,EMP_klr,Exchange Market Pressure index (KLR 1998 two-component),Monthly,2025-M12,-0.0132169471582429,Index (unitless),CALCULATED,Calculated from IMF IL reserves-excl-gold and IMF ER EOP exchange rate (see RESEARCH_LEDGER.md and 03_EMP.do),True,"VERIFIED (locked methodology, not recomputed here)",
BGD,Bangladesh,EMP_klr,Exchange Market Pressure index (KLR 1998 two-component),Monthly,2026-M01,0.0021195542407213,Index (unitless),CALCULATED,Calculated from IMF IL reserves-excl-gold and IMF ER EOP exchange rate (see RESEARCH_LEDGER.md and 03_EMP.do),True,"VERIFIED (locked methodology, not recomputed here)",
BGD,Bangladesh,EMP_klr,Exchange Market Pressure index (KLR 1998 two-component),Monthly,2026-M02,-0.0110671648559423,Index (unitless),CALCULATED,Calculated from IMF IL reserves-excl-gold and IMF ER EOP exchange rate (see RESEARCH_LEDGER.md and 03_EMP.do),True,"VERIFIED (locked methodology, not recomputed here)",
BGD,Bangladesh,EMP_klr,Exchange Market Pressure index (KLR 1998 two-component),Monthly,2026-M03,0.007381167607346,Index (unitless),CALCULATED,Calculated from IMF IL reserves-excl-gold and IMF ER EOP exchange rate (see RESEARCH_LEDGER.md and 03_EMP.do),True,"VERIFIED (locked methodology, not recomputed here)",
BGD,Bangladesh,EMP_klr,Exchange Market Pressure index (KLR 1998 two-component),Monthly,2026-M04,-0.0061679956903877,Index (unitless),CALCULATED,Calculated from IMF IL reserves-excl-gold and IMF ER EOP exchange rate (see RESEARCH_LEDGER.md and 03_EMP.do),True,"VERIFIED (locked methodology, not recomputed here)",
BGD,Bangladesh,EMP_klr,Exchange Market Pressure index (KLR 1998 two-component),Monthly,2026-M05,0.0034039904612956,Index (unitless),CALCULATED,Calculated from IMF IL reserves-excl-gold and IMF ER EOP exchange rate (see RESEARCH_LEDGER.md and 03_EMP.do),True,"VERIFIED (locked methodology, not recomputed here)",
BGD,Bangladesh,EMP_klr,Exchange Market Pressure index (KLR 1998 two-component),Monthly,2026-M06,-0.0184045197068918,Index (unitless),CALCULATED,Calculated from IMF IL reserves-excl-gold and IMF ER EOP exchange rate (see RESEARCH_LEDGER.md and 03_EMP.do),True,"VERIFIED (locked methodology, not recomputed here)",
PAK,Pakistan,EMP_klr,Exchange Market Pressure index (KLR 1998 two-component),Monthly,2018-M02,0.0181121280485125,Index (unitless),CALCULATED,Calculated from IMF IL reserves-excl-gold and IMF ER EOP exchange rate (see RESEARCH_LEDGER.md and 03_EMP.do),True,"VERIFIED (locked methodology, not recomputed here)",
PAK,Pakistan,EMP_klr,Exchange Market Pressure index (KLR 1998 two-component),Monthly,2018-M03,0.0607017659960143,Index (unitless),CALCULATED,Calculated from IMF IL reserves-excl-gold and IMF ER EOP exchange rate (see RESEARCH_LEDGER.md and 03_EMP.do),True,"VERIFIED (locked methodology, not recomputed here)",
PAK,Pakistan,EMP_klr,Exchange Market Pressure index (KLR 1998 two-component),Monthly,2018-M04,0.0039624398062262,Index (unitless),CALCULATED,Calculated from IMF IL reserves-excl-gold and IMF ER EOP exchange rate (see RESEARCH_LEDGER.md and 03_EMP.do),True,"VERIFIED (locked methodology, not recomputed here)",
PAK,Pakistan,EMP_klr,Exchange Market Pressure index (KLR 1998 two-component),Monthly,2018-M05,0.0353037099419616,Index (unitless),CALCULATED,Calculated from IMF IL reserves-excl-gold and IMF ER EOP exchange rate (see RESEARCH_LEDGER.md and 03_EMP.do),True,"VERIFIED (locked methodology, not recomputed here)",
PAK,Pakistan,EMP_klr,Exchange Market Pressure index (KLR 1998 two-component),Monthly,2018-M06,0.0589703660321037,Index (unitless),CALCULATED,Calculated from IMF IL reserves-excl-gold and IMF ER EOP exchange rate (see RESEARCH_LEDGER.md and 03_EMP.do),True,"VERIFIED (locked methodology, not recomputed here)",
PAK,Pakistan,EMP_klr,Exchange Market Pressure index (KLR 1998 two-component),Monthly,2018-M07,0.0057611251529903,Index (unitless),CALCULATED,Calculated from IMF IL reserves-excl-gold and IMF ER EOP exchange rate (see RESEARCH_LEDGER.md and 03_EMP.do),True,"VERIFIED (locked methodology, not recomputed here)",
PAK,Pakistan,EMP_klr,Exchange Market Pressure index (KLR 1998 two-component),Monthly,2018-M08,0.0071287167754825,Index (unitless),CALCULATED,Calculated from IMF IL reserves-excl-gold and IMF ER EOP exchange rate (see RESEARCH_LEDGER.md and 03_EMP.do),True,"VERIFIED (locked methodology, not recomputed here)",
PAK,Pakistan,EMP_klr,Exchange Market Pressure index (KLR 1998 two-component),Monthly,2018-M09,0.0357417962047205,Index (unitless),CALCULATED,Calculated from IMF IL reserves-excl-gold and IMF ER EOP exchange rate (see RESEARCH_LEDGER.md and 03_EMP.do),True,"VERIFIED (locked methodology, not recomputed here)",
PAK,Pakistan,EMP_klr,Exchange Market Pressure index (KLR 1998 two-component),Monthly,2018-M10,0.0870496553909884,Index (unitless),CALCULATED,Calculated from IMF IL reserves-excl-gold and IMF ER EOP exchange rate (see RESEARCH_LEDGER.md and 03_EMP.do),True,"VERIFIED (locked methodology, not recomputed here)",
PAK,Pakistan,EMP_klr,Exchange Market Pressure index (KLR 1998 two-component),Monthly,2018-M11,0.0648033123934936,Index (unitless),CALCULATED,Calculated from IMF IL reserves-excl-gold and IMF ER EOP exchange rate (see RESEARCH_LEDGER.md and 03_EMP.do),True,"VERIFIED (locked methodology, not recomputed here)",
PAK,Pakistan,EMP_klr,Exchange Market Pressure index (KLR 1998 two-component),Monthly,2018-M12,-0.0015653702925993,Index (unitless),CALCULATED,Calculated from IMF IL reserves-excl-gold and IMF ER EOP exchange rate (see RESEARCH_LEDGER.md and 03_EMP.do),True,"VERIFIED (locked methodology, not recomputed here)",
PAK,Pakistan,EMP_klr,Exchange Market Pressure index (KLR 1998 two-component),Monthly,2019-M01,-0.0328211775763015,Index (unitless),CALCULATED,Calculated from IMF IL reserves-excl-gold and IMF ER EOP exchange rate (see RESEARCH_LEDGER.md and 03_EMP.do),True,"VERIFIED (locked methodology, not recomputed here)",
PAK,Pakistan,EMP_klr,Exchange Market Pressure index (KLR 1998 two-component),Monthly,2019-M02,0.0092241577178447,Index (unitless),CALCULATED,Calculated from IMF IL reserves-excl-gold and IMF ER EOP exchange rate (see RESEARCH_LEDGER.md and 03_EMP.do),True,"VERIFIED (locked methodology, not recomputed here)",
PAK,Pakistan,EMP_klr,Exchange Market Pressure index (KLR 1998 two-component),Monthly,2019-M03,-0.0640171776503963,Index (unitless),CALCULATED,Calculated from IMF IL reserves-excl-gold and IMF ER EOP exchange rate (see RESEARCH_LEDGER.md and 03_EMP.do),True,"VERIFIED (locked methodology, not recomputed here)",
PAK,Pakistan,EMP_klr,Exchange Market Pressure index (KLR 1998 two-component),Monthly,2019-M04,0.0463658480764915,Index (unitless),CALCULATED,Calculated from IMF IL reserves-excl-gold and IMF ER EOP exchange rate (see RESEARCH_LEDGER.md and 03_EMP.do),True,"VERIFIED (locked methodology, not recomputed here)",
PAK,Pakistan,EMP_klr,Exchange Market Pressure index (KLR 1998 two-component),Monthly,2019-M05,0.0747952612099498,Index (unitless),CALCULATED,Calculated from IMF IL reserves-excl-gold and IMF ER EOP exchange rate (see RESEARCH_LEDGER.md and 03_EMP.do),True,"VERIFIED (locked methodology, not recomputed here)",
PAK,Pakistan,EMP_klr,Exchange Market Pressure index (KLR 1998 two-component),Monthly,2019-M06,0.1169799709321423,Index (unitless),CALCULATED,Calculated from IMF IL reserves-excl-gold and IMF ER EOP exchange rate (see RESEARCH_LEDGER.md and 03_EMP.do),True,"VERIFIED (locked methodology, not recomputed here)",
PAK,Pakistan,EMP_klr,Exchange Market Pressure index (KLR 1998 two-component),Monthly,2019-M07,-0.0405086813496584,Index (unitless),CALCULATED,Calculated from IMF IL reserves-excl-gold and IMF ER EOP exchange rate (see RESEARCH_LEDGER.md and 03_EMP.do),True,"VERIFIED (locked methodology, not recomputed here)",
PAK,Pakistan,EMP_klr,Exchange Market Pressure index (KLR 1998 two-component),Monthly,2019-M08,-0.0354539220255291,Index (unitless),CALCULATED,Calculated from IMF IL reserves-excl-gold and IMF ER EOP exchange rate (see RESEARCH_LEDGER.md and 03_EMP.do),True,"VERIFIED (locked methodology, not recomputed here)",
PAK,Pakistan,EMP_klr,Exchange Market Pressure index (KLR 1998 two-component),Monthly,2019-M09,0.0134304885872726,Index (unitless),CALCULATED,Calculated from IMF IL reserves-excl-gold and IMF ER EOP exchange rate (see RESEARCH_LEDGER.md and 03_EMP.do),True,"VERIFIED (locked methodology, not recomputed here)",
PAK,Pakistan,EMP_klr,Exchange Market Pressure index (KLR 1998 two-component),Monthly,2019-M10,-0.0068033852516539,Index (unitless),CALCULATED,Calculated from IMF IL reserves-excl-gold and IMF ER EOP exchange rate (see RESEARCH_LEDGER.md and 03_EMP.do),True,"VERIFIED (locked methodology, not recomputed here)",
PAK,Pakistan,EMP_klr,Exchange Market Pressure index (KLR 1998 two-component),Monthly,2019-M11,-0.0375482836889613,Index (unitless),CALCULATED,Calculated from IMF IL reserves-excl-gold and IMF ER EOP exchange rate (see RESEARCH_LEDGER.md and 03_EMP.do),True,"VERIFIED (locked methodology, not recomputed here)",
PAK,Pakistan,EMP_klr,Exchange Market Pressure index (KLR 1998 two-component),Monthly,2019-M12,-0.0683454130188269,Index (unitless),CALCULATED,Calculated from IMF IL reserves-excl-gold and IMF ER EOP exchange rate (see RESEARCH_LEDGER.md and 03_EMP.do),True,"VERIFIED (locked methodology, not recomputed here)",
PAK,Pakistan,EMP_klr,Exchange Market Pressure index (KLR 1998 two-component),Monthly,2020-M01,-0.019095528621858,Index (unitless),CALCULATED,Calculated from IMF IL reserves-excl-gold and IMF ER EOP exchange rate (see RESEARCH_LEDGER.md and 03_EMP.do),True,"VERIFIED (locked methodology, not recomputed here)",
PAK,Pakistan,EMP_klr,Exchange Market Pressure index (KLR 1998 two-component),Monthly,2020-M02,-0.0134018980959702,Index (unitless),CALCULATED,Calculated from IMF IL reserves-excl-gold and IMF ER EOP exchange rate (see RESEARCH_LEDGER.md and 03_EMP.do),True,"VERIFIED (locked methodology, not recomputed here)",
PAK,Pakistan,EMP_klr,Exchange Market Pressure index (KLR 1998 two-component),Monthly,2020-M03,0.1099851702573329,Index (unitless),CALCULATED,Calculated from IMF IL reserves-excl-gold and IMF ER EOP exchange rate (see RESEARCH_LEDGER.md and 03_EMP.do),True,"VERIFIED (locked methodology, not recomputed here)",
PAK,Pakistan,EMP_klr,Exchange Market Pressure index (KLR 1998 two-component),Monthly,2020-M04,-0.0542732901977244,Index (unitless),CALCULATED,Calculated from IMF IL reserves-excl-gold and IMF ER EOP exchange rate (see RESEARCH_LEDGER.md and 03_EMP.do),True,"VERIFIED (locked methodology, not recomputed here)",
PAK,Pakistan,EMP_klr,Exchange Market Pressure index (KLR 1998 two-component),Monthly,2020-M05,0.0493771318234844,Index (unitless),CALCULATED,Calculated from IMF IL reserves-excl-gold and IMF ER EOP exchange rate (see RESEARCH_LEDGER.md and 03_EMP.do),True,"VERIFIED (locked methodology, not recomputed here)",
PAK,Pakistan,EMP_klr,Exchange Market Pressure index (KLR 1998 two-component),Monthly,2020-M06,0.0227642089816056,Index (unitless),CALCULATED,Calculated from IMF IL reserves-excl-gold and IMF ER EOP exchange rate (see RESEARCH_LEDGER.md and 03_EMP.do),True,"VERIFIED (locked methodology, not recomputed here)",
PAK,Pakistan,EMP_klr,Exchange Market Pressure index (KLR 1998 two-component),Monthly,2020-M07,-0.0330170205995464,Index (unitless),CALCULATED,Calculated from IMF IL reserves-excl-gold and IMF ER EOP exchange rate (see RESEARCH_LEDGER.md and 03_EMP.do),True,"VERIFIED (locked methodology, not recomputed here)",
PAK,Pakistan,EMP_klr,Exchange Market Pressure index (KLR 1998 two-component),Monthly,2020-M08,-0.0088901966916332,Index (unitless),CALCULATED,Calculated from IMF IL reserves-excl-gold and IMF ER EOP exchange rate (see RESEARCH_LEDGER.md and 03_EMP.do),True,"VERIFIED (locked methodology, not recomputed here)",
PAK,Pakistan,EMP_klr,Exchange Market Pressure index (KLR 1998 two-component),Monthly,2020-M09,0.0045549125376515,Index (unitless),CALCULATED,Calculated from IMF IL reserves-excl-gold and IMF ER EOP exchange rate (see RESEARCH_LEDGER.md and 03_EMP.do),True,"VERIFIED (locked methodology, not recomputed here)",
PAK,Pakistan,EMP_klr,Exchange Market Pressure index (KLR 1998 two-component),Monthly,2020-M10,-0.0291266712626074,Index (unitless),CALCULATED,Calculated from IMF IL reserves-excl-gold and IMF ER EOP exchange rate (see RESEARCH_LEDGER.md and 03_EMP.do),True,"VERIFIED (locked methodology, not recomputed here)",
PAK,Pakistan,EMP_klr,Exchange Market Pressure index (KLR 1998 two-component),Monthly,2020-M11,-0.027380315976916,Index (unitless),CALCULATED,Calculated from IMF IL reserves-excl-gold and IMF ER EOP exchange rate (see RESEARCH_LEDGER.md and 03_EMP.do),True,"VERIFIED (locked methodology, not recomputed here)",
PAK,Pakistan,EMP_klr,Exchange Market Pressure index (KLR 1998 two-component),Monthly,2020-M12,-0.0012103183694293,Index (unitless),CALCULATED,Calculated from IMF IL reserves-excl-gold and IMF ER EOP exchange rate (see RESEARCH_LEDGER.md and 03_EMP.do),True,"VERIFIED (locked methodology, not recomputed here)",
PAK,Pakistan,EMP_klr,Exchange Market Pressure index (KLR 1998 two-component),Monthly,2021-M01,0.0073032590425432,Index (unitless),CALCULATED,Calculated from IMF IL reserves-excl-gold and IMF ER EOP exchange rate (see RESEARCH_LEDGER.md and 03_EMP.do),True,"VERIFIED (locked methodology, not recomputed here)",
PAK,Pakistan,EMP_klr,Exchange Market Pressure index (KLR 1998 two-component),Monthly,2021-M02,-0.0135767038584887,Index (unitless),CALCULATED,Calculated from IMF IL reserves-excl-gold and IMF ER EOP exchange rate (see RESEARCH_LEDGER.md and 03_EMP.do),True,"VERIFIED (locked methodology, not recomputed here)",
PAK,Pakistan,EMP_klr,Exchange Market Pressure index (KLR 1998 two-component),Monthly,2021-M03,-0.0482070445359241,Index (unitless),CALCULATED,Calculated from IMF IL reserves-excl-gold and IMF ER EOP exchange rate (see RESEARCH_LEDGER.md and 03_EMP.do),True,"VERIFIED (locked methodology, not recomputed here)",
PAK,Pakistan,EMP_klr,Exchange Market Pressure index (KLR 1998 two-component),Monthly,2021-M04,-0.0311330998964057,Index (unitless),CALCULATED,Calculated from IMF IL reserves-excl-gold and IMF ER EOP exchange rate (see RESEARCH_LEDGER.md and 03_EMP.do),True,"VERIFIED (locked methodology, not recomputed here)",
PAK,Pakistan,EMP_klr,Exchange Market Pressure index (KLR 1998 two-component),Monthly,2021-M05,-0.0067899600598439,Index (unitless),CALCULATED,Calculated from IMF IL reserves-excl-gold and IMF ER EOP exchange rate (see RESEARCH_LEDGER.md and 03_EMP.do),True,"VERIFIED (locked methodology, not recomputed here)",
PAK,Pakistan,EMP_klr,Exchange Market Pressure index (KLR 1998 two-component),Monthly,2021-M06,0.0197453213115631,Index (unitless),CALCULATED,Calculated from IMF IL reserves-excl-gold and IMF ER EOP exchange rate (see RESEARCH_LEDGER.md and 03_EMP.do),True,"VERIFIED (locked methodology, not recomputed here)",
PAK,Pakistan,EMP_klr,Exchange Market Pressure index (KLR 1998 two-component),Monthly,2021-M07,0.0029046595921986,Index (unitless),CALCULATED,Calculated from IMF IL reserves-excl-gold and IMF ER EOP exchange rate (see RESEARCH_LEDGER.md and 03_EMP.do),True,"VERIFIED (locked methodology, not recomputed here)",
PAK,Pakistan,EMP_klr,Exchange Market Pressure index (KLR 1998 two-component),Monthly,2021-M08,-0.0144893109169824,Index (unitless),CALCULATED,Calculated from IMF IL reserves-excl-gold and IMF ER EOP exchange rate (see RESEARCH_LEDGER.md and 03_EMP.do),True,"VERIFIED (locked methodology, not recomputed here)",
PAK,Pakistan,EMP_klr,Exchange Market Pressure index (KLR 1998 two-component),Monthly,2021-M09,0.0400394630987066,Index (unitless),CALCULATED,Calculated from IMF IL reserves-excl-gold and IMF ER EOP exchange rate (see RESEARCH_LEDGER.md and 03_EMP.do),True,"VERIFIED (locked methodology, not recomputed here)",
PAK,Pakistan,EMP_klr,Exchange Market Pressure index (KLR 1998 two-component),Monthly,2021-M10,0.0367423682095352,Index (unitless),CALCULATED,Calculated from IMF IL reserves-excl-gold and IMF ER EOP exchange rate (see RESEARCH_LEDGER.md and 03_EMP.do),True,"VERIFIED (locked methodology, not recomputed here)",
PAK,Pakistan,EMP_klr,Exchange Market Pressure index (KLR 1998 two-component),Monthly,2021-M11,0.0450781894528852,Index (unitless),CALCULATED,Calculated from IMF IL reserves-excl-gold and IMF ER EOP exchange rate (see RESEARCH_LEDGER.md and 03_EMP.do),True,"VERIFIED (locked methodology, not recomputed here)",
PAK,Pakistan,EMP_klr,Exchange Market Pressure index (KLR 1998 two-component),Monthly,2021-M12,-0.026036636136707,Index (unitless),CALCULATED,Calculated from IMF IL reserves-excl-gold and IMF ER EOP exchange rate (see RESEARCH_LEDGER.md and 03_EMP.do),True,"VERIFIED (locked methodology, not recomputed here)",
PAK,Pakistan,EMP_klr,Exchange Market Pressure index (KLR 1998 two-component),Monthly,2022-M01,0.0335417054468724,Index (unitless),CALCULATED,Calculated from IMF IL reserves-excl-gold and IMF ER EOP exchange rate (see RESEARCH_LEDGER.md and 03_EMP.do),True,"VERIFIED (locked methodology, not recomputed here)",
PAK,Pakistan,EMP_klr,Exchange Market Pressure index (KLR 1998 two-component),Monthly,2022-M02,-0.0109725354967781,Index (unitless),CALCULATED,Calculated from IMF IL reserves-excl-gold and IMF ER EOP exchange rate (see RESEARCH_LEDGER.md and 03_EMP.do),True,"VERIFIED (locked methodology, not recomputed here)",
PAK,Pakistan,EMP_klr,Exchange Market Pressure index (KLR 1998 two-component),Monthly,2022-M03,0.1090348659258863,Index (unitless),CALCULATED,Calculated from IMF IL reserves-excl-gold and IMF ER EOP exchange rate (see RESEARCH_LEDGER.md and 03_EMP.do),True,"VERIFIED (locked methodology, not recomputed here)",
PAK,Pakistan,EMP_klr,Exchange Market Pressure index (KLR 1998 two-component),Monthly,2022-M04,0.0475927746169838,Index (unitless),CALCULATED,Calculated from IMF IL reserves-excl-gold and IMF ER EOP exchange rate (see RESEARCH_LEDGER.md and 03_EMP.do),True,"VERIFIED (locked methodology, not recomputed here)",
PAK,Pakistan,EMP_klr,Exchange Market Pressure index (KLR 1998 two-component),Monthly,2022-M05,0.0938467978886483,Index (unitless),CALCULATED,Calculated from IMF IL reserves-excl-gold and IMF ER EOP exchange rate (see RESEARCH_LEDGER.md and 03_EMP.do),True,"VERIFIED (locked methodology, not recomputed here)",
PAK,Pakistan,EMP_klr,Exchange Market Pressure index (KLR 1998 two-component),Monthly,2022-M06,0.0266382274555872,Index (unitless),CALCULATED,Calculated from IMF IL reserves-excl-gold and IMF ER EOP exchange rate (see RESEARCH_LEDGER.md and 03_EMP.do),True,"VERIFIED (locked methodology, not recomputed here)",
PAK,Pakistan,EMP_klr,Exchange Market Pressure index (KLR 1998 two-component),Monthly,2022-M07,0.222696227367046,Index (unitless),CALCULATED,Calculated from IMF IL reserves-excl-gold and IMF ER EOP exchange rate (see RESEARCH_LEDGER.md and 03_EMP.do),True,"VERIFIED (locked methodology, not recomputed here)",
PAK,Pakistan,EMP_klr,Exchange Market Pressure index (KLR 1998 two-component),Monthly,2022-M08,-0.0968857629238335,Index (unitless),CALCULATED,Calculated from IMF IL reserves-excl-gold and IMF ER EOP exchange rate (see RESEARCH_LEDGER.md and 03_EMP.do),True,"VERIFIED (locked methodology, not recomputed here)",
PAK,Pakistan,EMP_klr,Exchange Market Pressure index (KLR 1998 two-component),Monthly,2022-M09,0.0736679987204326,Index (unitless),CALCULATED,Calculated from IMF IL reserves-excl-gold and IMF ER EOP exchange rate (see RESEARCH_LEDGER.md and 03_EMP.do),True,"VERIFIED (locked methodology, not recomputed here)",
PAK,Pakistan,EMP_klr,Exchange Market Pressure index (KLR 1998 two-component),Monthly,2022-M10,-0.0721780718332188,Index (unitless),CALCULATED,Calculated from IMF IL reserves-excl-gold and IMF ER EOP exchange rate (see RESEARCH_LEDGER.md and 03_EMP.do),True,"VERIFIED (locked methodology, not recomputed here)",
PAK,Pakistan,EMP_klr,Exchange Market Pressure index (KLR 1998 two-component),Monthly,2022-M11,0.0506049160869137,Index (unitless),CALCULATED,Calculated from IMF IL reserves-excl-gold and IMF ER EOP exchange rate (see RESEARCH_LEDGER.md and 03_EMP.do),True,"VERIFIED (locked methodology, not recomputed here)",
PAK,Pakistan,EMP_klr,Exchange Market Pressure index (KLR 1998 two-component),Monthly,2022-M12,0.0984989399314749,Index (unitless),CALCULATED,Calculated from IMF IL reserves-excl-gold and IMF ER EOP exchange rate (see RESEARCH_LEDGER.md and 03_EMP.do),True,"VERIFIED (locked methodology, not recomputed here)",
PAK,Pakistan,EMP_klr,Exchange Market Pressure index (KLR 1998 two-component),Monthly,2023-M01,0.2906816455546978,Index (unitless),CALCULATED,Calculated from IMF IL reserves-excl-gold and IMF ER EOP exchange rate (see RESEARCH_LEDGER.md and 03_EMP.do),True,"VERIFIED (locked methodology, not recomputed here)",
PAK,Pakistan,EMP_klr,Exchange Market Pressure index (KLR 1998 two-component),Monthly,2023-M02,-0.0893452800664938,Index (unitless),CALCULATED,Calculated from IMF IL reserves-excl-gold and IMF ER EOP exchange rate (see RESEARCH_LEDGER.md and 03_EMP.do),True,"VERIFIED (locked methodology, not recomputed here)",
PAK,Pakistan,EMP_klr,Exchange Market Pressure index (KLR 1998 two-component),Monthly,2023-M03,0.0559488941913164,Index (unitless),CALCULATED,Calculated from IMF IL reserves-excl-gold and IMF ER EOP exchange rate (see RESEARCH_LEDGER.md and 03_EMP.do),True,"VERIFIED (locked methodology, not recomputed here)",
PAK,Pakistan,EMP_klr,Exchange Market Pressure index (KLR 1998 two-component),Monthly,2023-M04,-0.0205734867645051,Index (unitless),CALCULATED,Calculated from IMF IL reserves-excl-gold and IMF ER EOP exchange rate (see RESEARCH_LEDGER.md and 03_EMP.do),True,"VERIFIED (locked methodology, not recomputed here)",
PAK,Pakistan,EMP_klr,Exchange Market Pressure index (KLR 1998 two-component),Monthly,2023-M05,0.0493301425129398,Index (unitless),CALCULATED,Calculated from IMF IL reserves-excl-gold and IMF ER EOP exchange rate (see RESEARCH_LEDGER.md and 03_EMP.do),True,"VERIFIED (locked methodology, not recomputed here)",
PAK,Pakistan,EMP_klr,Exchange Market Pressure index (KLR 1998 two-component),Monthly,2023-M06,-0.0473983654984206,Index (unitless),CALCULATED,Calculated from IMF IL reserves-excl-gold and IMF ER EOP exchange rate (see RESEARCH_LEDGER.md and 03_EMP.do),True,"VERIFIED (locked methodology, not recomputed here)",
PAK,Pakistan,EMP_klr,Exchange Market Pressure index (KLR 1998 two-component),Monthly,2023-M07,-0.1996636601796242,Index (unitless),CALCULATED,Calculated from IMF IL reserves-excl-gold and IMF ER EOP exchange rate (see RESEARCH_LEDGER.md and 03_EMP.do),True,"VERIFIED (locked methodology, not recomputed here)",
PAK,Pakistan,EMP_klr,Exchange Market Pressure index (KLR 1998 two-component),Monthly,2023-M08,0.0770613672147489,Index (unitless),CALCULATED,Calculated from IMF IL reserves-excl-gold and IMF ER EOP exchange rate (see RESEARCH_LEDGER.md and 03_EMP.do),True,"VERIFIED (locked methodology, not recomputed here)",
PAK,Pakistan,EMP_klr,Exchange Market Pressure index (KLR 1998 two-component),Monthly,2023-M09,-0.0515125388621043,Index (unitless),CALCULATED,Calculated from IMF IL reserves-excl-gold and IMF ER EOP exchange rate (see RESEARCH_LEDGER.md and 03_EMP.do),True,"VERIFIED (locked methodology, not recomputed here)",
PAK,Pakistan,EMP_klr,Exchange Market Pressure index (KLR 1998 two-component),Monthly,2023-M10,-0.015713587729456,Index (unitless),CALCULATED,Calculated from IMF IL reserves-excl-gold and IMF ER EOP exchange rate (see RESEARCH_LEDGER.md and 03_EMP.do),True,"VERIFIED (locked methodology, not recomputed here)",
PAK,Pakistan,EMP_klr,Exchange Market Pressure index (KLR 1998 two-component),Monthly,2023-M11,0.0303397465984421,Index (unitless),CALCULATED,Calculated from IMF IL reserves-excl-gold and IMF ER EOP exchange rate (see RESEARCH_LEDGER.md and 03_EMP.do),True,"VERIFIED (locked methodology, not recomputed here)",
PAK,Pakistan,EMP_klr,Exchange Market Pressure index (KLR 1998 two-component),Monthly,2023-M12,-0.0591319447119518,Index (unitless),CALCULATED,Calculated from IMF IL reserves-excl-gold and IMF ER EOP exchange rate (see RESEARCH_LEDGER.md and 03_EMP.do),True,"VERIFIED (locked methodology, not recomputed here)",
PAK,Pakistan,EMP_klr,Exchange Market Pressure index (KLR 1998 two-component),Monthly,2024-M01,-0.0052705802548944,Index (unitless),CALCULATED,Calculated from IMF IL reserves-excl-gold and IMF ER EOP exchange rate (see RESEARCH_LEDGER.md and 03_EMP.do),True,"VERIFIED (locked methodology, not recomputed here)",
PAK,Pakistan,EMP_klr,Exchange Market Pressure index (KLR 1998 two-component),Monthly,2024-M02,0.0038371758987949,Index (unitless),CALCULATED,Calculated from IMF IL reserves-excl-gold and IMF ER EOP exchange rate (see RESEARCH_LEDGER.md and 03_EMP.do),True,"VERIFIED (locked methodology, not recomputed here)",
PAK,Pakistan,EMP_klr,Exchange Market Pressure index (KLR 1998 two-component),Monthly,2024-M03,-0.0067545215398999,Index (unitless),CALCULATED,Calculated from IMF IL reserves-excl-gold and IMF ER EOP exchange rate (see RESEARCH_LEDGER.md and 03_EMP.do),True,"VERIFIED (locked methodology, not recomputed here)",
PAK,Pakistan,EMP_klr,Exchange Market Pressure index (KLR 1998 two-component),Monthly,2024-M04,-0.0355236489130682,Index (unitless),CALCULATED,Calculated from IMF IL reserves-excl-gold and IMF ER EOP exchange rate (see RESEARCH_LEDGER.md and 03_EMP.do),True,"VERIFIED (locked methodology, not recomputed here)",
PAK,Pakistan,EMP_klr,Exchange Market Pressure index (KLR 1998 two-component),Monthly,2024-M05,0.0010325073977787,Index (unitless),CALCULATED,Calculated from IMF IL reserves-excl-gold and IMF ER EOP exchange rate (see RESEARCH_LEDGER.md and 03_EMP.do),True,"VERIFIED (locked methodology, not recomputed here)",
PAK,Pakistan,EMP_klr,Exchange Market Pressure index (KLR 1998 two-component),Monthly,2024-M06,-0.0085238276172277,Index (unitless),CALCULATED,Calculated from IMF IL reserves-excl-gold and IMF ER EOP exchange rate (see RESEARCH_LEDGER.md and 03_EMP.do),True,"VERIFIED (locked methodology, not recomputed here)",
PAK,Pakistan,EMP_klr,Exchange Market Pressure index (KLR 1998 two-component),Monthly,2024-M07,0.0063240227073242,Index (unitless),CALCULATED,Calculated from IMF IL reserves-excl-gold and IMF ER EOP exchange rate (see RESEARCH_LEDGER.md and 03_EMP.do),True,"VERIFIED (locked methodology, not recomputed here)",
PAK,Pakistan,EMP_klr,Exchange Market Pressure index (KLR 1998 two-component),Monthly,2024-M08,-0.0079148823937029,Index (unitless),CALCULATED,Calculated from IMF IL reserves-excl-gold and IMF ER EOP exchange rate (see RESEARCH_LEDGER.md and 03_EMP.do),True,"VERIFIED (locked methodology, not recomputed here)",
PAK,Pakistan,EMP_klr,Exchange Market Pressure index (KLR 1998 two-component),Monthly,2024-M09,-0.0395661766806856,Index (unitless),CALCULATED,Calculated from IMF IL reserves-excl-gold and IMF ER EOP exchange rate (see RESEARCH_LEDGER.md and 03_EMP.do),True,"VERIFIED (locked methodology, not recomputed here)",
PAK,Pakistan,EMP_klr,Exchange Market Pressure index (KLR 1998 two-component),Monthly,2024-M10,-0.0120354277984832,Index (unitless),CALCULATED,Calculated from IMF IL reserves-excl-gold and IMF ER EOP exchange rate (see RESEARCH_LEDGER.md and 03_EMP.do),True,"VERIFIED (locked methodology, not recomputed here)",
PAK,Pakistan,EMP_klr,Exchange Market Pressure index (KLR 1998 two-component),Monthly,2024-M11,-0.0191461668422057,Index (unitless),CALCULATED,Calculated from IMF IL reserves-excl-gold and IMF ER EOP exchange rate (see RESEARCH_LEDGER.md and 03_EMP.do),True,"VERIFIED (locked methodology, not recomputed here)",
PAK,Pakistan,EMP_klr,Exchange Market Pressure index (KLR 1998 two-component),Monthly,2024-M12,0.0085720711789042,Index (unitless),CALCULATED,Calculated from IMF IL reserves-excl-gold and IMF ER EOP exchange rate (see RESEARCH_LEDGER.md and 03_EMP.do),True,"VERIFIED (locked methodology, not recomputed here)",
PAK,Pakistan,EMP_klr,Exchange Market Pressure index (KLR 1998 two-component),Monthly,2025-M01,0.0088589755765917,Index (unitless),CALCULATED,Calculated from IMF IL reserves-excl-gold and IMF ER EOP exchange rate (see RESEARCH_LEDGER.md and 03_EMP.do),True,"VERIFIED (locked methodology, not recomputed here)",
PAK,Pakistan,EMP_klr,Exchange Market Pressure index (KLR 1998 two-component),Monthly,2025-M02,0.0062147275731071,Index (unitless),CALCULATED,Calculated from IMF IL reserves-excl-gold and IMF ER EOP exchange rate (see RESEARCH_LEDGER.md and 03_EMP.do),True,"VERIFIED (locked methodology, not recomputed here)",
PAK,Pakistan,EMP_klr,Exchange Market Pressure index (KLR 1998 two-component),Monthly,2025-M03,0.0167346246000654,Index (unitless),CALCULATED,Calculated from IMF IL reserves-excl-gold and IMF ER EOP exchange rate (see RESEARCH_LEDGER.md and 03_EMP.do),True,"VERIFIED (locked methodology, not recomputed here)",
PAK,Pakistan,EMP_klr,Exchange Market Pressure index (KLR 1998 two-component),Monthly,2025-M04,0.0114179559338065,Index (unitless),CALCULATED,Calculated from IMF IL reserves-excl-gold and IMF ER EOP exchange rate (see RESEARCH_LEDGER.md and 03_EMP.do),True,"VERIFIED (locked methodology, not recomputed here)",
PAK,Pakistan,EMP_klr,Exchange Market Pressure index (KLR 1998 two-component),Monthly,2025-M05,-0.0287606338216534,Index (unitless),CALCULATED,Calculated from IMF IL reserves-excl-gold and IMF ER EOP exchange rate (see RESEARCH_LEDGER.md and 03_EMP.do),True,"VERIFIED (locked methodology, not recomputed here)",
PAK,Pakistan,EMP_klr,Exchange Market Pressure index (KLR 1998 two-component),Monthly,2025-M06,-0.0669333792331529,Index (unitless),CALCULATED,Calculated from IMF IL reserves-excl-gold and IMF ER EOP exchange rate (see RESEARCH_LEDGER.md and 03_EMP.do),True,"VERIFIED (locked methodology, not recomputed here)",
PAK,Pakistan,EMP_klr,Exchange Market Pressure index (KLR 1998 two-component),Monthly,2025-M07,0.0005618076092836,Index (unitless),CALCULATED,Calculated from IMF IL reserves-excl-gold and IMF ER EOP exchange rate (see RESEARCH_LEDGER.md and 03_EMP.do),True,"VERIFIED (locked methodology, not recomputed here)",
PAK,Pakistan,EMP_klr,Exchange Market Pressure index (KLR 1998 two-component),Monthly,2025-M08,-0.0040239612328489,Index (unitless),CALCULATED,Calculated from IMF IL reserves-excl-gold and IMF ER EOP exchange rate (see RESEARCH_LEDGER.md and 03_EMP.do),True,"VERIFIED (locked methodology, not recomputed here)",
PAK,Pakistan,EMP_klr,Exchange Market Pressure index (KLR 1998 two-component),Monthly,2025-M09,0.0015145446500322,Index (unitless),CALCULATED,Calculated from IMF IL reserves-excl-gold and IMF ER EOP exchange rate (see RESEARCH_LEDGER.md and 03_EMP.do),True,"VERIFIED (locked methodology, not recomputed here)",
PAK,Pakistan,EMP_klr,Exchange Market Pressure index (KLR 1998 two-component),Monthly,2025-M10,-0.0076558935763358,Index (unitless),CALCULATED,Calculated from IMF IL reserves-excl-gold and IMF ER EOP exchange rate (see RESEARCH_LEDGER.md and 03_EMP.do),True,"VERIFIED (locked methodology, not recomputed here)",
PAK,Pakistan,EMP_klr,Exchange Market Pressure index (KLR 1998 two-component),Monthly,2025-M11,-0.0025984982810448,Index (unitless),CALCULATED,Calculated from IMF IL reserves-excl-gold and IMF ER EOP exchange rate (see RESEARCH_LEDGER.md and 03_EMP.do),True,"VERIFIED (locked methodology, not recomputed here)",
PAK,Pakistan,EMP_klr,Exchange Market Pressure index (KLR 1998 two-component),Monthly,2025-M12,-0.0304749892866482,Index (unitless),CALCULATED,Calculated from IMF IL reserves-excl-gold and IMF ER EOP exchange rate (see RESEARCH_LEDGER.md and 03_EMP.do),True,"VERIFIED (locked methodology, not recomputed here)",
PAK,Pakistan,EMP_klr,Exchange Market Pressure index (KLR 1998 two-component),Monthly,2026-M01,-0.0027078092272067,Index (unitless),CALCULATED,Calculated from IMF IL reserves-excl-gold and IMF ER EOP exchange rate (see RESEARCH_LEDGER.md and 03_EMP.do),True,"VERIFIED (locked methodology, not recomputed here)",
PAK,Pakistan,EMP_klr,Exchange Market Pressure index (KLR 1998 two-component),Monthly,2026-M02,-0.0041422930442353,Index (unitless),CALCULATED,Calculated from IMF IL reserves-excl-gold and IMF ER EOP exchange rate (see RESEARCH_LEDGER.md and 03_EMP.do),True,"VERIFIED (locked methodology, not recomputed here)",
PAK,Pakistan,EMP_klr,Exchange Market Pressure index (KLR 1998 two-component),Monthly,2026-M03,-0.0024019393710865,Index (unitless),CALCULATED,Calculated from IMF IL reserves-excl-gold and IMF ER EOP exchange rate (see RESEARCH_LEDGER.md and 03_EMP.do),True,"VERIFIED (locked methodology, not recomputed here)",
PAK,Pakistan,EMP_klr,Exchange Market Pressure index (KLR 1998 two-component),Monthly,2026-M04,0.0072042658704252,Index (unitless),CALCULATED,Calculated from IMF IL reserves-excl-gold and IMF ER EOP exchange rate (see RESEARCH_LEDGER.md and 03_EMP.do),True,"VERIFIED (locked methodology, not recomputed here)",
PAK,Pakistan,EMP_klr,Exchange Market Pressure index (KLR 1998 two-component),Monthly,2026-M05,-0.0236862831597299,Index (unitless),CALCULATED,Calculated from IMF IL reserves-excl-gold and IMF ER EOP exchange rate (see RESEARCH_LEDGER.md and 03_EMP.do),True,"VERIFIED (locked methodology, not recomputed here)",
PAK,Pakistan,EMP_klr,Exchange Market Pressure index (KLR 1998 two-component),Monthly,2026-M06,-0.0216104598593499,Index (unitless),CALCULATED,Calculated from IMF IL reserves-excl-gold and IMF ER EOP exchange rate (see RESEARCH_LEDGER.md and 03_EMP.do),True,"VERIFIED (locked methodology, not recomputed here)",
VNM,Vietnam,EMP_klr,Exchange Market Pressure index (KLR 1998 two-component),Monthly,2018-M02,-0.0068583064949883,Index (unitless),CALCULATED,Calculated from IMF IL reserves-excl-gold and IMF ER EOP exchange rate (see RESEARCH_LEDGER.md and 03_EMP.do),True,"VERIFIED (locked methodology, not recomputed here)",
VNM,Vietnam,EMP_klr,Exchange Market Pressure index (KLR 1998 two-component),Monthly,2018-M03,-0.0010886454671662,Index (unitless),CALCULATED,Calculated from IMF IL reserves-excl-gold and IMF ER EOP exchange rate (see RESEARCH_LEDGER.md and 03_EMP.do),True,"VERIFIED (locked methodology, not recomputed here)",
VNM,Vietnam,EMP_klr,Exchange Market Pressure index (KLR 1998 two-component),Monthly,2018-M04,0.0035901339661431,Index (unitless),CALCULATED,Calculated from IMF IL reserves-excl-gold and IMF ER EOP exchange rate (see RESEARCH_LEDGER.md and 03_EMP.do),True,"VERIFIED (locked methodology, not recomputed here)",
VNM,Vietnam,EMP_klr,Exchange Market Pressure index (KLR 1998 two-component),Monthly,2018-M05,0.001346301753011,Index (unitless),CALCULATED,Calculated from IMF IL reserves-excl-gold and IMF ER EOP exchange rate (see RESEARCH_LEDGER.md and 03_EMP.do),True,"VERIFIED (locked methodology, not recomputed here)",
VNM,Vietnam,EMP_klr,Exchange Market Pressure index (KLR 1998 two-component),Monthly,2018-M06,-0.0002974860628826,Index (unitless),CALCULATED,Calculated from IMF IL reserves-excl-gold and IMF ER EOP exchange rate (see RESEARCH_LEDGER.md and 03_EMP.do),True,"VERIFIED (locked methodology, not recomputed here)",
VNM,Vietnam,EMP_klr,Exchange Market Pressure index (KLR 1998 two-component),Monthly,2018-M07,0.0006850450062306,Index (unitless),CALCULATED,Calculated from IMF IL reserves-excl-gold and IMF ER EOP exchange rate (see RESEARCH_LEDGER.md and 03_EMP.do),True,"VERIFIED (locked methodology, not recomputed here)",
VNM,Vietnam,EMP_klr,Exchange Market Pressure index (KLR 1998 two-component),Monthly,2018-M08,0.0017593412523705,Index (unitless),CALCULATED,Calculated from IMF IL reserves-excl-gold and IMF ER EOP exchange rate (see RESEARCH_LEDGER.md and 03_EMP.do),True,"VERIFIED (locked methodology, not recomputed here)",
VNM,Vietnam,EMP_klr,Exchange Market Pressure index (KLR 1998 two-component),Monthly,2018-M09,0.0023043702396213,Index (unitless),CALCULATED,Calculated from IMF IL reserves-excl-gold and IMF ER EOP exchange rate (see RESEARCH_LEDGER.md and 03_EMP.do),True,"VERIFIED (locked methodology, not recomputed here)",
VNM,Vietnam,EMP_klr,Exchange Market Pressure index (KLR 1998 two-component),Monthly,2018-M10,0.0053411173854889,Index (unitless),CALCULATED,Calculated from IMF IL reserves-excl-gold and IMF ER EOP exchange rate (see RESEARCH_LEDGER.md and 03_EMP.do),True,"VERIFIED (locked methodology, not recomputed here)",
VNM,Vietnam,EMP_klr,Exchange Market Pressure index (KLR 1998 two-component),Monthly,2018-M11,0.001264826105937,Index (unitless),CALCULATED,Calculated from IMF IL reserves-excl-gold and IMF ER EOP exchange rate (see RESEARCH_LEDGER.md and 03_EMP.do),True,"VERIFIED (locked methodology, not recomputed here)",
VNM,Vietnam,EMP_klr,Exchange Market Pressure index (KLR 1998 two-component),Monthly,2018-M12,0.0022493530857166,Index (unitless),CALCULATED,Calculated from IMF IL reserves-excl-gold and IMF ER EOP exchange rate (see RESEARCH_LEDGER.md and 03_EMP.do),True,"VERIFIED (locked methodology, not recomputed here)",
VNM,Vietnam,EMP_klr,Exchange Market Pressure index (KLR 1998 two-component),Monthly,2019-M01,-0.0085074463488609,Index (unitless),CALCULATED,Calculated from IMF IL reserves-excl-gold and IMF ER EOP exchange rate (see RESEARCH_LEDGER.md and 03_EMP.do),True,"VERIFIED (locked methodology, not recomputed here)",
VNM,Vietnam,EMP_klr,Exchange Market Pressure index (KLR 1998 two-component),Monthly,2019-M02,-0.0011787877295697,Index (unitless),CALCULATED,Calculated from IMF IL reserves-excl-gold and IMF ER EOP exchange rate (see RESEARCH_LEDGER.md and 03_EMP.do),True,"VERIFIED (locked methodology, not recomputed here)",
VNM,Vietnam,EMP_klr,Exchange Market Pressure index (KLR 1998 two-component),Monthly,2019-M03,-0.0012626017958447,Index (unitless),CALCULATED,Calculated from IMF IL reserves-excl-gold and IMF ER EOP exchange rate (see RESEARCH_LEDGER.md and 03_EMP.do),True,"VERIFIED (locked methodology, not recomputed here)",
VNM,Vietnam,EMP_klr,Exchange Market Pressure index (KLR 1998 two-component),Monthly,2019-M04,-0.002350272444551,Index (unitless),CALCULATED,Calculated from IMF IL reserves-excl-gold and IMF ER EOP exchange rate (see RESEARCH_LEDGER.md and 03_EMP.do),True,"VERIFIED (locked methodology, not recomputed here)",
VNM,Vietnam,EMP_klr,Exchange Market Pressure index (KLR 1998 two-component),Monthly,2019-M05,0.0032180754088277,Index (unitless),CALCULATED,Calculated from IMF IL reserves-excl-gold and IMF ER EOP exchange rate (see RESEARCH_LEDGER.md and 03_EMP.do),True,"VERIFIED (locked methodology, not recomputed here)",
VNM,Vietnam,EMP_klr,Exchange Market Pressure index (KLR 1998 two-component),Monthly,2019-M06,-0.0016296664412273,Index (unitless),CALCULATED,Calculated from IMF IL reserves-excl-gold and IMF ER EOP exchange rate (see RESEARCH_LEDGER.md and 03_EMP.do),True,"VERIFIED (locked methodology, not recomputed here)",
VNM,Vietnam,EMP_klr,Exchange Market Pressure index (KLR 1998 two-component),Monthly,2019-M07,-0.0007588587533341,Index (unitless),CALCULATED,Calculated from IMF IL reserves-excl-gold and IMF ER EOP exchange rate (see RESEARCH_LEDGER.md and 03_EMP.do),True,"VERIFIED (locked methodology, not recomputed here)",
VNM,Vietnam,EMP_klr,Exchange Market Pressure index (KLR 1998 two-component),Monthly,2019-M08,-0.0018966958904307,Index (unitless),CALCULATED,Calculated from IMF IL reserves-excl-gold and IMF ER EOP exchange rate (see RESEARCH_LEDGER.md and 03_EMP.do),True,"VERIFIED (locked methodology, not recomputed here)",
VNM,Vietnam,EMP_klr,Exchange Market Pressure index (KLR 1998 two-component),Monthly,2019-M09,-0.0042055142299885,Index (unitless),CALCULATED,Calculated from IMF IL reserves-excl-gold and IMF ER EOP exchange rate (see RESEARCH_LEDGER.md and 03_EMP.do),True,"VERIFIED (locked methodology, not recomputed here)",
VNM,Vietnam,EMP_klr,Exchange Market Pressure index (KLR 1998 two-component),Monthly,2019-M10,-0.003502193128854,Index (unitless),CALCULATED,Calculated from IMF IL reserves-excl-gold and IMF ER EOP exchange rate (see RESEARCH_LEDGER.md and 03_EMP.do),True,"VERIFIED (locked methodology, not recomputed here)",
VNM,Vietnam,EMP_klr,Exchange Market Pressure index (KLR 1998 two-component),Monthly,2019-M11,-0.0061761078294239,Index (unitless),CALCULATED,Calculated from IMF IL reserves-excl-gold and IMF ER EOP exchange rate (see RESEARCH_LEDGER.md and 03_EMP.do),True,"VERIFIED (locked methodology, not recomputed here)",
VNM,Vietnam,EMP_klr,Exchange Market Pressure index (KLR 1998 two-component),Monthly,2019-M12,-0.0092696779539429,Index (unitless),CALCULATED,Calculated from IMF IL reserves-excl-gold and IMF ER EOP exchange rate (see RESEARCH_LEDGER.md and 03_EMP.do),True,"VERIFIED (locked methodology, not recomputed here)",
VNM,Vietnam,EMP_klr,Exchange Market Pressure index (KLR 1998 two-component),Monthly,2020-M01,-0.0042120765080092,Index (unitless),CALCULATED,Calculated from IMF IL reserves-excl-gold and IMF ER EOP exchange rate (see RESEARCH_LEDGER.md and 03_EMP.do),True,"VERIFIED (locked methodology, not recomputed here)",
VNM,Vietnam,EMP_klr,Exchange Market Pressure index (KLR 1998 two-component),Monthly,2020-M02,0.0019367157054297,Index (unitless),CALCULATED,Calculated from IMF IL reserves-excl-gold and IMF ER EOP exchange rate (see RESEARCH_LEDGER.md and 03_EMP.do),True,"VERIFIED (locked methodology, not recomputed here)",
VNM,Vietnam,EMP_klr,Exchange Market Pressure index (KLR 1998 two-component),Monthly,2020-M03,-0.0005380023717993,Index (unitless),CALCULATED,Calculated from IMF IL reserves-excl-gold and IMF ER EOP exchange rate (see RESEARCH_LEDGER.md and 03_EMP.do),True,"VERIFIED (locked methodology, not recomputed here)",
VNM,Vietnam,EMP_klr,Exchange Market Pressure index (KLR 1998 two-component),Monthly,2020-M04,0.0007457109351911,Index (unitless),CALCULATED,Calculated from IMF IL reserves-excl-gold and IMF ER EOP exchange rate (see RESEARCH_LEDGER.md and 03_EMP.do),True,"VERIFIED (locked methodology, not recomputed here)",
VNM,Vietnam,EMP_klr,Exchange Market Pressure index (KLR 1998 two-component),Monthly,2020-M05,-0.0023979426222093,Index (unitless),CALCULATED,Calculated from IMF IL reserves-excl-gold and IMF ER EOP exchange rate (see RESEARCH_LEDGER.md and 03_EMP.do),True,"VERIFIED (locked methodology, not recomputed here)",
VNM,Vietnam,EMP_klr,Exchange Market Pressure index (KLR 1998 two-component),Monthly,2020-M06,-0.0023022399699841,Index (unitless),CALCULATED,Calculated from IMF IL reserves-excl-gold and IMF ER EOP exchange rate (see RESEARCH_LEDGER.md and 03_EMP.do),True,"VERIFIED (locked methodology, not recomputed here)",
VNM,Vietnam,EMP_klr,Exchange Market Pressure index (KLR 1998 two-component),Monthly,2020-M07,-0.0020257838533093,Index (unitless),CALCULATED,Calculated from IMF IL reserves-excl-gold and IMF ER EOP exchange rate (see RESEARCH_LEDGER.md and 03_EMP.do),True,"VERIFIED (locked methodology, not recomputed here)",
VNM,Vietnam,EMP_klr,Exchange Market Pressure index (KLR 1998 two-component),Monthly,2020-M08,-0.0069451388174731,Index (unitless),CALCULATED,Calculated from IMF IL reserves-excl-gold and IMF ER EOP exchange rate (see RESEARCH_LEDGER.md and 03_EMP.do),True,"VERIFIED (locked methodology, not recomputed here)",
VNM,Vietnam,EMP_klr,Exchange Market Pressure index (KLR 1998 two-component),Monthly,2020-M09,-0.0002826370480593,Index (unitless),CALCULATED,Calculated from IMF IL reserves-excl-gold and IMF ER EOP exchange rate (see RESEARCH_LEDGER.md and 03_EMP.do),True,"VERIFIED (locked methodology, not recomputed here)",
VNM,Vietnam,EMP_klr,Exchange Market Pressure index (KLR 1998 two-component),Monthly,2020-M10,-0.0034185359501204,Index (unitless),CALCULATED,Calculated from IMF IL reserves-excl-gold and IMF ER EOP exchange rate (see RESEARCH_LEDGER.md and 03_EMP.do),True,"VERIFIED (locked methodology, not recomputed here)",
VNM,Vietnam,EMP_klr,Exchange Market Pressure index (KLR 1998 two-component),Monthly,2020-M11,-0.006040002097873,Index (unitless),CALCULATED,Calculated from IMF IL reserves-excl-gold and IMF ER EOP exchange rate (see RESEARCH_LEDGER.md and 03_EMP.do),True,"VERIFIED (locked methodology, not recomputed here)",
VNM,Vietnam,EMP_klr,Exchange Market Pressure index (KLR 1998 two-component),Monthly,2020-M12,-0.0040315597827158,Index (unitless),CALCULATED,Calculated from IMF IL reserves-excl-gold and IMF ER EOP exchange rate (see RESEARCH_LEDGER.md and 03_EMP.do),True,"VERIFIED (locked methodology, not recomputed here)",
VNM,Vietnam,EMP_klr,Exchange Market Pressure index (KLR 1998 two-component),Monthly,2021-M01,-0.0027553192078247,Index (unitless),CALCULATED,Calculated from IMF IL reserves-excl-gold and IMF ER EOP exchange rate (see RESEARCH_LEDGER.md and 03_EMP.do),True,"VERIFIED (locked methodology, not recomputed here)",
VNM,Vietnam,EMP_klr,Exchange Market Pressure index (KLR 1998 two-component),Monthly,2021-M02,-0.0023272118417249,Index (unitless),CALCULATED,Calculated from IMF IL reserves-excl-gold and IMF ER EOP exchange rate (see RESEARCH_LEDGER.md and 03_EMP.do),True,"VERIFIED (locked methodology, not recomputed here)",
VNM,Vietnam,EMP_klr,Exchange Market Pressure index (KLR 1998 two-component),Monthly,2021-M03,0.0046218342782855,Index (unitless),CALCULATED,Calculated from IMF IL reserves-excl-gold and IMF ER EOP exchange rate (see RESEARCH_LEDGER.md and 03_EMP.do),True,"VERIFIED (locked methodology, not recomputed here)",
VNM,Vietnam,EMP_klr,Exchange Market Pressure index (KLR 1998 two-component),Monthly,2021-M04,-0.0074714187658636,Index (unitless),CALCULATED,Calculated from IMF IL reserves-excl-gold and IMF ER EOP exchange rate (see RESEARCH_LEDGER.md and 03_EMP.do),True,"VERIFIED (locked methodology, not recomputed here)",
VNM,Vietnam,EMP_klr,Exchange Market Pressure index (KLR 1998 two-component),Monthly,2021-M05,-0.0021950286142775,Index (unitless),CALCULATED,Calculated from IMF IL reserves-excl-gold and IMF ER EOP exchange rate (see RESEARCH_LEDGER.md and 03_EMP.do),True,"VERIFIED (locked methodology, not recomputed here)",
VNM,Vietnam,EMP_klr,Exchange Market Pressure index (KLR 1998 two-component),Monthly,2021-M06,0.0039455604358957,Index (unitless),CALCULATED,Calculated from IMF IL reserves-excl-gold and IMF ER EOP exchange rate (see RESEARCH_LEDGER.md and 03_EMP.do),True,"VERIFIED (locked methodology, not recomputed here)",
VNM,Vietnam,EMP_klr,Exchange Market Pressure index (KLR 1998 two-component),Monthly,2021-M07,-0.0029374578426847,Index (unitless),CALCULATED,Calculated from IMF IL reserves-excl-gold and IMF ER EOP exchange rate (see RESEARCH_LEDGER.md and 03_EMP.do),True,"VERIFIED (locked methodology, not recomputed here)",
VNM,Vietnam,EMP_klr,Exchange Market Pressure index (KLR 1998 two-component),Monthly,2021-M08,-0.0088443818976389,Index (unitless),CALCULATED,Calculated from IMF IL reserves-excl-gold and IMF ER EOP exchange rate (see RESEARCH_LEDGER.md and 03_EMP.do),True,"VERIFIED (locked methodology, not recomputed here)",
VNM,Vietnam,EMP_klr,Exchange Market Pressure index (KLR 1998 two-component),Monthly,2021-M09,0.0010486712333192,Index (unitless),CALCULATED,Calculated from IMF IL reserves-excl-gold and IMF ER EOP exchange rate (see RESEARCH_LEDGER.md and 03_EMP.do),True,"VERIFIED (locked methodology, not recomputed here)",
VNM,Vietnam,EMP_klr,Exchange Market Pressure index (KLR 1998 two-component),Monthly,2021-M10,-0.0016176432501383,Index (unitless),CALCULATED,Calculated from IMF IL reserves-excl-gold and IMF ER EOP exchange rate (see RESEARCH_LEDGER.md and 03_EMP.do),True,"VERIFIED (locked methodology, not recomputed here)",
VNM,Vietnam,EMP_klr,Exchange Market Pressure index (KLR 1998 two-component),Monthly,2021-M11,-0.0031877434617733,Index (unitless),CALCULATED,Calculated from IMF IL reserves-excl-gold and IMF ER EOP exchange rate (see RESEARCH_LEDGER.md and 03_EMP.do),True,"VERIFIED (locked methodology, not recomputed here)",
VNM,Vietnam,EMP_klr,Exchange Market Pressure index (KLR 1998 two-component),Monthly,2021-M12,0.0010528276898411,Index (unitless),CALCULATED,Calculated from IMF IL reserves-excl-gold and IMF ER EOP exchange rate (see RESEARCH_LEDGER.md and 03_EMP.do),True,"VERIFIED (locked methodology, not recomputed here)",
VNM,Vietnam,EMP_klr,Exchange Market Pressure index (KLR 1998 two-component),Monthly,2022-M01,-0.0049389794512539,Index (unitless),CALCULATED,Calculated from IMF IL reserves-excl-gold and IMF ER EOP exchange rate (see RESEARCH_LEDGER.md and 03_EMP.do),True,"VERIFIED (locked methodology, not recomputed here)",
VNM,Vietnam,EMP_klr,Exchange Market Pressure index (KLR 1998 two-component),Monthly,2022-M02,0.0026507139112175,Index (unitless),CALCULATED,Calculated from IMF IL reserves-excl-gold and IMF ER EOP exchange rate (see RESEARCH_LEDGER.md and 03_EMP.do),True,"VERIFIED (locked methodology, not recomputed here)",
VNM,Vietnam,EMP_klr,Exchange Market Pressure index (KLR 1998 two-component),Monthly,2022-M03,0.0017993449916599,Index (unitless),CALCULATED,Calculated from IMF IL reserves-excl-gold and IMF ER EOP exchange rate (see RESEARCH_LEDGER.md and 03_EMP.do),True,"VERIFIED (locked methodology, not recomputed here)",
VNM,Vietnam,EMP_klr,Exchange Market Pressure index (KLR 1998 two-component),Monthly,2022-M04,0.0030129895965585,Index (unitless),CALCULATED,Calculated from IMF IL reserves-excl-gold and IMF ER EOP exchange rate (see RESEARCH_LEDGER.md and 03_EMP.do),True,"VERIFIED (locked methodology, not recomputed here)",
VNM,Vietnam,EMP_klr,Exchange Market Pressure index (KLR 1998 two-component),Monthly,2022-M05,-0.0001043572884336,Index (unitless),CALCULATED,Calculated from IMF IL reserves-excl-gold and IMF ER EOP exchange rate (see RESEARCH_LEDGER.md and 03_EMP.do),True,"VERIFIED (locked methodology, not recomputed here)",
VNM,Vietnam,EMP_klr,Exchange Market Pressure index (KLR 1998 two-component),Monthly,2022-M06,0.004388995593162,Index (unitless),CALCULATED,Calculated from IMF IL reserves-excl-gold and IMF ER EOP exchange rate (see RESEARCH_LEDGER.md and 03_EMP.do),True,"VERIFIED (locked methodology, not recomputed here)",
VNM,Vietnam,EMP_klr,Exchange Market Pressure index (KLR 1998 two-component),Monthly,2022-M07,0.0068748279133172,Index (unitless),CALCULATED,Calculated from IMF IL reserves-excl-gold and IMF ER EOP exchange rate (see RESEARCH_LEDGER.md and 03_EMP.do),True,"VERIFIED (locked methodology, not recomputed here)",
VNM,Vietnam,EMP_klr,Exchange Market Pressure index (KLR 1998 two-component),Monthly,2022-M08,0.0114128797145525,Index (unitless),CALCULATED,Calculated from IMF IL reserves-excl-gold and IMF ER EOP exchange rate (see RESEARCH_LEDGER.md and 03_EMP.do),True,"VERIFIED (locked methodology, not recomputed here)",
VNM,Vietnam,EMP_klr,Exchange Market Pressure index (KLR 1998 two-component),Monthly,2022-M09,0.017679387590989,Index (unitless),CALCULATED,Calculated from IMF IL reserves-excl-gold and IMF ER EOP exchange rate (see RESEARCH_LEDGER.md and 03_EMP.do),True,"VERIFIED (locked methodology, not recomputed here)",
VNM,Vietnam,EMP_klr,Exchange Market Pressure index (KLR 1998 two-component),Monthly,2022-M10,0.0154501771802505,Index (unitless),CALCULATED,Calculated from IMF IL reserves-excl-gold and IMF ER EOP exchange rate (see RESEARCH_LEDGER.md and 03_EMP.do),True,"VERIFIED (locked methodology, not recomputed here)",
VNM,Vietnam,EMP_klr,Exchange Market Pressure index (KLR 1998 two-component),Monthly,2022-M11,0.0003475607162339,Index (unitless),CALCULATED,Calculated from IMF IL reserves-excl-gold and IMF ER EOP exchange rate (see RESEARCH_LEDGER.md and 03_EMP.do),True,"VERIFIED (locked methodology, not recomputed here)",
VNM,Vietnam,EMP_klr,Exchange Market Pressure index (KLR 1998 two-component),Monthly,2022-M12,-0.0049803992049704,Index (unitless),CALCULATED,Calculated from IMF IL reserves-excl-gold and IMF ER EOP exchange rate (see RESEARCH_LEDGER.md and 03_EMP.do),True,"VERIFIED (locked methodology, not recomputed here)",
VNM,Vietnam,EMP_klr,Exchange Market Pressure index (KLR 1998 two-component),Monthly,2023-M01,-0.0030663452942666,Index (unitless),CALCULATED,Calculated from IMF IL reserves-excl-gold and IMF ER EOP exchange rate (see RESEARCH_LEDGER.md and 03_EMP.do),True,"VERIFIED (locked methodology, not recomputed here)",
VNM,Vietnam,EMP_klr,Exchange Market Pressure index (KLR 1998 two-component),Monthly,2023-M02,0.0025249850009355,Index (unitless),CALCULATED,Calculated from IMF IL reserves-excl-gold and IMF ER EOP exchange rate (see RESEARCH_LEDGER.md and 03_EMP.do),True,"VERIFIED (locked methodology, not recomputed here)",
VNM,Vietnam,EMP_klr,Exchange Market Pressure index (KLR 1998 two-component),Monthly,2023-M03,-0.0028117311608855,Index (unitless),CALCULATED,Calculated from IMF IL reserves-excl-gold and IMF ER EOP exchange rate (see RESEARCH_LEDGER.md and 03_EMP.do),True,"VERIFIED (locked methodology, not recomputed here)",
VNM,Vietnam,EMP_klr,Exchange Market Pressure index (KLR 1998 two-component),Monthly,2023-M04,-0.0013647076626707,Index (unitless),CALCULATED,Calculated from IMF IL reserves-excl-gold and IMF ER EOP exchange rate (see RESEARCH_LEDGER.md and 03_EMP.do),True,"VERIFIED (locked methodology, not recomputed here)",
VNM,Vietnam,EMP_klr,Exchange Market Pressure index (KLR 1998 two-component),Monthly,2023-M05,0.0039593657745881,Index (unitless),CALCULATED,Calculated from IMF IL reserves-excl-gold and IMF ER EOP exchange rate (see RESEARCH_LEDGER.md and 03_EMP.do),True,"VERIFIED (locked methodology, not recomputed here)",
VNM,Vietnam,EMP_klr,Exchange Market Pressure index (KLR 1998 two-component),Monthly,2023-M06,-0.000713987948099,Index (unitless),CALCULATED,Calculated from IMF IL reserves-excl-gold and IMF ER EOP exchange rate (see RESEARCH_LEDGER.md and 03_EMP.do),True,"VERIFIED (locked methodology, not recomputed here)",
VNM,Vietnam,EMP_klr,Exchange Market Pressure index (KLR 1998 two-component),Monthly,2023-M07,0.0032200432839301,Index (unitless),CALCULATED,Calculated from IMF IL reserves-excl-gold and IMF ER EOP exchange rate (see RESEARCH_LEDGER.md and 03_EMP.do),True,"VERIFIED (locked methodology, not recomputed here)",
VNM,Vietnam,EMP_klr,Exchange Market Pressure index (KLR 1998 two-component),Monthly,2023-M08,0.0093309816724143,Index (unitless),CALCULATED,Calculated from IMF IL reserves-excl-gold and IMF ER EOP exchange rate (see RESEARCH_LEDGER.md and 03_EMP.do),True,"VERIFIED (locked methodology, not recomputed here)",
VNM,Vietnam,EMP_klr,Exchange Market Pressure index (KLR 1998 two-component),Monthly,2023-M09,0.0039617305704704,Index (unitless),CALCULATED,Calculated from IMF IL reserves-excl-gold and IMF ER EOP exchange rate (see RESEARCH_LEDGER.md and 03_EMP.do),True,"VERIFIED (locked methodology, not recomputed here)",
VNM,Vietnam,EMP_klr,Exchange Market Pressure index (KLR 1998 two-component),Monthly,2023-M10,0.0006232961378303,Index (unitless),CALCULATED,Calculated from IMF IL reserves-excl-gold and IMF ER EOP exchange rate (see RESEARCH_LEDGER.md and 03_EMP.do),True,"VERIFIED (locked methodology, not recomputed here)",
VNM,Vietnam,EMP_klr,Exchange Market Pressure index (KLR 1998 two-component),Monthly,2023-M11,-0.00964177775205,Index (unitless),CALCULATED,Calculated from IMF IL reserves-excl-gold and IMF ER EOP exchange rate (see RESEARCH_LEDGER.md and 03_EMP.do),True,"VERIFIED (locked methodology, not recomputed here)",
VNM,Vietnam,EMP_klr,Exchange Market Pressure index (KLR 1998 two-component),Monthly,2023-M12,-0.0047708955895979,Index (unitless),CALCULATED,Calculated from IMF IL reserves-excl-gold and IMF ER EOP exchange rate (see RESEARCH_LEDGER.md and 03_EMP.do),True,"VERIFIED (locked methodology, not recomputed here)",
VNM,Vietnam,EMP_klr,Exchange Market Pressure index (KLR 1998 two-component),Monthly,2024-M01,0.0088267690398431,Index (unitless),CALCULATED,Calculated from IMF IL reserves-excl-gold and IMF ER EOP exchange rate (see RESEARCH_LEDGER.md and 03_EMP.do),True,"VERIFIED (locked methodology, not recomputed here)",
VNM,Vietnam,EMP_klr,Exchange Market Pressure index (KLR 1998 two-component),Monthly,2024-M02,0.000106143092847,Index (unitless),CALCULATED,Calculated from IMF IL reserves-excl-gold and IMF ER EOP exchange rate (see RESEARCH_LEDGER.md and 03_EMP.do),True,"VERIFIED (locked methodology, not recomputed here)",
VNM,Vietnam,EMP_klr,Exchange Market Pressure index (KLR 1998 two-component),Monthly,2024-M03,-0.0011892955462323,Index (unitless),CALCULATED,Calculated from IMF IL reserves-excl-gold and IMF ER EOP exchange rate (see RESEARCH_LEDGER.md and 03_EMP.do),True,"VERIFIED (locked methodology, not recomputed here)",
VNM,Vietnam,EMP_klr,Exchange Market Pressure index (KLR 1998 two-component),Monthly,2024-M04,0.0115126930367801,Index (unitless),CALCULATED,Calculated from IMF IL reserves-excl-gold and IMF ER EOP exchange rate (see RESEARCH_LEDGER.md and 03_EMP.do),True,"VERIFIED (locked methodology, not recomputed here)",
VNM,Vietnam,EMP_klr,Exchange Market Pressure index (KLR 1998 two-component),Monthly,2024-M05,0.0072932965951251,Index (unitless),CALCULATED,Calculated from IMF IL reserves-excl-gold and IMF ER EOP exchange rate (see RESEARCH_LEDGER.md and 03_EMP.do),True,"VERIFIED (locked methodology, not recomputed here)",
VNM,Vietnam,EMP_klr,Exchange Market Pressure index (KLR 1998 two-component),Monthly,2024-M06,0.0021430094958524,Index (unitless),CALCULATED,Calculated from IMF IL reserves-excl-gold and IMF ER EOP exchange rate (see RESEARCH_LEDGER.md and 03_EMP.do),True,"VERIFIED (locked methodology, not recomputed here)",
VNM,Vietnam,EMP_klr,Exchange Market Pressure index (KLR 1998 two-component),Monthly,2024-M07,0.0026366569093766,Index (unitless),CALCULATED,Calculated from IMF IL reserves-excl-gold and IMF ER EOP exchange rate (see RESEARCH_LEDGER.md and 03_EMP.do),True,"VERIFIED (locked methodology, not recomputed here)",
VNM,Vietnam,EMP_klr,Exchange Market Pressure index (KLR 1998 two-component),Monthly,2024-M08,-0.0027587051689584,Index (unitless),CALCULATED,Calculated from IMF IL reserves-excl-gold and IMF ER EOP exchange rate (see RESEARCH_LEDGER.md and 03_EMP.do),True,"VERIFIED (locked methodology, not recomputed here)",
VNM,Vietnam,EMP_klr,Exchange Market Pressure index (KLR 1998 two-component),Monthly,2024-M09,-0.0060473507441343,Index (unitless),CALCULATED,Calculated from IMF IL reserves-excl-gold and IMF ER EOP exchange rate (see RESEARCH_LEDGER.md and 03_EMP.do),True,"VERIFIED (locked methodology, not recomputed here)",
VNM,Vietnam,EMP_klr,Exchange Market Pressure index (KLR 1998 two-component),Monthly,2024-M10,0.0060697176517063,Index (unitless),CALCULATED,Calculated from IMF IL reserves-excl-gold and IMF ER EOP exchange rate (see RESEARCH_LEDGER.md and 03_EMP.do),True,"VERIFIED (locked methodology, not recomputed here)",
VNM,Vietnam,EMP_klr,Exchange Market Pressure index (KLR 1998 two-component),Monthly,2024-M11,0.0011226930966467,Index (unitless),CALCULATED,Calculated from IMF IL reserves-excl-gold and IMF ER EOP exchange rate (see RESEARCH_LEDGER.md and 03_EMP.do),True,"VERIFIED (locked methodology, not recomputed here)",
VNM,Vietnam,EMP_klr,Exchange Market Pressure index (KLR 1998 two-component),Monthly,2024-M12,0.0049318756244423,Index (unitless),CALCULATED,Calculated from IMF IL reserves-excl-gold and IMF ER EOP exchange rate (see RESEARCH_LEDGER.md and 03_EMP.do),True,"VERIFIED (locked methodology, not recomputed here)",
VNM,Vietnam,EMP_klr,Exchange Market Pressure index (KLR 1998 two-component),Monthly,2025-M01,0.0035299010655903,Index (unitless),CALCULATED,Calculated from IMF IL reserves-excl-gold and IMF ER EOP exchange rate (see RESEARCH_LEDGER.md and 03_EMP.do),True,"VERIFIED (locked methodology, not recomputed here)",
VNM,Vietnam,EMP_klr,Exchange Market Pressure index (KLR 1998 two-component),Monthly,2025-M02,0.0155900007425085,Index (unitless),CALCULATED,Calculated from IMF IL reserves-excl-gold and IMF ER EOP exchange rate (see RESEARCH_LEDGER.md and 03_EMP.do),True,"VERIFIED (locked methodology, not recomputed here)",
VNM,Vietnam,EMP_klr,Exchange Market Pressure index (KLR 1998 two-component),Monthly,2025-M03,0.0023087895444093,Index (unitless),CALCULATED,Calculated from IMF IL reserves-excl-gold and IMF ER EOP exchange rate (see RESEARCH_LEDGER.md and 03_EMP.do),True,"VERIFIED (locked methodology, not recomputed here)",
VNM,Vietnam,EMP_klr,Exchange Market Pressure index (KLR 1998 two-component),Monthly,2025-M04,0.0057072066065491,Index (unitless),CALCULATED,Calculated from IMF IL reserves-excl-gold and IMF ER EOP exchange rate (see RESEARCH_LEDGER.md and 03_EMP.do),True,"VERIFIED (locked methodology, not recomputed here)",
VNM,Vietnam,EMP_klr,Exchange Market Pressure index (KLR 1998 two-component),Monthly,2025-M05,0.0014980084563049,Index (unitless),CALCULATED,Calculated from IMF IL reserves-excl-gold and IMF ER EOP exchange rate (see RESEARCH_LEDGER.md and 03_EMP.do),True,"VERIFIED (locked methodology, not recomputed here)",
VNM,Vietnam,EMP_klr,Exchange Market Pressure index (KLR 1998 two-component),Monthly,2025-M06,0.0004938483413918,Index (unitless),CALCULATED,Calculated from IMF IL reserves-excl-gold and IMF ER EOP exchange rate (see RESEARCH_LEDGER.md and 03_EMP.do),True,"VERIFIED (locked methodology, not recomputed here)",
VNM,Vietnam,EMP_klr,Exchange Market Pressure index (KLR 1998 two-component),Monthly,2025-M07,0.0090018630533132,Index (unitless),CALCULATED,Calculated from IMF IL reserves-excl-gold and IMF ER EOP exchange rate (see RESEARCH_LEDGER.md and 03_EMP.do),True,"VERIFIED (locked methodology, not recomputed here)",
VNM,Vietnam,EMP_klr,Exchange Market Pressure index (KLR 1998 two-component),Monthly,2025-M08,-0.000982846985466,Index (unitless),CALCULATED,Calculated from IMF IL reserves-excl-gold and IMF ER EOP exchange rate (see RESEARCH_LEDGER.md and 03_EMP.do),True,"VERIFIED (locked methodology, not recomputed here)",
VNM,Vietnam,EMP_klr,Exchange Market Pressure index (KLR 1998 two-component),Monthly,2025-M09,-0.0045892412397712,Index (unitless),CALCULATED,Calculated from IMF IL reserves-excl-gold and IMF ER EOP exchange rate (see RESEARCH_LEDGER.md and 03_EMP.do),True,"VERIFIED (locked methodology, not recomputed here)",
VNM,Vietnam,EMP_klr,Exchange Market Pressure index (KLR 1998 two-component),Monthly,2025-M10,-0.0003070780763185,Index (unitless),CALCULATED,Calculated from IMF IL reserves-excl-gold and IMF ER EOP exchange rate (see RESEARCH_LEDGER.md and 03_EMP.do),True,"VERIFIED (locked methodology, not recomputed here)",
VNM,Vietnam,EMP_klr,Exchange Market Pressure index (KLR 1998 two-component),Monthly,2025-M11,0.0004499639621161,Index (unitless),CALCULATED,Calculated from IMF IL reserves-excl-gold and IMF ER EOP exchange rate (see RESEARCH_LEDGER.md and 03_EMP.do),True,"VERIFIED (locked methodology, not recomputed here)",
VNM,Vietnam,EMP_klr,Exchange Market Pressure index (KLR 1998 two-component),Monthly,2025-M12,-0.0052979827322627,Index (unitless),CALCULATED,Calculated from IMF IL reserves-excl-gold and IMF ER EOP exchange rate (see RESEARCH_LEDGER.md and 03_EMP.do),True,"VERIFIED (locked methodology, not recomputed here)",
VNM,Vietnam,EMP_klr,Exchange Market Pressure index (KLR 1998 two-component),Monthly,2026-M01,-9.310072529171778e-05,Index (unitless),CALCULATED,Calculated from IMF IL reserves-excl-gold and IMF ER EOP exchange rate (see RESEARCH_LEDGER.md and 03_EMP.do),True,"VERIFIED (locked methodology, not recomputed here)",
VNM,Vietnam,EMP_klr,Exchange Market Pressure index (KLR 1998 two-component),Monthly,2026-M02,-0.00439788047781,Index (unitless),CALCULATED,Calculated from IMF IL reserves-excl-gold and IMF ER EOP exchange rate (see RESEARCH_LEDGER.md and 03_EMP.do),True,"VERIFIED (locked methodology, not recomputed here)",
VNM,Vietnam,EMP_klr,Exchange Market Pressure index (KLR 1998 two-component),Monthly,2026-M03,0.0040521417284686,Index (unitless),CALCULATED,Calculated from IMF IL reserves-excl-gold and IMF ER EOP exchange rate (see RESEARCH_LEDGER.md and 03_EMP.do),True,"VERIFIED (locked methodology, not recomputed here)",
VNM,Vietnam,EMP_klr,Exchange Market Pressure index (KLR 1998 two-component),Monthly,2026-M04,0.0018987451696562,Index (unitless),CALCULATED,Calculated from IMF IL reserves-excl-gold and IMF ER EOP exchange rate (see RESEARCH_LEDGER.md and 03_EMP.do),True,"VERIFIED (locked methodology, not recomputed here)",
VNM,Vietnam,EMP_klr,Exchange Market Pressure index (KLR 1998 two-component),Monthly,2026-M05,0.0001068622626368,Index (unitless),CALCULATED,Calculated from IMF IL reserves-excl-gold and IMF ER EOP exchange rate (see RESEARCH_LEDGER.md and 03_EMP.do),True,"VERIFIED (locked methodology, not recomputed here)",
VNM,Vietnam,EMP_klr,Exchange Market Pressure index (KLR 1998 two-component),Monthly,2026-M06,-0.0028779785664914,Index (unitless),CALCULATED,Calculated from IMF IL reserves-excl-gold and IMF ER EOP exchange rate (see RESEARCH_LEDGER.md and 03_EMP.do),True,"VERIFIED (locked methodology, not recomputed here)",
WLD,"World (global series, not country-specific)",energy_price_index,Global energy price index (fuel commodity price index) - external shock proxy,Monthly,2018-M01,152.812740343552,"Index, 2016=100",SOURCE,"IMF Primary Commodity Price System (PCPS), G001.PNRG.INDEX.M",True,VERIFIED,Global proxy for import-price/external shock; not a country-specific import-price index; do not merge mechanically into country-level or quarterly/annual variables
WLD,"World (global series, not country-specific)",energy_price_index,Global energy price index (fuel commodity price index) - external shock proxy,Monthly,2018-M02,147.2218079418625,"Index, 2016=100",SOURCE,"IMF Primary Commodity Price System (PCPS), G001.PNRG.INDEX.M",True,VERIFIED,Global proxy for import-price/external shock; not a country-specific import-price index; do not merge mechanically into country-level or quarterly/annual variables
WLD,"World (global series, not country-specific)",energy_price_index,Global energy price index (fuel commodity price index) - external shock proxy,Monthly,2018-M03,147.2821101430746,"Index, 2016=100",SOURCE,"IMF Primary Commodity Price System (PCPS), G001.PNRG.INDEX.M",True,VERIFIED,Global proxy for import-price/external shock; not a country-specific import-price index; do not merge mechanically into country-level or quarterly/annual variables
WLD,"World (global series, not country-specific)",energy_price_index,Global energy price index (fuel commodity price index) - external shock proxy,Monthly,2018-M04,151.7562337310083,"Index, 2016=100",SOURCE,"IMF Primary Commodity Price System (PCPS), G001.PNRG.INDEX.M",True,VERIFIED,Global proxy for import-price/external shock; not a country-specific import-price index; do not merge mechanically into country-level or quarterly/annual variables
WLD,"World (global series, not country-specific)",energy_price_index,Global energy price index (fuel commodity price index) - external shock proxy,Monthly,2018-M05,162.898254645016,"Index, 2016=100",SOURCE,"IMF Primary Commodity Price System (PCPS), G001.PNRG.INDEX.M",True,VERIFIED,Global proxy for import-price/external shock; not a country-specific import-price index; do not merge mechanically into country-level or quarterly/annual variables
WLD,"World (global series, not country-specific)",energy_price_index,Global energy price index (fuel commodity price index) - external shock proxy,Monthly,2018-M06,163.1751417761352,"Index, 2016=100",SOURCE,"IMF Primary Commodity Price System (PCPS), G001.PNRG.INDEX.M",True,VERIFIED,Global proxy for import-price/external shock; not a country-specific import-price index; do not merge mechanically into country-level or quarterly/annual variables
WLD,"World (global series, not country-specific)",energy_price_index,Global energy price index (fuel commodity price index) - external shock proxy,Monthly,2018-M07,164.4733779101149,"Index, 2016=100",SOURCE,"IMF Primary Commodity Price System (PCPS), G001.PNRG.INDEX.M",True,VERIFIED,Global proxy for import-price/external shock; not a country-specific import-price index; do not merge mechanically into country-level or quarterly/annual variables
WLD,"World (global series, not country-specific)",energy_price_index,Global energy price index (fuel commodity price index) - external shock proxy,Monthly,2018-M08,163.1678464873278,"Index, 2016=100",SOURCE,"IMF Primary Commodity Price System (PCPS), G001.PNRG.INDEX.M",True,VERIFIED,Global proxy for import-price/external shock; not a country-specific import-price index; do not merge mechanically into country-level or quarterly/annual variables
WLD,"World (global series, not country-specific)",energy_price_index,Global energy price index (fuel commodity price index) - external shock proxy,Monthly,2018-M09,172.605783538382,"Index, 2016=100",SOURCE,"IMF Primary Commodity Price System (PCPS), G001.PNRG.INDEX.M",True,VERIFIED,Global proxy for import-price/external shock; not a country-specific import-price index; do not merge mechanically into country-level or quarterly/annual variables
WLD,"World (global series, not country-specific)",energy_price_index,Global energy price index (fuel commodity price index) - external shock proxy,Monthly,2018-M10,172.2875448508667,"Index, 2016=100",SOURCE,"IMF Primary Commodity Price System (PCPS), G001.PNRG.INDEX.M",True,VERIFIED,Global proxy for import-price/external shock; not a country-specific import-price index; do not merge mechanically into country-level or quarterly/annual variables
WLD,"World (global series, not country-specific)",energy_price_index,Global energy price index (fuel commodity price index) - external shock proxy,Monthly,2018-M11,148.0430630522681,"Index, 2016=100",SOURCE,"IMF Primary Commodity Price System (PCPS), G001.PNRG.INDEX.M",True,VERIFIED,Global proxy for import-price/external shock; not a country-specific import-price index; do not merge mechanically into country-level or quarterly/annual variables
WLD,"World (global series, not country-specific)",energy_price_index,Global energy price index (fuel commodity price index) - external shock proxy,Monthly,2018-M12,132.6931816285187,"Index, 2016=100",SOURCE,"IMF Primary Commodity Price System (PCPS), G001.PNRG.INDEX.M",True,VERIFIED,Global proxy for import-price/external shock; not a country-specific import-price index; do not merge mechanically into country-level or quarterly/annual variables
WLD,"World (global series, not country-specific)",energy_price_index,Global energy price index (fuel commodity price index) - external shock proxy,Monthly,2019-M01,132.8378971765572,"Index, 2016=100",SOURCE,"IMF Primary Commodity Price System (PCPS), G001.PNRG.INDEX.M",True,VERIFIED,Global proxy for import-price/external shock; not a country-specific import-price index; do not merge mechanically into country-level or quarterly/annual variables
WLD,"World (global series, not country-specific)",energy_price_index,Global energy price index (fuel commodity price index) - external shock proxy,Monthly,2019-M02,135.1878032929317,"Index, 2016=100",SOURCE,"IMF Primary Commodity Price System (PCPS), G001.PNRG.INDEX.M",True,VERIFIED,Global proxy for import-price/external shock; not a country-specific import-price index; do not merge mechanically into country-level or quarterly/annual variables
WLD,"World (global series, not country-specific)",energy_price_index,Global energy price index (fuel commodity price index) - external shock proxy,Monthly,2019-M03,137.1353417549831,"Index, 2016=100",SOURCE,"IMF Primary Commodity Price System (PCPS), G001.PNRG.INDEX.M",True,VERIFIED,Global proxy for import-price/external shock; not a country-specific import-price index; do not merge mechanically into country-level or quarterly/annual variables
WLD,"World (global series, not country-specific)",energy_price_index,Global energy price index (fuel commodity price index) - external shock proxy,Monthly,2019-M04,142.6788977259931,"Index, 2016=100",SOURCE,"IMF Primary Commodity Price System (PCPS), G001.PNRG.INDEX.M",True,VERIFIED,Global proxy for import-price/external shock; not a country-specific import-price index; do not merge mechanically into country-level or quarterly/annual variables
WLD,"World (global series, not country-specific)",energy_price_index,Global energy price index (fuel commodity price index) - external shock proxy,Monthly,2019-M05,137.6630884976709,"Index, 2016=100",SOURCE,"IMF Primary Commodity Price System (PCPS), G001.PNRG.INDEX.M",True,VERIFIED,Global proxy for import-price/external shock; not a country-specific import-price index; do not merge mechanically into country-level or quarterly/annual variables
WLD,"World (global series, not country-specific)",energy_price_index,Global energy price index (fuel commodity price index) - external shock proxy,Monthly,2019-M06,122.0758189128164,"Index, 2016=100",SOURCE,"IMF Primary Commodity Price System (PCPS), G001.PNRG.INDEX.M",True,VERIFIED,Global proxy for import-price/external shock; not a country-specific import-price index; do not merge mechanically into country-level or quarterly/annual variables
WLD,"World (global series, not country-specific)",energy_price_index,Global energy price index (fuel commodity price index) - external shock proxy,Monthly,2019-M07,125.7324603159852,"Index, 2016=100",SOURCE,"IMF Primary Commodity Price System (PCPS), G001.PNRG.INDEX.M",True,VERIFIED,Global proxy for import-price/external shock; not a country-specific import-price index; do not merge mechanically into country-level or quarterly/annual variables
WLD,"World (global series, not country-specific)",energy_price_index,Global energy price index (fuel commodity price index) - external shock proxy,Monthly,2019-M08,117.1382919676422,"Index, 2016=100",SOURCE,"IMF Primary Commodity Price System (PCPS), G001.PNRG.INDEX.M",True,VERIFIED,Global proxy for import-price/external shock; not a country-specific import-price index; do not merge mechanically into country-level or quarterly/annual variables
WLD,"World (global series, not country-specific)",energy_price_index,Global energy price index (fuel commodity price index) - external shock proxy,Monthly,2019-M09,122.4373017945421,"Index, 2016=100",SOURCE,"IMF Primary Commodity Price System (PCPS), G001.PNRG.INDEX.M",True,VERIFIED,Global proxy for import-price/external shock; not a country-specific import-price index; do not merge mechanically into country-level or quarterly/annual variables
WLD,"World (global series, not country-specific)",energy_price_index,Global energy price index (fuel commodity price index) - external shock proxy,Monthly,2019-M10,119.7971671587028,"Index, 2016=100",SOURCE,"IMF Primary Commodity Price System (PCPS), G001.PNRG.INDEX.M",True,VERIFIED,Global proxy for import-price/external shock; not a country-specific import-price index; do not merge mechanically into country-level or quarterly/annual variables
WLD,"World (global series, not country-specific)",energy_price_index,Global energy price index (fuel commodity price index) - external shock proxy,Monthly,2019-M11,127.6314616901938,"Index, 2016=100",SOURCE,"IMF Primary Commodity Price System (PCPS), G001.PNRG.INDEX.M",True,VERIFIED,Global proxy for import-price/external shock; not a country-specific import-price index; do not merge mechanically into country-level or quarterly/annual variables
WLD,"World (global series, not country-specific)",energy_price_index,Global energy price index (fuel commodity price index) - external shock proxy,Monthly,2019-M12,131.1042200442156,"Index, 2016=100",SOURCE,"IMF Primary Commodity Price System (PCPS), G001.PNRG.INDEX.M",True,VERIFIED,Global proxy for import-price/external shock; not a country-specific import-price index; do not merge mechanically into country-level or quarterly/annual variables
WLD,"World (global series, not country-specific)",energy_price_index,Global energy price index (fuel commodity price index) - external shock proxy,Monthly,2020-M01,126.1420732319804,"Index, 2016=100",SOURCE,"IMF Primary Commodity Price System (PCPS), G001.PNRG.INDEX.M",True,VERIFIED,Global proxy for import-price/external shock; not a country-specific import-price index; do not merge mechanically into country-level or quarterly/annual variables
WLD,"World (global series, not country-specific)",energy_price_index,Global energy price index (fuel commodity price index) - external shock proxy,Monthly,2020-M02,109.2893590459121,"Index, 2016=100",SOURCE,"IMF Primary Commodity Price System (PCPS), G001.PNRG.INDEX.M",True,VERIFIED,Global proxy for import-price/external shock; not a country-specific import-price index; do not merge mechanically into country-level or quarterly/annual variables
WLD,"World (global series, not country-specific)",energy_price_index,Global energy price index (fuel commodity price index) - external shock proxy,Monthly,2020-M03,72.99416746743363,"Index, 2016=100",SOURCE,"IMF Primary Commodity Price System (PCPS), G001.PNRG.INDEX.M",True,VERIFIED,Global proxy for import-price/external shock; not a country-specific import-price index; do not merge mechanically into country-level or quarterly/annual variables
WLD,"World (global series, not country-specific)",energy_price_index,Global energy price index (fuel commodity price index) - external shock proxy,Monthly,2020-M04,55.8905123863272,"Index, 2016=100",SOURCE,"IMF Primary Commodity Price System (PCPS), G001.PNRG.INDEX.M",True,VERIFIED,Global proxy for import-price/external shock; not a country-specific import-price index; do not merge mechanically into country-level or quarterly/annual variables
WLD,"World (global series, not country-specific)",energy_price_index,Global energy price index (fuel commodity price index) - external shock proxy,Monthly,2020-M05,68.01149924213304,"Index, 2016=100",SOURCE,"IMF Primary Commodity Price System (PCPS), G001.PNRG.INDEX.M",True,VERIFIED,Global proxy for import-price/external shock; not a country-specific import-price index; do not merge mechanically into country-level or quarterly/annual variables
WLD,"World (global series, not country-specific)",energy_price_index,Global energy price index (fuel commodity price index) - external shock proxy,Monthly,2020-M06,82.39756354403693,"Index, 2016=100",SOURCE,"IMF Primary Commodity Price System (PCPS), G001.PNRG.INDEX.M",True,VERIFIED,Global proxy for import-price/external shock; not a country-specific import-price index; do not merge mechanically into country-level or quarterly/annual variables
WLD,"World (global series, not country-specific)",energy_price_index,Global energy price index (fuel commodity price index) - external shock proxy,Monthly,2020-M07,86.41654731712585,"Index, 2016=100",SOURCE,"IMF Primary Commodity Price System (PCPS), G001.PNRG.INDEX.M",True,VERIFIED,Global proxy for import-price/external shock; not a country-specific import-price index; do not merge mechanically into country-level or quarterly/annual variables
WLD,"World (global series, not country-specific)",energy_price_index,Global energy price index (fuel commodity price index) - external shock proxy,Monthly,2020-M08,93.22718573095584,"Index, 2016=100",SOURCE,"IMF Primary Commodity Price System (PCPS), G001.PNRG.INDEX.M",True,VERIFIED,Global proxy for import-price/external shock; not a country-specific import-price index; do not merge mechanically into country-level or quarterly/annual variables
WLD,"World (global series, not country-specific)",energy_price_index,Global energy price index (fuel commodity price index) - external shock proxy,Monthly,2020-M09,91.29755535109068,"Index, 2016=100",SOURCE,"IMF Primary Commodity Price System (PCPS), G001.PNRG.INDEX.M",True,VERIFIED,Global proxy for import-price/external shock; not a country-specific import-price index; do not merge mechanically into country-level or quarterly/annual variables
WLD,"World (global series, not country-specific)",energy_price_index,Global energy price index (fuel commodity price index) - external shock proxy,Monthly,2020-M10,95.40285718635519,"Index, 2016=100",SOURCE,"IMF Primary Commodity Price System (PCPS), G001.PNRG.INDEX.M",True,VERIFIED,Global proxy for import-price/external shock; not a country-specific import-price index; do not merge mechanically into country-level or quarterly/annual variables
WLD,"World (global series, not country-specific)",energy_price_index,Global energy price index (fuel commodity price index) - external shock proxy,Monthly,2020-M11,100.8954115228247,"Index, 2016=100",SOURCE,"IMF Primary Commodity Price System (PCPS), G001.PNRG.INDEX.M",True,VERIFIED,Global proxy for import-price/external shock; not a country-specific import-price index; do not merge mechanically into country-level or quarterly/annual variables
WLD,"World (global series, not country-specific)",energy_price_index,Global energy price index (fuel commodity price index) - external shock proxy,Monthly,2020-M12,118.4939794991982,"Index, 2016=100",SOURCE,"IMF Primary Commodity Price System (PCPS), G001.PNRG.INDEX.M",True,VERIFIED,Global proxy for import-price/external shock; not a country-specific import-price index; do not merge mechanically into country-level or quarterly/annual variables
WLD,"World (global series, not country-specific)",energy_price_index,Global energy price index (fuel commodity price index) - external shock proxy,Monthly,2021-M01,138.4462725056096,"Index, 2016=100",SOURCE,"IMF Primary Commodity Price System (PCPS), G001.PNRG.INDEX.M",True,VERIFIED,Global proxy for import-price/external shock; not a country-specific import-price index; do not merge mechanically into country-level or quarterly/annual variables
WLD,"World (global series, not country-specific)",energy_price_index,Global energy price index (fuel commodity price index) - external shock proxy,Monthly,2021-M02,137.6649082926007,"Index, 2016=100",SOURCE,"IMF Primary Commodity Price System (PCPS), G001.PNRG.INDEX.M",True,VERIFIED,Global proxy for import-price/external shock; not a country-specific import-price index; do not merge mechanically into country-level or quarterly/annual variables
WLD,"World (global series, not country-specific)",energy_price_index,Global energy price index (fuel commodity price index) - external shock proxy,Monthly,2021-M03,142.1365482705649,"Index, 2016=100",SOURCE,"IMF Primary Commodity Price System (PCPS), G001.PNRG.INDEX.M",True,VERIFIED,Global proxy for import-price/external shock; not a country-specific import-price index; do not merge mechanically into country-level or quarterly/annual variables
WLD,"World (global series, not country-specific)",energy_price_index,Global energy price index (fuel commodity price index) - external shock proxy,Monthly,2021-M04,143.1937141751614,"Index, 2016=100",SOURCE,"IMF Primary Commodity Price System (PCPS), G001.PNRG.INDEX.M",True,VERIFIED,Global proxy for import-price/external shock; not a country-specific import-price index; do not merge mechanically into country-level or quarterly/annual variables
WLD,"World (global series, not country-specific)",energy_price_index,Global energy price index (fuel commodity price index) - external shock proxy,Monthly,2021-M05,154.5574742844074,"Index, 2016=100",SOURCE,"IMF Primary Commodity Price System (PCPS), G001.PNRG.INDEX.M",True,VERIFIED,Global proxy for import-price/external shock; not a country-specific import-price index; do not merge mechanically into country-level or quarterly/annual variables
WLD,"World (global series, not country-specific)",energy_price_index,Global energy price index (fuel commodity price index) - external shock proxy,Monthly,2021-M06,170.8951410517699,"Index, 2016=100",SOURCE,"IMF Primary Commodity Price System (PCPS), G001.PNRG.INDEX.M",True,VERIFIED,Global proxy for import-price/external shock; not a country-specific import-price index; do not merge mechanically into country-level or quarterly/annual variables
WLD,"World (global series, not country-specific)",energy_price_index,Global energy price index (fuel commodity price index) - external shock proxy,Monthly,2021-M07,181.34991604998,"Index, 2016=100",SOURCE,"IMF Primary Commodity Price System (PCPS), G001.PNRG.INDEX.M",True,VERIFIED,Global proxy for import-price/external shock; not a country-specific import-price index; do not merge mechanically into country-level or quarterly/annual variables
WLD,"World (global series, not country-specific)",energy_price_index,Global energy price index (fuel commodity price index) - external shock proxy,Monthly,2021-M08,183.8065147155653,"Index, 2016=100",SOURCE,"IMF Primary Commodity Price System (PCPS), G001.PNRG.INDEX.M",True,VERIFIED,Global proxy for import-price/external shock; not a country-specific import-price index; do not merge mechanically into country-level or quarterly/annual variables
WLD,"World (global series, not country-specific)",energy_price_index,Global energy price index (fuel commodity price index) - external shock proxy,Monthly,2021-M09,212.8790642186274,"Index, 2016=100",SOURCE,"IMF Primary Commodity Price System (PCPS), G001.PNRG.INDEX.M",True,VERIFIED,Global proxy for import-price/external shock; not a country-specific import-price index; do not merge mechanically into country-level or quarterly/annual variables
WLD,"World (global series, not country-specific)",energy_price_index,Global energy price index (fuel commodity price index) - external shock proxy,Monthly,2021-M10,256.4607542760539,"Index, 2016=100",SOURCE,"IMF Primary Commodity Price System (PCPS), G001.PNRG.INDEX.M",True,VERIFIED,Global proxy for import-price/external shock; not a country-specific import-price index; do not merge mechanically into country-level or quarterly/annual variables
WLD,"World (global series, not country-specific)",energy_price_index,Global energy price index (fuel commodity price index) - external shock proxy,Monthly,2021-M11,235.6833317928134,"Index, 2016=100",SOURCE,"IMF Primary Commodity Price System (PCPS), G001.PNRG.INDEX.M",True,VERIFIED,Global proxy for import-price/external shock; not a country-specific import-price index; do not merge mechanically into country-level or quarterly/annual variables
WLD,"World (global series, not country-specific)",energy_price_index,Global energy price index (fuel commodity price index) - external shock proxy,Monthly,2021-M12,239.9910327538961,"Index, 2016=100",SOURCE,"IMF Primary Commodity Price System (PCPS), G001.PNRG.INDEX.M",True,VERIFIED,Global proxy for import-price/external shock; not a country-specific import-price index; do not merge mechanically into country-level or quarterly/annual variables
WLD,"World (global series, not country-specific)",energy_price_index,Global energy price index (fuel commodity price index) - external shock proxy,Monthly,2022-M01,241.3773783143399,"Index, 2016=100",SOURCE,"IMF Primary Commodity Price System (PCPS), G001.PNRG.INDEX.M",True,VERIFIED,Global proxy for import-price/external shock; not a country-specific import-price index; do not merge mechanically into country-level or quarterly/annual variables
WLD,"World (global series, not country-specific)",energy_price_index,Global energy price index (fuel commodity price index) - external shock proxy,Monthly,2022-M02,260.0483626145145,"Index, 2016=100",SOURCE,"IMF Primary Commodity Price System (PCPS), G001.PNRG.INDEX.M",True,VERIFIED,Global proxy for import-price/external shock; not a country-specific import-price index; do not merge mechanically into country-level or quarterly/annual variables
WLD,"World (global series, not country-specific)",energy_price_index,Global energy price index (fuel commodity price index) - external shock proxy,Monthly,2022-M03,331.7837593566297,"Index, 2016=100",SOURCE,"IMF Primary Commodity Price System (PCPS), G001.PNRG.INDEX.M",True,VERIFIED,Global proxy for import-price/external shock; not a country-specific import-price index; do not merge mechanically into country-level or quarterly/annual variables
WLD,"World (global series, not country-specific)",energy_price_index,Global energy price index (fuel commodity price index) - external shock proxy,Monthly,2022-M04,300.533177863376,"Index, 2016=100",SOURCE,"IMF Primary Commodity Price System (PCPS), G001.PNRG.INDEX.M",True,VERIFIED,Global proxy for import-price/external shock; not a country-specific import-price index; do not merge mechanically into country-level or quarterly/annual variables
WLD,"World (global series, not country-specific)",energy_price_index,Global energy price index (fuel commodity price index) - external shock proxy,Monthly,2022-M05,306.6749790648081,"Index, 2016=100",SOURCE,"IMF Primary Commodity Price System (PCPS), G001.PNRG.INDEX.M",True,VERIFIED,Global proxy for import-price/external shock; not a country-specific import-price index; do not merge mechanically into country-level or quarterly/annual variables
WLD,"World (global series, not country-specific)",energy_price_index,Global energy price index (fuel commodity price index) - external shock proxy,Monthly,2022-M06,328.1234803276921,"Index, 2016=100",SOURCE,"IMF Primary Commodity Price System (PCPS), G001.PNRG.INDEX.M",True,VERIFIED,Global proxy for import-price/external shock; not a country-specific import-price index; do not merge mechanically into country-level or quarterly/annual variables
WLD,"World (global series, not country-specific)",energy_price_index,Global energy price index (fuel commodity price index) - external shock proxy,Monthly,2022-M07,343.8099975283078,"Index, 2016=100",SOURCE,"IMF Primary Commodity Price System (PCPS), G001.PNRG.INDEX.M",True,VERIFIED,Global proxy for import-price/external shock; not a country-specific import-price index; do not merge mechanically into country-level or quarterly/annual variables
WLD,"World (global series, not country-specific)",energy_price_index,Global energy price index (fuel commodity price index) - external shock proxy,Monthly,2022-M08,376.4120829149374,"Index, 2016=100",SOURCE,"IMF Primary Commodity Price System (PCPS), G001.PNRG.INDEX.M",True,VERIFIED,Global proxy for import-price/external shock; not a country-specific import-price index; do not merge mechanically into country-level or quarterly/annual variables
WLD,"World (global series, not country-specific)",energy_price_index,Global energy price index (fuel commodity price index) - external shock proxy,Monthly,2022-M09,330.1495860931828,"Index, 2016=100",SOURCE,"IMF Primary Commodity Price System (PCPS), G001.PNRG.INDEX.M",True,VERIFIED,Global proxy for import-price/external shock; not a country-specific import-price index; do not merge mechanically into country-level or quarterly/annual variables
WLD,"World (global series, not country-specific)",energy_price_index,Global energy price index (fuel commodity price index) - external shock proxy,Monthly,2022-M10,259.8586760893041,"Index, 2016=100",SOURCE,"IMF Primary Commodity Price System (PCPS), G001.PNRG.INDEX.M",True,VERIFIED,Global proxy for import-price/external shock; not a country-specific import-price index; do not merge mechanically into country-level or quarterly/annual variables
WLD,"World (global series, not country-specific)",energy_price_index,Global energy price index (fuel commodity price index) - external shock proxy,Monthly,2022-M11,256.8597387288265,"Index, 2016=100",SOURCE,"IMF Primary Commodity Price System (PCPS), G001.PNRG.INDEX.M",True,VERIFIED,Global proxy for import-price/external shock; not a country-specific import-price index; do not merge mechanically into country-level or quarterly/annual variables
WLD,"World (global series, not country-specific)",energy_price_index,Global energy price index (fuel commodity price index) - external shock proxy,Monthly,2022-M12,258.501791058344,"Index, 2016=100",SOURCE,"IMF Primary Commodity Price System (PCPS), G001.PNRG.INDEX.M",True,VERIFIED,Global proxy for import-price/external shock; not a country-specific import-price index; do not merge mechanically into country-level or quarterly/annual variables
WLD,"World (global series, not country-specific)",energy_price_index,Global energy price index (fuel commodity price index) - external shock proxy,Monthly,2023-M01,223.272584922532,"Index, 2016=100",SOURCE,"IMF Primary Commodity Price System (PCPS), G001.PNRG.INDEX.M",True,VERIFIED,Global proxy for import-price/external shock; not a country-specific import-price index; do not merge mechanically into country-level or quarterly/annual variables
WLD,"World (global series, not country-specific)",energy_price_index,Global energy price index (fuel commodity price index) - external shock proxy,Monthly,2023-M02,201.7183932517231,"Index, 2016=100",SOURCE,"IMF Primary Commodity Price System (PCPS), G001.PNRG.INDEX.M",True,VERIFIED,Global proxy for import-price/external shock; not a country-specific import-price index; do not merge mechanically into country-level or quarterly/annual variables
WLD,"World (global series, not country-specific)",energy_price_index,Global energy price index (fuel commodity price index) - external shock proxy,Monthly,2023-M03,186.0231550314651,"Index, 2016=100",SOURCE,"IMF Primary Commodity Price System (PCPS), G001.PNRG.INDEX.M",True,VERIFIED,Global proxy for import-price/external shock; not a country-specific import-price index; do not merge mechanically into country-level or quarterly/annual variables
WLD,"World (global series, not country-specific)",energy_price_index,Global energy price index (fuel commodity price index) - external shock proxy,Monthly,2023-M04,192.3685226853726,"Index, 2016=100",SOURCE,"IMF Primary Commodity Price System (PCPS), G001.PNRG.INDEX.M",True,VERIFIED,Global proxy for import-price/external shock; not a country-specific import-price index; do not merge mechanically into country-level or quarterly/annual variables
WLD,"World (global series, not country-specific)",energy_price_index,Global energy price index (fuel commodity price index) - external shock proxy,Monthly,2023-M05,169.2259138224985,"Index, 2016=100",SOURCE,"IMF Primary Commodity Price System (PCPS), G001.PNRG.INDEX.M",True,VERIFIED,Global proxy for import-price/external shock; not a country-specific import-price index; do not merge mechanically into country-level or quarterly/annual variables
WLD,"World (global series, not country-specific)",energy_price_index,Global energy price index (fuel commodity price index) - external shock proxy,Monthly,2023-M06,165.8229234218773,"Index, 2016=100",SOURCE,"IMF Primary Commodity Price System (PCPS), G001.PNRG.INDEX.M",True,VERIFIED,Global proxy for import-price/external shock; not a country-specific import-price index; do not merge mechanically into country-level or quarterly/annual variables
WLD,"World (global series, not country-specific)",energy_price_index,Global energy price index (fuel commodity price index) - external shock proxy,Monthly,2023-M07,174.977180789158,"Index, 2016=100",SOURCE,"IMF Primary Commodity Price System (PCPS), G001.PNRG.INDEX.M",True,VERIFIED,Global proxy for import-price/external shock; not a country-specific import-price index; do not merge mechanically into country-level or quarterly/annual variables
WLD,"World (global series, not country-specific)",energy_price_index,Global energy price index (fuel commodity price index) - external shock proxy,Monthly,2023-M08,188.2219404587996,"Index, 2016=100",SOURCE,"IMF Primary Commodity Price System (PCPS), G001.PNRG.INDEX.M",True,VERIFIED,Global proxy for import-price/external shock; not a country-specific import-price index; do not merge mechanically into country-level or quarterly/annual variables
WLD,"World (global series, not country-specific)",energy_price_index,Global energy price index (fuel commodity price index) - external shock proxy,Monthly,2023-M09,204.5525243270592,"Index, 2016=100",SOURCE,"IMF Primary Commodity Price System (PCPS), G001.PNRG.INDEX.M",True,VERIFIED,Global proxy for import-price/external shock; not a country-specific import-price index; do not merge mechanically into country-level or quarterly/annual variables
WLD,"World (global series, not country-specific)",energy_price_index,Global energy price index (fuel commodity price index) - external shock proxy,Monthly,2023-M10,202.8911369638664,"Index, 2016=100",SOURCE,"IMF Primary Commodity Price System (PCPS), G001.PNRG.INDEX.M",True,VERIFIED,Global proxy for import-price/external shock; not a country-specific import-price index; do not merge mechanically into country-level or quarterly/annual variables
WLD,"World (global series, not country-specific)",energy_price_index,Global energy price index (fuel commodity price index) - external shock proxy,Monthly,2023-M11,189.8018053037805,"Index, 2016=100",SOURCE,"IMF Primary Commodity Price System (PCPS), G001.PNRG.INDEX.M",True,VERIFIED,Global proxy for import-price/external shock; not a country-specific import-price index; do not merge mechanically into country-level or quarterly/annual variables
WLD,"World (global series, not country-specific)",energy_price_index,Global energy price index (fuel commodity price index) - external shock proxy,Monthly,2023-M12,175.1840980917202,"Index, 2016=100",SOURCE,"IMF Primary Commodity Price System (PCPS), G001.PNRG.INDEX.M",True,VERIFIED,Global proxy for import-price/external shock; not a country-specific import-price index; do not merge mechanically into country-level or quarterly/annual variables
WLD,"World (global series, not country-specific)",energy_price_index,Global energy price index (fuel commodity price index) - external shock proxy,Monthly,2024-M01,173.6640205259355,"Index, 2016=100",SOURCE,"IMF Primary Commodity Price System (PCPS), G001.PNRG.INDEX.M",True,VERIFIED,Global proxy for import-price/external shock; not a country-specific import-price index; do not merge mechanically into country-level or quarterly/annual variables
WLD,"World (global series, not country-specific)",energy_price_index,Global energy price index (fuel commodity price index) - external shock proxy,Monthly,2024-M02,173.2323323553905,"Index, 2016=100",SOURCE,"IMF Primary Commodity Price System (PCPS), G001.PNRG.INDEX.M",True,VERIFIED,Global proxy for import-price/external shock; not a country-specific import-price index; do not merge mechanically into country-level or quarterly/annual variables
WLD,"World (global series, not country-specific)",energy_price_index,Global energy price index (fuel commodity price index) - external shock proxy,Monthly,2024-M03,179.8155650932255,"Index, 2016=100",SOURCE,"IMF Primary Commodity Price System (PCPS), G001.PNRG.INDEX.M",True,VERIFIED,Global proxy for import-price/external shock; not a country-specific import-price index; do not merge mechanically into country-level or quarterly/annual variables
WLD,"World (global series, not country-specific)",energy_price_index,Global energy price index (fuel commodity price index) - external shock proxy,Monthly,2024-M04,188.5315561629088,"Index, 2016=100",SOURCE,"IMF Primary Commodity Price System (PCPS), G001.PNRG.INDEX.M",True,VERIFIED,Global proxy for import-price/external shock; not a country-specific import-price index; do not merge mechanically into country-level or quarterly/annual variables
WLD,"World (global series, not country-specific)",energy_price_index,Global energy price index (fuel commodity price index) - external shock proxy,Monthly,2024-M05,182.8789595454863,"Index, 2016=100",SOURCE,"IMF Primary Commodity Price System (PCPS), G001.PNRG.INDEX.M",True,VERIFIED,Global proxy for import-price/external shock; not a country-specific import-price index; do not merge mechanically into country-level or quarterly/annual variables
WLD,"World (global series, not country-specific)",energy_price_index,Global energy price index (fuel commodity price index) - external shock proxy,Monthly,2024-M06,186.0419237433811,"Index, 2016=100",SOURCE,"IMF Primary Commodity Price System (PCPS), G001.PNRG.INDEX.M",True,VERIFIED,Global proxy for import-price/external shock; not a country-specific import-price index; do not merge mechanically into country-level or quarterly/annual variables
WLD,"World (global series, not country-specific)",energy_price_index,Global energy price index (fuel commodity price index) - external shock proxy,Monthly,2024-M07,185.9345287924445,"Index, 2016=100",SOURCE,"IMF Primary Commodity Price System (PCPS), G001.PNRG.INDEX.M",True,VERIFIED,Global proxy for import-price/external shock; not a country-specific import-price index; do not merge mechanically into country-level or quarterly/annual variables
WLD,"World (global series, not country-specific)",energy_price_index,Global energy price index (fuel commodity price index) - external shock proxy,Monthly,2024-M08,181.705164524972,"Index, 2016=100",SOURCE,"IMF Primary Commodity Price System (PCPS), G001.PNRG.INDEX.M",True,VERIFIED,Global proxy for import-price/external shock; not a country-specific import-price index; do not merge mechanically into country-level or quarterly/annual variables
WLD,"World (global series, not country-specific)",energy_price_index,Global energy price index (fuel commodity price index) - external shock proxy,Monthly,2024-M09,170.4434378104248,"Index, 2016=100",SOURCE,"IMF Primary Commodity Price System (PCPS), G001.PNRG.INDEX.M",True,VERIFIED,Global proxy for import-price/external shock; not a country-specific import-price index; do not merge mechanically into country-level or quarterly/annual variables
WLD,"World (global series, not country-specific)",energy_price_index,Global energy price index (fuel commodity price index) - external shock proxy,Monthly,2024-M10,177.0238586812286,"Index, 2016=100",SOURCE,"IMF Primary Commodity Price System (PCPS), G001.PNRG.INDEX.M",True,VERIFIED,Global proxy for import-price/external shock; not a country-specific import-price index; do not merge mechanically into country-level or quarterly/annual variables
WLD,"World (global series, not country-specific)",energy_price_index,Global energy price index (fuel commodity price index) - external shock proxy,Monthly,2024-M11,177.3429905202664,"Index, 2016=100",SOURCE,"IMF Primary Commodity Price System (PCPS), G001.PNRG.INDEX.M",True,VERIFIED,Global proxy for import-price/external shock; not a country-specific import-price index; do not merge mechanically into country-level or quarterly/annual variables
WLD,"World (global series, not country-specific)",energy_price_index,Global energy price index (fuel commodity price index) - external shock proxy,Monthly,2024-M12,177.4299483669488,"Index, 2016=100",SOURCE,"IMF Primary Commodity Price System (PCPS), G001.PNRG.INDEX.M",True,VERIFIED,Global proxy for import-price/external shock; not a country-specific import-price index; do not merge mechanically into country-level or quarterly/annual variables
WLD,"World (global series, not country-specific)",energy_price_index,Global energy price index (fuel commodity price index) - external shock proxy,Monthly,2025-M01,188.622773766699,"Index, 2016=100",SOURCE,"IMF Primary Commodity Price System (PCPS), G001.PNRG.INDEX.M",True,VERIFIED,Global proxy for import-price/external shock; not a country-specific import-price index; do not merge mechanically into country-level or quarterly/annual variables
WLD,"World (global series, not country-specific)",energy_price_index,Global energy price index (fuel commodity price index) - external shock proxy,Monthly,2025-M02,183.1358024813104,"Index, 2016=100",SOURCE,"IMF Primary Commodity Price System (PCPS), G001.PNRG.INDEX.M",True,VERIFIED,Global proxy for import-price/external shock; not a country-specific import-price index; do not merge mechanically into country-level or quarterly/annual variables
WLD,"World (global series, not country-specific)",energy_price_index,Global energy price index (fuel commodity price index) - external shock proxy,Monthly,2025-M03,172.7630795754744,"Index, 2016=100",SOURCE,"IMF Primary Commodity Price System (PCPS), G001.PNRG.INDEX.M",True,VERIFIED,Global proxy for import-price/external shock; not a country-specific import-price index; do not merge mechanically into country-level or quarterly/annual variables
WLD,"World (global series, not country-specific)",energy_price_index,Global energy price index (fuel commodity price index) - external shock proxy,Monthly,2025-M04,159.4597637582432,"Index, 2016=100",SOURCE,"IMF Primary Commodity Price System (PCPS), G001.PNRG.INDEX.M",True,VERIFIED,Global proxy for import-price/external shock; not a country-specific import-price index; do not merge mechanically into country-level or quarterly/annual variables
WLD,"World (global series, not country-specific)",energy_price_index,Global energy price index (fuel commodity price index) - external shock proxy,Monthly,2025-M05,154.2231656881384,"Index, 2016=100",SOURCE,"IMF Primary Commodity Price System (PCPS), G001.PNRG.INDEX.M",True,VERIFIED,Global proxy for import-price/external shock; not a country-specific import-price index; do not merge mechanically into country-level or quarterly/annual variables
WLD,"World (global series, not country-specific)",energy_price_index,Global energy price index (fuel commodity price index) - external shock proxy,Monthly,2025-M06,167.0528804982224,"Index, 2016=100",SOURCE,"IMF Primary Commodity Price System (PCPS), G001.PNRG.INDEX.M",True,VERIFIED,Global proxy for import-price/external shock; not a country-specific import-price index; do not merge mechanically into country-level or quarterly/annual variables
WLD,"World (global series, not country-specific)",energy_price_index,Global energy price index (fuel commodity price index) - external shock proxy,Monthly,2025-M07,165.0866976866895,"Index, 2016=100",SOURCE,"IMF Primary Commodity Price System (PCPS), G001.PNRG.INDEX.M",True,VERIFIED,Global proxy for import-price/external shock; not a country-specific import-price index; do not merge mechanically into country-level or quarterly/annual variables
WLD,"World (global series, not country-specific)",energy_price_index,Global energy price index (fuel commodity price index) - external shock proxy,Monthly,2025-M08,158.2508456044989,"Index, 2016=100",SOURCE,"IMF Primary Commodity Price System (PCPS), G001.PNRG.INDEX.M",True,VERIFIED,Global proxy for import-price/external shock; not a country-specific import-price index; do not merge mechanically into country-level or quarterly/annual variables
WLD,"World (global series, not country-specific)",energy_price_index,Global energy price index (fuel commodity price index) - external shock proxy,Monthly,2025-M09,157.8576001483637,"Index, 2016=100",SOURCE,"IMF Primary Commodity Price System (PCPS), G001.PNRG.INDEX.M",True,VERIFIED,Global proxy for import-price/external shock; not a country-specific import-price index; do not merge mechanically into country-level or quarterly/annual variables
WLD,"World (global series, not country-specific)",energy_price_index,Global energy price index (fuel commodity price index) - external shock proxy,Monthly,2025-M10,151.1148708189346,"Index, 2016=100",SOURCE,"IMF Primary Commodity Price System (PCPS), G001.PNRG.INDEX.M",True,VERIFIED,Global proxy for import-price/external shock; not a country-specific import-price index; do not merge mechanically into country-level or quarterly/annual variables
WLD,"World (global series, not country-specific)",energy_price_index,Global energy price index (fuel commodity price index) - external shock proxy,Monthly,2025-M11,152.7264220051001,"Index, 2016=100",SOURCE,"IMF Primary Commodity Price System (PCPS), G001.PNRG.INDEX.M",True,VERIFIED,Global proxy for import-price/external shock; not a country-specific import-price index; do not merge mechanically into country-level or quarterly/annual variables
WLD,"World (global series, not country-specific)",energy_price_index,Global energy price index (fuel commodity price index) - external shock proxy,Monthly,2025-M12,147.3514065804908,"Index, 2016=100",SOURCE,"IMF Primary Commodity Price System (PCPS), G001.PNRG.INDEX.M",True,VERIFIED,Global proxy for import-price/external shock; not a country-specific import-price index; do not merge mechanically into country-level or quarterly/annual variables
WLD,"World (global series, not country-specific)",energy_price_index,Global energy price index (fuel commodity price index) - external shock proxy,Monthly,2026-M01,153.6561816639817,"Index, 2016=100",SOURCE,"IMF Primary Commodity Price System (PCPS), G001.PNRG.INDEX.M",True,VERIFIED,Global proxy for import-price/external shock; not a country-specific import-price index; do not merge mechanically into country-level or quarterly/annual variables
WLD,"World (global series, not country-specific)",energy_price_index,Global energy price index (fuel commodity price index) - external shock proxy,Monthly,2026-M02,159.2083540785469,"Index, 2016=100",SOURCE,"IMF Primary Commodity Price System (PCPS), G001.PNRG.INDEX.M",True,VERIFIED,Global proxy for import-price/external shock; not a country-specific import-price index; do not merge mechanically into country-level or quarterly/annual variables
WLD,"World (global series, not country-specific)",energy_price_index,Global energy price index (fuel commodity price index) - external shock proxy,Monthly,2026-M03,242.277532944728,"Index, 2016=100",SOURCE,"IMF Primary Commodity Price System (PCPS), G001.PNRG.INDEX.M",True,VERIFIED,Global proxy for import-price/external shock; not a country-specific import-price index; do not merge mechanically into country-level or quarterly/annual variables
WLD,"World (global series, not country-specific)",energy_price_index,Global energy price index (fuel commodity price index) - external shock proxy,Monthly,2026-M04,229.3832997719893,"Index, 2016=100",SOURCE,"IMF Primary Commodity Price System (PCPS), G001.PNRG.INDEX.M",True,VERIFIED,Global proxy for import-price/external shock; not a country-specific import-price index; do not merge mechanically into country-level or quarterly/annual variables
WLD,"World (global series, not country-specific)",energy_price_index,Global energy price index (fuel commodity price index) - external shock proxy,Monthly,2026-M05,231.9829381765724,"Index, 2016=100",SOURCE,"IMF Primary Commodity Price System (PCPS), G001.PNRG.INDEX.M",True,VERIFIED,Global proxy for import-price/external shock; not a country-specific import-price index; do not merge mechanically into country-level or quarterly/annual variables
WLD,"World (global series, not country-specific)",energy_price_index,Global energy price index (fuel commodity price index) - external shock proxy,Monthly,2026-M06,198.7977403690703,"Index, 2016=100",SOURCE,"IMF Primary Commodity Price System (PCPS), G001.PNRG.INDEX.M",True,VERIFIED,Global proxy for import-price/external shock; not a country-specific import-price index; do not merge mechanically into country-level or quarterly/annual variables
WLD,"World (global series, not country-specific)",energy_price_index,Global energy price index (fuel commodity price index) - external shock proxy,Monthly,2026-M07,198.7038051292526,"Index, 2016=100",SOURCE,"IMF Primary Commodity Price System (PCPS), G001.PNRG.INDEX.M",False,VERIFIED,Global proxy for import-price/external shock; not a country-specific import-price index; do not merge mechanically into country-level or quarterly/annual variables
WLD,"World (global series, not country-specific)",energy_price_index,Global energy price index (fuel commodity price index) - external shock proxy,Monthly,2026-M08,215.0249345001374,"Index, 2016=100",SOURCE,"IMF Primary Commodity Price System (PCPS), G001.PNRG.INDEX.M",False,VERIFIED,Global proxy for import-price/external shock; not a country-specific import-price index; do not merge mechanically into country-level or quarterly/annual variables
BGD,Bangladesh,exchange_rate_eop,"Nominal exchange rate, end-of-period (local currency per USD)",Monthly,2018-M01,82.9,LCU per USD,SOURCE,"IMF Exchange Rates (ER), XDC_USD.EOP_RT.M",True,VERIFIED,
BGD,Bangladesh,exchange_rate_eop,"Nominal exchange rate, end-of-period (local currency per USD)",Monthly,2018-M02,82.96,LCU per USD,SOURCE,"IMF Exchange Rates (ER), XDC_USD.EOP_RT.M",True,VERIFIED,
BGD,Bangladesh,exchange_rate_eop,"Nominal exchange rate, end-of-period (local currency per USD)",Monthly,2018-M03,82.96,LCU per USD,SOURCE,"IMF Exchange Rates (ER), XDC_USD.EOP_RT.M",True,VERIFIED,
BGD,Bangladesh,exchange_rate_eop,"Nominal exchange rate, end-of-period (local currency per USD)",Monthly,2018-M04,82.98,LCU per USD,SOURCE,"IMF Exchange Rates (ER), XDC_USD.EOP_RT.M",True,VERIFIED,
BGD,Bangladesh,exchange_rate_eop,"Nominal exchange rate, end-of-period (local currency per USD)",Monthly,2018-M05,83.7,LCU per USD,SOURCE,"IMF Exchange Rates (ER), XDC_USD.EOP_RT.M",True,VERIFIED,
BGD,Bangladesh,exchange_rate_eop,"Nominal exchange rate, end-of-period (local currency per USD)",Monthly,2018-M06,83.725,LCU per USD,SOURCE,"IMF Exchange Rates (ER), XDC_USD.EOP_RT.M",True,VERIFIED,
BGD,Bangladesh,exchange_rate_eop,"Nominal exchange rate, end-of-period (local currency per USD)",Monthly,2018-M07,83.75,LCU per USD,SOURCE,"IMF Exchange Rates (ER), XDC_USD.EOP_RT.M",True,VERIFIED,
BGD,Bangladesh,exchange_rate_eop,"Nominal exchange rate, end-of-period (local currency per USD)",Monthly,2018-M08,83.75,LCU per USD,SOURCE,"IMF Exchange Rates (ER), XDC_USD.EOP_RT.M",True,VERIFIED,
BGD,Bangladesh,exchange_rate_eop,"Nominal exchange rate, end-of-period (local currency per USD)",Monthly,2018-M09,83.75,LCU per USD,SOURCE,"IMF Exchange Rates (ER), XDC_USD.EOP_RT.M",True,VERIFIED,
BGD,Bangladesh,exchange_rate_eop,"Nominal exchange rate, end-of-period (local currency per USD)",Monthly,2018-M10,83.85,LCU per USD,SOURCE,"IMF Exchange Rates (ER), XDC_USD.EOP_RT.M",True,VERIFIED,
BGD,Bangladesh,exchange_rate_eop,"Nominal exchange rate, end-of-period (local currency per USD)",Monthly,2018-M11,83.9,LCU per USD,SOURCE,"IMF Exchange Rates (ER), XDC_USD.EOP_RT.M",True,VERIFIED,
BGD,Bangladesh,exchange_rate_eop,"Nominal exchange rate, end-of-period (local currency per USD)",Monthly,2018-M12,83.9,LCU per USD,SOURCE,"IMF Exchange Rates (ER), XDC_USD.EOP_RT.M",True,VERIFIED,
BGD,Bangladesh,exchange_rate_eop,"Nominal exchange rate, end-of-period (local currency per USD)",Monthly,2019-M01,83.95,LCU per USD,SOURCE,"IMF Exchange Rates (ER), XDC_USD.EOP_RT.M",True,VERIFIED,
BGD,Bangladesh,exchange_rate_eop,"Nominal exchange rate, end-of-period (local currency per USD)",Monthly,2019-M02,84.15,LCU per USD,SOURCE,"IMF Exchange Rates (ER), XDC_USD.EOP_RT.M",True,VERIFIED,
BGD,Bangladesh,exchange_rate_eop,"Nominal exchange rate, end-of-period (local currency per USD)",Monthly,2019-M03,84.25,LCU per USD,SOURCE,"IMF Exchange Rates (ER), XDC_USD.EOP_RT.M",True,VERIFIED,
BGD,Bangladesh,exchange_rate_eop,"Nominal exchange rate, end-of-period (local currency per USD)",Monthly,2019-M04,84.45,LCU per USD,SOURCE,"IMF Exchange Rates (ER), XDC_USD.EOP_RT.M",True,VERIFIED,
BGD,Bangladesh,exchange_rate_eop,"Nominal exchange rate, end-of-period (local currency per USD)",Monthly,2019-M05,84.5,LCU per USD,SOURCE,"IMF Exchange Rates (ER), XDC_USD.EOP_RT.M",True,VERIFIED,
BGD,Bangladesh,exchange_rate_eop,"Nominal exchange rate, end-of-period (local currency per USD)",Monthly,2019-M06,84.5,LCU per USD,SOURCE,"IMF Exchange Rates (ER), XDC_USD.EOP_RT.M",True,VERIFIED,
BGD,Bangladesh,exchange_rate_eop,"Nominal exchange rate, end-of-period (local currency per USD)",Monthly,2019-M07,84.5,LCU per USD,SOURCE,"IMF Exchange Rates (ER), XDC_USD.EOP_RT.M",True,VERIFIED,
BGD,Bangladesh,exchange_rate_eop,"Nominal exchange rate, end-of-period (local currency per USD)",Monthly,2019-M08,84.5,LCU per USD,SOURCE,"IMF Exchange Rates (ER), XDC_USD.EOP_RT.M",True,VERIFIED,
BGD,Bangladesh,exchange_rate_eop,"Nominal exchange rate, end-of-period (local currency per USD)",Monthly,2019-M09,84.5,LCU per USD,SOURCE,"IMF Exchange Rates (ER), XDC_USD.EOP_RT.M",True,VERIFIED,
BGD,Bangladesh,exchange_rate_eop,"Nominal exchange rate, end-of-period (local currency per USD)",Monthly,2019-M10,84.75,LCU per USD,SOURCE,"IMF Exchange Rates (ER), XDC_USD.EOP_RT.M",True,VERIFIED,
BGD,Bangladesh,exchange_rate_eop,"Nominal exchange rate, end-of-period (local currency per USD)",Monthly,2019-M11,84.9,LCU per USD,SOURCE,"IMF Exchange Rates (ER), XDC_USD.EOP_RT.M",True,VERIFIED,
BGD,Bangladesh,exchange_rate_eop,"Nominal exchange rate, end-of-period (local currency per USD)",Monthly,2019-M12,84.9,LCU per USD,SOURCE,"IMF Exchange Rates (ER), XDC_USD.EOP_RT.M",True,VERIFIED,
BGD,Bangladesh,exchange_rate_eop,"Nominal exchange rate, end-of-period (local currency per USD)",Monthly,2020-M01,84.9,LCU per USD,SOURCE,"IMF Exchange Rates (ER), XDC_USD.EOP_RT.M",True,VERIFIED,
BGD,Bangladesh,exchange_rate_eop,"Nominal exchange rate, end-of-period (local currency per USD)",Monthly,2020-M02,84.95,LCU per USD,SOURCE,"IMF Exchange Rates (ER), XDC_USD.EOP_RT.M",True,VERIFIED,
BGD,Bangladesh,exchange_rate_eop,"Nominal exchange rate, end-of-period (local currency per USD)",Monthly,2020-M03,84.95,LCU per USD,SOURCE,"IMF Exchange Rates (ER), XDC_USD.EOP_RT.M",True,VERIFIED,
BGD,Bangladesh,exchange_rate_eop,"Nominal exchange rate, end-of-period (local currency per USD)",Monthly,2020-M04,84.95,LCU per USD,SOURCE,"IMF Exchange Rates (ER), XDC_USD.EOP_RT.M",True,VERIFIED,
BGD,Bangladesh,exchange_rate_eop,"Nominal exchange rate, end-of-period (local currency per USD)",Monthly,2020-M05,84.95,LCU per USD,SOURCE,"IMF Exchange Rates (ER), XDC_USD.EOP_RT.M",True,VERIFIED,
BGD,Bangladesh,exchange_rate_eop,"Nominal exchange rate, end-of-period (local currency per USD)",Monthly,2020-M06,84.9,LCU per USD,SOURCE,"IMF Exchange Rates (ER), XDC_USD.EOP_RT.M",True,VERIFIED,
BGD,Bangladesh,exchange_rate_eop,"Nominal exchange rate, end-of-period (local currency per USD)",Monthly,2020-M07,84.8,LCU per USD,SOURCE,"IMF Exchange Rates (ER), XDC_USD.EOP_RT.M",True,VERIFIED,
BGD,Bangladesh,exchange_rate_eop,"Nominal exchange rate, end-of-period (local currency per USD)",Monthly,2020-M08,84.825,LCU per USD,SOURCE,"IMF Exchange Rates (ER), XDC_USD.EOP_RT.M",True,VERIFIED,
BGD,Bangladesh,exchange_rate_eop,"Nominal exchange rate, end-of-period (local currency per USD)",Monthly,2020-M09,84.84,LCU per USD,SOURCE,"IMF Exchange Rates (ER), XDC_USD.EOP_RT.M",True,VERIFIED,
BGD,Bangladesh,exchange_rate_eop,"Nominal exchange rate, end-of-period (local currency per USD)",Monthly,2020-M10,84.802,LCU per USD,SOURCE,"IMF Exchange Rates (ER), XDC_USD.EOP_RT.M",True,VERIFIED,
BGD,Bangladesh,exchange_rate_eop,"Nominal exchange rate, end-of-period (local currency per USD)",Monthly,2020-M11,84.8,LCU per USD,SOURCE,"IMF Exchange Rates (ER), XDC_USD.EOP_RT.M",True,VERIFIED,
BGD,Bangladesh,exchange_rate_eop,"Nominal exchange rate, end-of-period (local currency per USD)",Monthly,2020-M12,84.8,LCU per USD,SOURCE,"IMF Exchange Rates (ER), XDC_USD.EOP_RT.M",True,VERIFIED,
BGD,Bangladesh,exchange_rate_eop,"Nominal exchange rate, end-of-period (local currency per USD)",Monthly,2021-M01,84.801106,LCU per USD,SOURCE,"IMF Exchange Rates (ER), XDC_USD.EOP_RT.M",True,VERIFIED,
BGD,Bangladesh,exchange_rate_eop,"Nominal exchange rate, end-of-period (local currency per USD)",Monthly,2021-M02,84.8,LCU per USD,SOURCE,"IMF Exchange Rates (ER), XDC_USD.EOP_RT.M",True,VERIFIED,
BGD,Bangladesh,exchange_rate_eop,"Nominal exchange rate, end-of-period (local currency per USD)",Monthly,2021-M03,84.8,LCU per USD,SOURCE,"IMF Exchange Rates (ER), XDC_USD.EOP_RT.M",True,VERIFIED,
BGD,Bangladesh,exchange_rate_eop,"Nominal exchange rate, end-of-period (local currency per USD)",Monthly,2021-M04,84.8,LCU per USD,SOURCE,"IMF Exchange Rates (ER), XDC_USD.EOP_RT.M",True,VERIFIED,
BGD,Bangladesh,exchange_rate_eop,"Nominal exchange rate, end-of-period (local currency per USD)",Monthly,2021-M05,84.8,LCU per USD,SOURCE,"IMF Exchange Rates (ER), XDC_USD.EOP_RT.M",True,VERIFIED,
BGD,Bangladesh,exchange_rate_eop,"Nominal exchange rate, end-of-period (local currency per USD)",Monthly,2021-M06,84.8125,LCU per USD,SOURCE,"IMF Exchange Rates (ER), XDC_USD.EOP_RT.M",True,VERIFIED,
BGD,Bangladesh,exchange_rate_eop,"Nominal exchange rate, end-of-period (local currency per USD)",Monthly,2021-M07,84.8,LCU per USD,SOURCE,"IMF Exchange Rates (ER), XDC_USD.EOP_RT.M",True,VERIFIED,
BGD,Bangladesh,exchange_rate_eop,"Nominal exchange rate, end-of-period (local currency per USD)",Monthly,2021-M08,85.2,LCU per USD,SOURCE,"IMF Exchange Rates (ER), XDC_USD.EOP_RT.M",True,VERIFIED,
BGD,Bangladesh,exchange_rate_eop,"Nominal exchange rate, end-of-period (local currency per USD)",Monthly,2021-M09,85.5,LCU per USD,SOURCE,"IMF Exchange Rates (ER), XDC_USD.EOP_RT.M",True,VERIFIED,
BGD,Bangladesh,exchange_rate_eop,"Nominal exchange rate, end-of-period (local currency per USD)",Monthly,2021-M10,85.675,LCU per USD,SOURCE,"IMF Exchange Rates (ER), XDC_USD.EOP_RT.M",True,VERIFIED,
BGD,Bangladesh,exchange_rate_eop,"Nominal exchange rate, end-of-period (local currency per USD)",Monthly,2021-M11,85.8,LCU per USD,SOURCE,"IMF Exchange Rates (ER), XDC_USD.EOP_RT.M",True,VERIFIED,
BGD,Bangladesh,exchange_rate_eop,"Nominal exchange rate, end-of-period (local currency per USD)",Monthly,2021-M12,85.8,LCU per USD,SOURCE,"IMF Exchange Rates (ER), XDC_USD.EOP_RT.M",True,VERIFIED,
BGD,Bangladesh,exchange_rate_eop,"Nominal exchange rate, end-of-period (local currency per USD)",Monthly,2022-M01,86.0,LCU per USD,SOURCE,"IMF Exchange Rates (ER), XDC_USD.EOP_RT.M",True,VERIFIED,
BGD,Bangladesh,exchange_rate_eop,"Nominal exchange rate, end-of-period (local currency per USD)",Monthly,2022-M02,86.0,LCU per USD,SOURCE,"IMF Exchange Rates (ER), XDC_USD.EOP_RT.M",True,VERIFIED,
BGD,Bangladesh,exchange_rate_eop,"Nominal exchange rate, end-of-period (local currency per USD)",Monthly,2022-M03,86.2,LCU per USD,SOURCE,"IMF Exchange Rates (ER), XDC_USD.EOP_RT.M",True,VERIFIED,
BGD,Bangladesh,exchange_rate_eop,"Nominal exchange rate, end-of-period (local currency per USD)",Monthly,2022-M04,86.45,LCU per USD,SOURCE,"IMF Exchange Rates (ER), XDC_USD.EOP_RT.M",True,VERIFIED,
BGD,Bangladesh,exchange_rate_eop,"Nominal exchange rate, end-of-period (local currency per USD)",Monthly,2022-M05,89.0,LCU per USD,SOURCE,"IMF Exchange Rates (ER), XDC_USD.EOP_RT.M",True,VERIFIED,
BGD,Bangladesh,exchange_rate_eop,"Nominal exchange rate, end-of-period (local currency per USD)",Monthly,2022-M06,93.45,LCU per USD,SOURCE,"IMF Exchange Rates (ER), XDC_USD.EOP_RT.M",True,VERIFIED,
BGD,Bangladesh,exchange_rate_eop,"Nominal exchange rate, end-of-period (local currency per USD)",Monthly,2022-M07,94.7,LCU per USD,SOURCE,"IMF Exchange Rates (ER), XDC_USD.EOP_RT.M",True,VERIFIED,
BGD,Bangladesh,exchange_rate_eop,"Nominal exchange rate, end-of-period (local currency per USD)",Monthly,2022-M08,95.0,LCU per USD,SOURCE,"IMF Exchange Rates (ER), XDC_USD.EOP_RT.M",True,VERIFIED,
BGD,Bangladesh,exchange_rate_eop,"Nominal exchange rate, end-of-period (local currency per USD)",Monthly,2022-M09,96.0,LCU per USD,SOURCE,"IMF Exchange Rates (ER), XDC_USD.EOP_RT.M",True,VERIFIED,
BGD,Bangladesh,exchange_rate_eop,"Nominal exchange rate, end-of-period (local currency per USD)",Monthly,2022-M10,97.0,LCU per USD,SOURCE,"IMF Exchange Rates (ER), XDC_USD.EOP_RT.M",True,VERIFIED,
BGD,Bangladesh,exchange_rate_eop,"Nominal exchange rate, end-of-period (local currency per USD)",Monthly,2022-M11,98.0,LCU per USD,SOURCE,"IMF Exchange Rates (ER), XDC_USD.EOP_RT.M",True,VERIFIED,
BGD,Bangladesh,exchange_rate_eop,"Nominal exchange rate, end-of-period (local currency per USD)",Monthly,2022-M12,99.0,LCU per USD,SOURCE,"IMF Exchange Rates (ER), XDC_USD.EOP_RT.M",True,VERIFIED,
BGD,Bangladesh,exchange_rate_eop,"Nominal exchange rate, end-of-period (local currency per USD)",Monthly,2023-M01,100.0,LCU per USD,SOURCE,"IMF Exchange Rates (ER), XDC_USD.EOP_RT.M",True,VERIFIED,
BGD,Bangladesh,exchange_rate_eop,"Nominal exchange rate, end-of-period (local currency per USD)",Monthly,2023-M02,101.0,LCU per USD,SOURCE,"IMF Exchange Rates (ER), XDC_USD.EOP_RT.M",True,VERIFIED,
BGD,Bangladesh,exchange_rate_eop,"Nominal exchange rate, end-of-period (local currency per USD)",Monthly,2023-M03,102.0,LCU per USD,SOURCE,"IMF Exchange Rates (ER), XDC_USD.EOP_RT.M",True,VERIFIED,
BGD,Bangladesh,exchange_rate_eop,"Nominal exchange rate, end-of-period (local currency per USD)",Monthly,2023-M04,103.0,LCU per USD,SOURCE,"IMF Exchange Rates (ER), XDC_USD.EOP_RT.M",True,VERIFIED,
BGD,Bangladesh,exchange_rate_eop,"Nominal exchange rate, end-of-period (local currency per USD)",Monthly,2023-M05,104.5,LCU per USD,SOURCE,"IMF Exchange Rates (ER), XDC_USD.EOP_RT.M",True,VERIFIED,
BGD,Bangladesh,exchange_rate_eop,"Nominal exchange rate, end-of-period (local currency per USD)",Monthly,2023-M06,106.0,LCU per USD,SOURCE,"IMF Exchange Rates (ER), XDC_USD.EOP_RT.M",True,VERIFIED,
BGD,Bangladesh,exchange_rate_eop,"Nominal exchange rate, end-of-period (local currency per USD)",Monthly,2023-M07,109.0,LCU per USD,SOURCE,"IMF Exchange Rates (ER), XDC_USD.EOP_RT.M",True,VERIFIED,
BGD,Bangladesh,exchange_rate_eop,"Nominal exchange rate, end-of-period (local currency per USD)",Monthly,2023-M08,109.5,LCU per USD,SOURCE,"IMF Exchange Rates (ER), XDC_USD.EOP_RT.M",True,VERIFIED,
BGD,Bangladesh,exchange_rate_eop,"Nominal exchange rate, end-of-period (local currency per USD)",Monthly,2023-M09,110.25,LCU per USD,SOURCE,"IMF Exchange Rates (ER), XDC_USD.EOP_RT.M",True,VERIFIED,
BGD,Bangladesh,exchange_rate_eop,"Nominal exchange rate, end-of-period (local currency per USD)",Monthly,2023-M10,110.5,LCU per USD,SOURCE,"IMF Exchange Rates (ER), XDC_USD.EOP_RT.M",True,VERIFIED,
BGD,Bangladesh,exchange_rate_eop,"Nominal exchange rate, end-of-period (local currency per USD)",Monthly,2023-M11,110.5,LCU per USD,SOURCE,"IMF Exchange Rates (ER), XDC_USD.EOP_RT.M",True,VERIFIED,
BGD,Bangladesh,exchange_rate_eop,"Nominal exchange rate, end-of-period (local currency per USD)",Monthly,2023-M12,110.0,LCU per USD,SOURCE,"IMF Exchange Rates (ER), XDC_USD.EOP_RT.M",True,VERIFIED,
BGD,Bangladesh,exchange_rate_eop,"Nominal exchange rate, end-of-period (local currency per USD)",Monthly,2024-M01,110.0,LCU per USD,SOURCE,"IMF Exchange Rates (ER), XDC_USD.EOP_RT.M",True,VERIFIED,
BGD,Bangladesh,exchange_rate_eop,"Nominal exchange rate, end-of-period (local currency per USD)",Monthly,2024-M02,110.0,LCU per USD,SOURCE,"IMF Exchange Rates (ER), XDC_USD.EOP_RT.M",True,VERIFIED,
BGD,Bangladesh,exchange_rate_eop,"Nominal exchange rate, end-of-period (local currency per USD)",Monthly,2024-M03,110.0,LCU per USD,SOURCE,"IMF Exchange Rates (ER), XDC_USD.EOP_RT.M",True,VERIFIED,
BGD,Bangladesh,exchange_rate_eop,"Nominal exchange rate, end-of-period (local currency per USD)",Monthly,2024-M04,110.0,LCU per USD,SOURCE,"IMF Exchange Rates (ER), XDC_USD.EOP_RT.M",True,VERIFIED,
BGD,Bangladesh,exchange_rate_eop,"Nominal exchange rate, end-of-period (local currency per USD)",Monthly,2024-M05,117.7,LCU per USD,SOURCE,"IMF Exchange Rates (ER), XDC_USD.EOP_RT.M",True,VERIFIED,
BGD,Bangladesh,exchange_rate_eop,"Nominal exchange rate, end-of-period (local currency per USD)",Monthly,2024-M06,118.0,LCU per USD,SOURCE,"IMF Exchange Rates (ER), XDC_USD.EOP_RT.M",True,VERIFIED,
BGD,Bangladesh,exchange_rate_eop,"Nominal exchange rate, end-of-period (local currency per USD)",Monthly,2024-M07,118.0,LCU per USD,SOURCE,"IMF Exchange Rates (ER), XDC_USD.EOP_RT.M",True,VERIFIED,
BGD,Bangladesh,exchange_rate_eop,"Nominal exchange rate, end-of-period (local currency per USD)",Monthly,2024-M08,120.0,LCU per USD,SOURCE,"IMF Exchange Rates (ER), XDC_USD.EOP_RT.M",True,VERIFIED,
BGD,Bangladesh,exchange_rate_eop,"Nominal exchange rate, end-of-period (local currency per USD)",Monthly,2024-M09,120.0,LCU per USD,SOURCE,"IMF Exchange Rates (ER), XDC_USD.EOP_RT.M",True,VERIFIED,
BGD,Bangladesh,exchange_rate_eop,"Nominal exchange rate, end-of-period (local currency per USD)",Monthly,2024-M10,120.0,LCU per USD,SOURCE,"IMF Exchange Rates (ER), XDC_USD.EOP_RT.M",True,VERIFIED,
BGD,Bangladesh,exchange_rate_eop,"Nominal exchange rate, end-of-period (local currency per USD)",Monthly,2024-M11,120.0,LCU per USD,SOURCE,"IMF Exchange Rates (ER), XDC_USD.EOP_RT.M",True,VERIFIED,
BGD,Bangladesh,exchange_rate_eop,"Nominal exchange rate, end-of-period (local currency per USD)",Monthly,2024-M12,120.0,LCU per USD,SOURCE,"IMF Exchange Rates (ER), XDC_USD.EOP_RT.M",True,VERIFIED,
BGD,Bangladesh,exchange_rate_eop,"Nominal exchange rate, end-of-period (local currency per USD)",Monthly,2025-M01,121.925925925926,LCU per USD,SOURCE,"IMF Exchange Rates (ER), XDC_USD.EOP_RT.M",True,VERIFIED,
BGD,Bangladesh,exchange_rate_eop,"Nominal exchange rate, end-of-period (local currency per USD)",Monthly,2025-M02,122.0,LCU per USD,SOURCE,"IMF Exchange Rates (ER), XDC_USD.EOP_RT.M",True,VERIFIED,
BGD,Bangladesh,exchange_rate_eop,"Nominal exchange rate, end-of-period (local currency per USD)",Monthly,2025-M03,122.0,LCU per USD,SOURCE,"IMF Exchange Rates (ER), XDC_USD.EOP_RT.M",True,VERIFIED,
BGD,Bangladesh,exchange_rate_eop,"Nominal exchange rate, end-of-period (local currency per USD)",Monthly,2025-M04,122.0,LCU per USD,SOURCE,"IMF Exchange Rates (ER), XDC_USD.EOP_RT.M",True,VERIFIED,
BGD,Bangladesh,exchange_rate_eop,"Nominal exchange rate, end-of-period (local currency per USD)",Monthly,2025-M05,122.9,LCU per USD,SOURCE,"IMF Exchange Rates (ER), XDC_USD.EOP_RT.M",True,VERIFIED,
BGD,Bangladesh,exchange_rate_eop,"Nominal exchange rate, end-of-period (local currency per USD)",Monthly,2025-M06,122.775,LCU per USD,SOURCE,"IMF Exchange Rates (ER), XDC_USD.EOP_RT.M",True,VERIFIED,
BGD,Bangladesh,exchange_rate_eop,"Nominal exchange rate, end-of-period (local currency per USD)",Monthly,2025-M07,122.615,LCU per USD,SOURCE,"IMF Exchange Rates (ER), XDC_USD.EOP_RT.M",True,VERIFIED,
BGD,Bangladesh,exchange_rate_eop,"Nominal exchange rate, end-of-period (local currency per USD)",Monthly,2025-M08,121.64,LCU per USD,SOURCE,"IMF Exchange Rates (ER), XDC_USD.EOP_RT.M",True,VERIFIED,
BGD,Bangladesh,exchange_rate_eop,"Nominal exchange rate, end-of-period (local currency per USD)",Monthly,2025-M09,121.8,LCU per USD,SOURCE,"IMF Exchange Rates (ER), XDC_USD.EOP_RT.M",True,VERIFIED,
BGD,Bangladesh,exchange_rate_eop,"Nominal exchange rate, end-of-period (local currency per USD)",Monthly,2025-M10,122.29,LCU per USD,SOURCE,"IMF Exchange Rates (ER), XDC_USD.EOP_RT.M",True,VERIFIED,
BGD,Bangladesh,exchange_rate_eop,"Nominal exchange rate, end-of-period (local currency per USD)",Monthly,2025-M11,122.26,LCU per USD,SOURCE,"IMF Exchange Rates (ER), XDC_USD.EOP_RT.M",True,VERIFIED,
BGD,Bangladesh,exchange_rate_eop,"Nominal exchange rate, end-of-period (local currency per USD)",Monthly,2025-M12,122.325,LCU per USD,SOURCE,"IMF Exchange Rates (ER), XDC_USD.EOP_RT.M",True,VERIFIED,
BGD,Bangladesh,exchange_rate_eop,"Nominal exchange rate, end-of-period (local currency per USD)",Monthly,2026-M01,122.35,LCU per USD,SOURCE,"IMF Exchange Rates (ER), XDC_USD.EOP_RT.M",True,VERIFIED,
BGD,Bangladesh,exchange_rate_eop,"Nominal exchange rate, end-of-period (local currency per USD)",Monthly,2026-M02,122.3,LCU per USD,SOURCE,"IMF Exchange Rates (ER), XDC_USD.EOP_RT.M",True,VERIFIED,
BGD,Bangladesh,exchange_rate_eop,"Nominal exchange rate, end-of-period (local currency per USD)",Monthly,2026-M03,122.75,LCU per USD,SOURCE,"IMF Exchange Rates (ER), XDC_USD.EOP_RT.M",True,VERIFIED,
BGD,Bangladesh,exchange_rate_eop,"Nominal exchange rate, end-of-period (local currency per USD)",Monthly,2026-M04,122.75,LCU per USD,SOURCE,"IMF Exchange Rates (ER), XDC_USD.EOP_RT.M",True,VERIFIED,
BGD,Bangladesh,exchange_rate_eop,"Nominal exchange rate, end-of-period (local currency per USD)",Monthly,2026-M05,122.75,LCU per USD,SOURCE,"IMF Exchange Rates (ER), XDC_USD.EOP_RT.M",True,VERIFIED,
BGD,Bangladesh,exchange_rate_eop,"Nominal exchange rate, end-of-period (local currency per USD)",Monthly,2026-M06,122.85,LCU per USD,SOURCE,"IMF Exchange Rates (ER), XDC_USD.EOP_RT.M",True,VERIFIED,
BGD,Bangladesh,exchange_rate_eop,"Nominal exchange rate, end-of-period (local currency per USD)",Monthly,2026-M07,123.82,LCU per USD,SOURCE,"IMF Exchange Rates (ER), XDC_USD.EOP_RT.M",False,VERIFIED,
BGD,Bangladesh,exchange_rate_eop,"Nominal exchange rate, end-of-period (local currency per USD)",Monthly,2026-M08,123.0,LCU per USD,SOURCE,"IMF Exchange Rates (ER), XDC_USD.EOP_RT.M",False,VERIFIED,
PAK,Pakistan,exchange_rate_eop,"Nominal exchange rate, end-of-period (local currency per USD)",Monthly,2018-M01,110.5604,LCU per USD,SOURCE,"IMF Exchange Rates (ER), XDC_USD.EOP_RT.M",True,VERIFIED,
PAK,Pakistan,exchange_rate_eop,"Nominal exchange rate, end-of-period (local currency per USD)",Monthly,2018-M02,110.58625,LCU per USD,SOURCE,"IMF Exchange Rates (ER), XDC_USD.EOP_RT.M",True,VERIFIED,
PAK,Pakistan,exchange_rate_eop,"Nominal exchange rate, end-of-period (local currency per USD)",Monthly,2018-M03,115.5052,LCU per USD,SOURCE,"IMF Exchange Rates (ER), XDC_USD.EOP_RT.M",True,VERIFIED,
PAK,Pakistan,exchange_rate_eop,"Nominal exchange rate, end-of-period (local currency per USD)",Monthly,2018-M04,115.60745,LCU per USD,SOURCE,"IMF Exchange Rates (ER), XDC_USD.EOP_RT.M",True,VERIFIED,
PAK,Pakistan,exchange_rate_eop,"Nominal exchange rate, end-of-period (local currency per USD)",Monthly,2018-M05,115.6142,LCU per USD,SOURCE,"IMF Exchange Rates (ER), XDC_USD.EOP_RT.M",True,VERIFIED,
PAK,Pakistan,exchange_rate_eop,"Nominal exchange rate, end-of-period (local currency per USD)",Monthly,2018-M06,121.5405,LCU per USD,SOURCE,"IMF Exchange Rates (ER), XDC_USD.EOP_RT.M",True,VERIFIED,
PAK,Pakistan,exchange_rate_eop,"Nominal exchange rate, end-of-period (local currency per USD)",Monthly,2018-M07,124.2388,LCU per USD,SOURCE,"IMF Exchange Rates (ER), XDC_USD.EOP_RT.M",True,VERIFIED,
PAK,Pakistan,exchange_rate_eop,"Nominal exchange rate, end-of-period (local currency per USD)",Monthly,2018-M08,124.246,LCU per USD,SOURCE,"IMF Exchange Rates (ER), XDC_USD.EOP_RT.M",True,VERIFIED,
PAK,Pakistan,exchange_rate_eop,"Nominal exchange rate, end-of-period (local currency per USD)",Monthly,2018-M09,124.2374,LCU per USD,SOURCE,"IMF Exchange Rates (ER), XDC_USD.EOP_RT.M",True,VERIFIED,
PAK,Pakistan,exchange_rate_eop,"Nominal exchange rate, end-of-period (local currency per USD)",Monthly,2018-M10,132.5482,LCU per USD,SOURCE,"IMF Exchange Rates (ER), XDC_USD.EOP_RT.M",True,VERIFIED,
PAK,Pakistan,exchange_rate_eop,"Nominal exchange rate, end-of-period (local currency per USD)",Monthly,2018-M11,140.2686,LCU per USD,SOURCE,"IMF Exchange Rates (ER), XDC_USD.EOP_RT.M",True,VERIFIED,
PAK,Pakistan,exchange_rate_eop,"Nominal exchange rate, end-of-period (local currency per USD)",Monthly,2018-M12,138.79215,LCU per USD,SOURCE,"IMF Exchange Rates (ER), XDC_USD.EOP_RT.M",True,VERIFIED,
PAK,Pakistan,exchange_rate_eop,"Nominal exchange rate, end-of-period (local currency per USD)",Monthly,2019-M01,138.2553,LCU per USD,SOURCE,"IMF Exchange Rates (ER), XDC_USD.EOP_RT.M",True,VERIFIED,
PAK,Pakistan,exchange_rate_eop,"Nominal exchange rate, end-of-period (local currency per USD)",Monthly,2019-M02,139.05565,LCU per USD,SOURCE,"IMF Exchange Rates (ER), XDC_USD.EOP_RT.M",True,VERIFIED,
PAK,Pakistan,exchange_rate_eop,"Nominal exchange rate, end-of-period (local currency per USD)",Monthly,2019-M03,140.70085,LCU per USD,SOURCE,"IMF Exchange Rates (ER), XDC_USD.EOP_RT.M",True,VERIFIED,
PAK,Pakistan,exchange_rate_eop,"Nominal exchange rate, end-of-period (local currency per USD)",Monthly,2019-M04,141.3247,LCU per USD,SOURCE,"IMF Exchange Rates (ER), XDC_USD.EOP_RT.M",True,VERIFIED,
PAK,Pakistan,exchange_rate_eop,"Nominal exchange rate, end-of-period (local currency per USD)",Monthly,2019-M05,148.0547,LCU per USD,SOURCE,"IMF Exchange Rates (ER), XDC_USD.EOP_RT.M",True,VERIFIED,
PAK,Pakistan,exchange_rate_eop,"Nominal exchange rate, end-of-period (local currency per USD)",Monthly,2019-M06,163.054575,LCU per USD,SOURCE,"IMF Exchange Rates (ER), XDC_USD.EOP_RT.M",True,VERIFIED,
PAK,Pakistan,exchange_rate_eop,"Nominal exchange rate, end-of-period (local currency per USD)",Monthly,2019-M07,159.712218,LCU per USD,SOURCE,"IMF Exchange Rates (ER), XDC_USD.EOP_RT.M",True,VERIFIED,
PAK,Pakistan,exchange_rate_eop,"Nominal exchange rate, end-of-period (local currency per USD)",Monthly,2019-M08,156.8249,LCU per USD,SOURCE,"IMF Exchange Rates (ER), XDC_USD.EOP_RT.M",True,VERIFIED,
PAK,Pakistan,exchange_rate_eop,"Nominal exchange rate, end-of-period (local currency per USD)",Monthly,2019-M09,156.2958,LCU per USD,SOURCE,"IMF Exchange Rates (ER), XDC_USD.EOP_RT.M",True,VERIFIED,
PAK,Pakistan,exchange_rate_eop,"Nominal exchange rate, end-of-period (local currency per USD)",Monthly,2019-M10,155.71075,LCU per USD,SOURCE,"IMF Exchange Rates (ER), XDC_USD.EOP_RT.M",True,VERIFIED,
PAK,Pakistan,exchange_rate_eop,"Nominal exchange rate, end-of-period (local currency per USD)",Monthly,2019-M11,155.2497,LCU per USD,SOURCE,"IMF Exchange Rates (ER), XDC_USD.EOP_RT.M",True,VERIFIED,
PAK,Pakistan,exchange_rate_eop,"Nominal exchange rate, end-of-period (local currency per USD)",Monthly,2019-M12,154.86565,LCU per USD,SOURCE,"IMF Exchange Rates (ER), XDC_USD.EOP_RT.M",True,VERIFIED,
PAK,Pakistan,exchange_rate_eop,"Nominal exchange rate, end-of-period (local currency per USD)",Monthly,2020-M01,154.4478,LCU per USD,SOURCE,"IMF Exchange Rates (ER), XDC_USD.EOP_RT.M",True,VERIFIED,
PAK,Pakistan,exchange_rate_eop,"Nominal exchange rate, end-of-period (local currency per USD)",Monthly,2020-M02,154.2115,LCU per USD,SOURCE,"IMF Exchange Rates (ER), XDC_USD.EOP_RT.M",True,VERIFIED,
PAK,Pakistan,exchange_rate_eop,"Nominal exchange rate, end-of-period (local currency per USD)",Monthly,2020-M03,166.40175,LCU per USD,SOURCE,"IMF Exchange Rates (ER), XDC_USD.EOP_RT.M",True,VERIFIED,
PAK,Pakistan,exchange_rate_eop,"Nominal exchange rate, end-of-period (local currency per USD)",Monthly,2020-M04,160.58945,LCU per USD,SOURCE,"IMF Exchange Rates (ER), XDC_USD.EOP_RT.M",True,VERIFIED,
PAK,Pakistan,exchange_rate_eop,"Nominal exchange rate, end-of-period (local currency per USD)",Monthly,2020-M05,161.44275,LCU per USD,SOURCE,"IMF Exchange Rates (ER), XDC_USD.EOP_RT.M",True,VERIFIED,
PAK,Pakistan,exchange_rate_eop,"Nominal exchange rate, end-of-period (local currency per USD)",Monthly,2020-M06,168.16615,LCU per USD,SOURCE,"IMF Exchange Rates (ER), XDC_USD.EOP_RT.M",True,VERIFIED,
PAK,Pakistan,exchange_rate_eop,"Nominal exchange rate, end-of-period (local currency per USD)",Monthly,2020-M07,167.5723,LCU per USD,SOURCE,"IMF Exchange Rates (ER), XDC_USD.EOP_RT.M",True,VERIFIED,
PAK,Pakistan,exchange_rate_eop,"Nominal exchange rate, end-of-period (local currency per USD)",Monthly,2020-M08,166.4174,LCU per USD,SOURCE,"IMF Exchange Rates (ER), XDC_USD.EOP_RT.M",True,VERIFIED,
PAK,Pakistan,exchange_rate_eop,"Nominal exchange rate, end-of-period (local currency per USD)",Monthly,2020-M09,165.7857,LCU per USD,SOURCE,"IMF Exchange Rates (ER), XDC_USD.EOP_RT.M",True,VERIFIED,
PAK,Pakistan,exchange_rate_eop,"Nominal exchange rate, end-of-period (local currency per USD)",Monthly,2020-M10,160.3788,LCU per USD,SOURCE,"IMF Exchange Rates (ER), XDC_USD.EOP_RT.M",True,VERIFIED,
PAK,Pakistan,exchange_rate_eop,"Nominal exchange rate, end-of-period (local currency per USD)",Monthly,2020-M11,159.384914,LCU per USD,SOURCE,"IMF Exchange Rates (ER), XDC_USD.EOP_RT.M",True,VERIFIED,
PAK,Pakistan,exchange_rate_eop,"Nominal exchange rate, end-of-period (local currency per USD)",Monthly,2020-M12,159.59175,LCU per USD,SOURCE,"IMF Exchange Rates (ER), XDC_USD.EOP_RT.M",True,VERIFIED,
PAK,Pakistan,exchange_rate_eop,"Nominal exchange rate, end-of-period (local currency per USD)",Monthly,2021-M01,160.133891,LCU per USD,SOURCE,"IMF Exchange Rates (ER), XDC_USD.EOP_RT.M",True,VERIFIED,
PAK,Pakistan,exchange_rate_eop,"Nominal exchange rate, end-of-period (local currency per USD)",Monthly,2021-M02,158.105737,LCU per USD,SOURCE,"IMF Exchange Rates (ER), XDC_USD.EOP_RT.M",True,VERIFIED,
PAK,Pakistan,exchange_rate_eop,"Nominal exchange rate, end-of-period (local currency per USD)",Monthly,2021-M03,152.60595,LCU per USD,SOURCE,"IMF Exchange Rates (ER), XDC_USD.EOP_RT.M",True,VERIFIED,
PAK,Pakistan,exchange_rate_eop,"Nominal exchange rate, end-of-period (local currency per USD)",Monthly,2021-M04,153.8667,LCU per USD,SOURCE,"IMF Exchange Rates (ER), XDC_USD.EOP_RT.M",True,VERIFIED,
PAK,Pakistan,exchange_rate_eop,"Nominal exchange rate, end-of-period (local currency per USD)",Monthly,2021-M05,154.23185,LCU per USD,SOURCE,"IMF Exchange Rates (ER), XDC_USD.EOP_RT.M",True,VERIFIED,
PAK,Pakistan,exchange_rate_eop,"Nominal exchange rate, end-of-period (local currency per USD)",Monthly,2021-M06,157.31045,LCU per USD,SOURCE,"IMF Exchange Rates (ER), XDC_USD.EOP_RT.M",True,VERIFIED,
PAK,Pakistan,exchange_rate_eop,"Nominal exchange rate, end-of-period (local currency per USD)",Monthly,2021-M07,162.51475,LCU per USD,SOURCE,"IMF Exchange Rates (ER), XDC_USD.EOP_RT.M",True,VERIFIED,
PAK,Pakistan,exchange_rate_eop,"Nominal exchange rate, end-of-period (local currency per USD)",Monthly,2021-M08,166.26715,LCU per USD,SOURCE,"IMF Exchange Rates (ER), XDC_USD.EOP_RT.M",True,VERIFIED,
PAK,Pakistan,exchange_rate_eop,"Nominal exchange rate, end-of-period (local currency per USD)",Monthly,2021-M09,170.66505,LCU per USD,SOURCE,"IMF Exchange Rates (ER), XDC_USD.EOP_RT.M",True,VERIFIED,
PAK,Pakistan,exchange_rate_eop,"Nominal exchange rate, end-of-period (local currency per USD)",Monthly,2021-M10,171.7573,LCU per USD,SOURCE,"IMF Exchange Rates (ER), XDC_USD.EOP_RT.M",True,VERIFIED,
PAK,Pakistan,exchange_rate_eop,"Nominal exchange rate, end-of-period (local currency per USD)",Monthly,2021-M11,176.1478,LCU per USD,SOURCE,"IMF Exchange Rates (ER), XDC_USD.EOP_RT.M",True,VERIFIED,
PAK,Pakistan,exchange_rate_eop,"Nominal exchange rate, end-of-period (local currency per USD)",Monthly,2021-M12,176.5191,LCU per USD,SOURCE,"IMF Exchange Rates (ER), XDC_USD.EOP_RT.M",True,VERIFIED,
PAK,Pakistan,exchange_rate_eop,"Nominal exchange rate, end-of-period (local currency per USD)",Monthly,2022-M01,176.7423,LCU per USD,SOURCE,"IMF Exchange Rates (ER), XDC_USD.EOP_RT.M",True,VERIFIED,
PAK,Pakistan,exchange_rate_eop,"Nominal exchange rate, end-of-period (local currency per USD)",Monthly,2022-M02,177.4708,LCU per USD,SOURCE,"IMF Exchange Rates (ER), XDC_USD.EOP_RT.M",True,VERIFIED,
PAK,Pakistan,exchange_rate_eop,"Nominal exchange rate, end-of-period (local currency per USD)",Monthly,2022-M03,183.5146,LCU per USD,SOURCE,"IMF Exchange Rates (ER), XDC_USD.EOP_RT.M",True,VERIFIED,
PAK,Pakistan,exchange_rate_eop,"Nominal exchange rate, end-of-period (local currency per USD)",Monthly,2022-M04,185.6913,LCU per USD,SOURCE,"IMF Exchange Rates (ER), XDC_USD.EOP_RT.M",True,VERIFIED,
PAK,Pakistan,exchange_rate_eop,"Nominal exchange rate, end-of-period (local currency per USD)",Monthly,2022-M05,199.0381,LCU per USD,SOURCE,"IMF Exchange Rates (ER), XDC_USD.EOP_RT.M",True,VERIFIED,
PAK,Pakistan,exchange_rate_eop,"Nominal exchange rate, end-of-period (local currency per USD)",Monthly,2022-M06,204.3784,LCU per USD,SOURCE,"IMF Exchange Rates (ER), XDC_USD.EOP_RT.M",True,VERIFIED,
PAK,Pakistan,exchange_rate_eop,"Nominal exchange rate, end-of-period (local currency per USD)",Monthly,2022-M07,239.7155,LCU per USD,SOURCE,"IMF Exchange Rates (ER), XDC_USD.EOP_RT.M",True,VERIFIED,
PAK,Pakistan,exchange_rate_eop,"Nominal exchange rate, end-of-period (local currency per USD)",Monthly,2022-M08,218.74305,LCU per USD,SOURCE,"IMF Exchange Rates (ER), XDC_USD.EOP_RT.M",True,VERIFIED,
PAK,Pakistan,exchange_rate_eop,"Nominal exchange rate, end-of-period (local currency per USD)",Monthly,2022-M09,228.04655,LCU per USD,SOURCE,"IMF Exchange Rates (ER), XDC_USD.EOP_RT.M",True,VERIFIED,
PAK,Pakistan,exchange_rate_eop,"Nominal exchange rate, end-of-period (local currency per USD)",Monthly,2022-M10,220.42425,LCU per USD,SOURCE,"IMF Exchange Rates (ER), XDC_USD.EOP_RT.M",True,VERIFIED,
PAK,Pakistan,exchange_rate_eop,"Nominal exchange rate, end-of-period (local currency per USD)",Monthly,2022-M11,223.96195,LCU per USD,SOURCE,"IMF Exchange Rates (ER), XDC_USD.EOP_RT.M",True,VERIFIED,
PAK,Pakistan,exchange_rate_eop,"Nominal exchange rate, end-of-period (local currency per USD)",Monthly,2022-M12,226.4731,LCU per USD,SOURCE,"IMF Exchange Rates (ER), XDC_USD.EOP_RT.M",True,VERIFIED,
PAK,Pakistan,exchange_rate_eop,"Nominal exchange rate, end-of-period (local currency per USD)",Monthly,2023-M01,267.94025,LCU per USD,SOURCE,"IMF Exchange Rates (ER), XDC_USD.EOP_RT.M",True,VERIFIED,
PAK,Pakistan,exchange_rate_eop,"Nominal exchange rate, end-of-period (local currency per USD)",Monthly,2023-M02,261.65185,LCU per USD,SOURCE,"IMF Exchange Rates (ER), XDC_USD.EOP_RT.M",True,VERIFIED,
PAK,Pakistan,exchange_rate_eop,"Nominal exchange rate, end-of-period (local currency per USD)",Monthly,2023-M03,283.75385,LCU per USD,SOURCE,"IMF Exchange Rates (ER), XDC_USD.EOP_RT.M",True,VERIFIED,
PAK,Pakistan,exchange_rate_eop,"Nominal exchange rate, end-of-period (local currency per USD)",Monthly,2023-M04,283.8366,LCU per USD,SOURCE,"IMF Exchange Rates (ER), XDC_USD.EOP_RT.M",True,VERIFIED,
PAK,Pakistan,exchange_rate_eop,"Nominal exchange rate, end-of-period (local currency per USD)",Monthly,2023-M05,285.3835,LCU per USD,SOURCE,"IMF Exchange Rates (ER), XDC_USD.EOP_RT.M",True,VERIFIED,
PAK,Pakistan,exchange_rate_eop,"Nominal exchange rate, end-of-period (local currency per USD)",Monthly,2023-M06,286.39055,LCU per USD,SOURCE,"IMF Exchange Rates (ER), XDC_USD.EOP_RT.M",True,VERIFIED,
PAK,Pakistan,exchange_rate_eop,"Nominal exchange rate, end-of-period (local currency per USD)",Monthly,2023-M07,286.6645,LCU per USD,SOURCE,"IMF Exchange Rates (ER), XDC_USD.EOP_RT.M",True,VERIFIED,
PAK,Pakistan,exchange_rate_eop,"Nominal exchange rate, end-of-period (local currency per USD)",Monthly,2023-M08,305.61745,LCU per USD,SOURCE,"IMF Exchange Rates (ER), XDC_USD.EOP_RT.M",True,VERIFIED,
PAK,Pakistan,exchange_rate_eop,"Nominal exchange rate, end-of-period (local currency per USD)",Monthly,2023-M09,287.77815,LCU per USD,SOURCE,"IMF Exchange Rates (ER), XDC_USD.EOP_RT.M",True,VERIFIED,
PAK,Pakistan,exchange_rate_eop,"Nominal exchange rate, end-of-period (local currency per USD)",Monthly,2023-M10,281.52,LCU per USD,SOURCE,"IMF Exchange Rates (ER), XDC_USD.EOP_RT.M",True,VERIFIED,
PAK,Pakistan,exchange_rate_eop,"Nominal exchange rate, end-of-period (local currency per USD)",Monthly,2023-M11,285.2464,LCU per USD,SOURCE,"IMF Exchange Rates (ER), XDC_USD.EOP_RT.M",True,VERIFIED,
PAK,Pakistan,exchange_rate_eop,"Nominal exchange rate, end-of-period (local currency per USD)",Monthly,2023-M12,281.9244,LCU per USD,SOURCE,"IMF Exchange Rates (ER), XDC_USD.EOP_RT.M",True,VERIFIED,
PAK,Pakistan,exchange_rate_eop,"Nominal exchange rate, end-of-period (local currency per USD)",Monthly,2024-M01,279.64445,LCU per USD,SOURCE,"IMF Exchange Rates (ER), XDC_USD.EOP_RT.M",True,VERIFIED,
PAK,Pakistan,exchange_rate_eop,"Nominal exchange rate, end-of-period (local currency per USD)",Monthly,2024-M02,279.2165,LCU per USD,SOURCE,"IMF Exchange Rates (ER), XDC_USD.EOP_RT.M",True,VERIFIED,
PAK,Pakistan,exchange_rate_eop,"Nominal exchange rate, end-of-period (local currency per USD)",Monthly,2024-M03,277.94471,LCU per USD,SOURCE,"IMF Exchange Rates (ER), XDC_USD.EOP_RT.M",True,VERIFIED,
PAK,Pakistan,exchange_rate_eop,"Nominal exchange rate, end-of-period (local currency per USD)",Monthly,2024-M04,278.352655,LCU per USD,SOURCE,"IMF Exchange Rates (ER), XDC_USD.EOP_RT.M",True,VERIFIED,
PAK,Pakistan,exchange_rate_eop,"Nominal exchange rate, end-of-period (local currency per USD)",Monthly,2024-M05,278.3797,LCU per USD,SOURCE,"IMF Exchange Rates (ER), XDC_USD.EOP_RT.M",True,VERIFIED,
PAK,Pakistan,exchange_rate_eop,"Nominal exchange rate, end-of-period (local currency per USD)",Monthly,2024-M06,278.3668,LCU per USD,SOURCE,"IMF Exchange Rates (ER), XDC_USD.EOP_RT.M",True,VERIFIED,
PAK,Pakistan,exchange_rate_eop,"Nominal exchange rate, end-of-period (local currency per USD)",Monthly,2024-M07,278.7742,LCU per USD,SOURCE,"IMF Exchange Rates (ER), XDC_USD.EOP_RT.M",True,VERIFIED,
PAK,Pakistan,exchange_rate_eop,"Nominal exchange rate, end-of-period (local currency per USD)",Monthly,2024-M08,278.57695,LCU per USD,SOURCE,"IMF Exchange Rates (ER), XDC_USD.EOP_RT.M",True,VERIFIED,
PAK,Pakistan,exchange_rate_eop,"Nominal exchange rate, end-of-period (local currency per USD)",Monthly,2024-M09,277.74875,LCU per USD,SOURCE,"IMF Exchange Rates (ER), XDC_USD.EOP_RT.M",True,VERIFIED,
PAK,Pakistan,exchange_rate_eop,"Nominal exchange rate, end-of-period (local currency per USD)",Monthly,2024-M10,277.8517,LCU per USD,SOURCE,"IMF Exchange Rates (ER), XDC_USD.EOP_RT.M",True,VERIFIED,
PAK,Pakistan,exchange_rate_eop,"Nominal exchange rate, end-of-period (local currency per USD)",Monthly,2024-M11,278.07365,LCU per USD,SOURCE,"IMF Exchange Rates (ER), XDC_USD.EOP_RT.M",True,VERIFIED,
PAK,Pakistan,exchange_rate_eop,"Nominal exchange rate, end-of-period (local currency per USD)",Monthly,2024-M12,278.56715,LCU per USD,SOURCE,"IMF Exchange Rates (ER), XDC_USD.EOP_RT.M",True,VERIFIED,
PAK,Pakistan,exchange_rate_eop,"Nominal exchange rate, end-of-period (local currency per USD)",Monthly,2025-M01,278.9839,LCU per USD,SOURCE,"IMF Exchange Rates (ER), XDC_USD.EOP_RT.M",True,VERIFIED,
PAK,Pakistan,exchange_rate_eop,"Nominal exchange rate, end-of-period (local currency per USD)",Monthly,2025-M02,279.68125,LCU per USD,SOURCE,"IMF Exchange Rates (ER), XDC_USD.EOP_RT.M",True,VERIFIED,
PAK,Pakistan,exchange_rate_eop,"Nominal exchange rate, end-of-period (local currency per USD)",Monthly,2025-M03,280.17205,LCU per USD,SOURCE,"IMF Exchange Rates (ER), XDC_USD.EOP_RT.M",True,VERIFIED,
PAK,Pakistan,exchange_rate_eop,"Nominal exchange rate, end-of-period (local currency per USD)",Monthly,2025-M04,280.9739,LCU per USD,SOURCE,"IMF Exchange Rates (ER), XDC_USD.EOP_RT.M",True,VERIFIED,
PAK,Pakistan,exchange_rate_eop,"Nominal exchange rate, end-of-period (local currency per USD)",Monthly,2025-M05,282.00055,LCU per USD,SOURCE,"IMF Exchange Rates (ER), XDC_USD.EOP_RT.M",True,VERIFIED,
PAK,Pakistan,exchange_rate_eop,"Nominal exchange rate, end-of-period (local currency per USD)",Monthly,2025-M06,283.7493,LCU per USD,SOURCE,"IMF Exchange Rates (ER), XDC_USD.EOP_RT.M",True,VERIFIED,
PAK,Pakistan,exchange_rate_eop,"Nominal exchange rate, end-of-period (local currency per USD)",Monthly,2025-M07,282.8537,LCU per USD,SOURCE,"IMF Exchange Rates (ER), XDC_USD.EOP_RT.M",True,VERIFIED,
PAK,Pakistan,exchange_rate_eop,"Nominal exchange rate, end-of-period (local currency per USD)",Monthly,2025-M08,281.7779,LCU per USD,SOURCE,"IMF Exchange Rates (ER), XDC_USD.EOP_RT.M",True,VERIFIED,
PAK,Pakistan,exchange_rate_eop,"Nominal exchange rate, end-of-period (local currency per USD)",Monthly,2025-M09,281.2963,LCU per USD,SOURCE,"IMF Exchange Rates (ER), XDC_USD.EOP_RT.M",True,VERIFIED,
PAK,Pakistan,exchange_rate_eop,"Nominal exchange rate, end-of-period (local currency per USD)",Monthly,2025-M10,280.91285,LCU per USD,SOURCE,"IMF Exchange Rates (ER), XDC_USD.EOP_RT.M",True,VERIFIED,
PAK,Pakistan,exchange_rate_eop,"Nominal exchange rate, end-of-period (local currency per USD)",Monthly,2025-M11,280.46925,LCU per USD,SOURCE,"IMF Exchange Rates (ER), XDC_USD.EOP_RT.M",True,VERIFIED,
PAK,Pakistan,exchange_rate_eop,"Nominal exchange rate, end-of-period (local currency per USD)",Monthly,2025-M12,280.06645,LCU per USD,SOURCE,"IMF Exchange Rates (ER), XDC_USD.EOP_RT.M",True,VERIFIED,
PAK,Pakistan,exchange_rate_eop,"Nominal exchange rate, end-of-period (local currency per USD)",Monthly,2026-M01,279.70275,LCU per USD,SOURCE,"IMF Exchange Rates (ER), XDC_USD.EOP_RT.M",True,VERIFIED,
PAK,Pakistan,exchange_rate_eop,"Nominal exchange rate, end-of-period (local currency per USD)",Monthly,2026-M02,279.40005,LCU per USD,SOURCE,"IMF Exchange Rates (ER), XDC_USD.EOP_RT.M",True,VERIFIED,
PAK,Pakistan,exchange_rate_eop,"Nominal exchange rate, end-of-period (local currency per USD)",Monthly,2026-M03,279.09465,LCU per USD,SOURCE,"IMF Exchange Rates (ER), XDC_USD.EOP_RT.M",True,VERIFIED,
PAK,Pakistan,exchange_rate_eop,"Nominal exchange rate, end-of-period (local currency per USD)",Monthly,2026-M04,278.72755,LCU per USD,SOURCE,"IMF Exchange Rates (ER), XDC_USD.EOP_RT.M",True,VERIFIED,
PAK,Pakistan,exchange_rate_eop,"Nominal exchange rate, end-of-period (local currency per USD)",Monthly,2026-M05,278.43605,LCU per USD,SOURCE,"IMF Exchange Rates (ER), XDC_USD.EOP_RT.M",True,VERIFIED,
PAK,Pakistan,exchange_rate_eop,"Nominal exchange rate, end-of-period (local currency per USD)",Monthly,2026-M06,278.08925,LCU per USD,SOURCE,"IMF Exchange Rates (ER), XDC_USD.EOP_RT.M",True,VERIFIED,
PAK,Pakistan,exchange_rate_eop,"Nominal exchange rate, end-of-period (local currency per USD)",Monthly,2026-M07,277.73925,LCU per USD,SOURCE,"IMF Exchange Rates (ER), XDC_USD.EOP_RT.M",False,VERIFIED,
VNM,Vietnam,exchange_rate_eop,"Nominal exchange rate, end-of-period (local currency per USD)",Monthly,2018-M01,22441.0,LCU per USD,SOURCE,"IMF Exchange Rates (ER), XDC_USD.EOP_RT.M",True,VERIFIED,
VNM,Vietnam,exchange_rate_eop,"Nominal exchange rate, end-of-period (local currency per USD)",Monthly,2018-M02,22463.0,LCU per USD,SOURCE,"IMF Exchange Rates (ER), XDC_USD.EOP_RT.M",True,VERIFIED,
VNM,Vietnam,exchange_rate_eop,"Nominal exchange rate, end-of-period (local currency per USD)",Monthly,2018-M03,22458.0,LCU per USD,SOURCE,"IMF Exchange Rates (ER), XDC_USD.EOP_RT.M",True,VERIFIED,
VNM,Vietnam,exchange_rate_eop,"Nominal exchange rate, end-of-period (local currency per USD)",Monthly,2018-M04,22539.0,LCU per USD,SOURCE,"IMF Exchange Rates (ER), XDC_USD.EOP_RT.M",True,VERIFIED,
VNM,Vietnam,exchange_rate_eop,"Nominal exchange rate, end-of-period (local currency per USD)",Monthly,2018-M05,22595.0,LCU per USD,SOURCE,"IMF Exchange Rates (ER), XDC_USD.EOP_RT.M",True,VERIFIED,
VNM,Vietnam,exchange_rate_eop,"Nominal exchange rate, end-of-period (local currency per USD)",Monthly,2018-M06,22650.0,LCU per USD,SOURCE,"IMF Exchange Rates (ER), XDC_USD.EOP_RT.M",True,VERIFIED,
VNM,Vietnam,exchange_rate_eop,"Nominal exchange rate, end-of-period (local currency per USD)",Monthly,2018-M07,22669.0,LCU per USD,SOURCE,"IMF Exchange Rates (ER), XDC_USD.EOP_RT.M",True,VERIFIED,
VNM,Vietnam,exchange_rate_eop,"Nominal exchange rate, end-of-period (local currency per USD)",Monthly,2018-M08,22678.0,LCU per USD,SOURCE,"IMF Exchange Rates (ER), XDC_USD.EOP_RT.M",True,VERIFIED,
VNM,Vietnam,exchange_rate_eop,"Nominal exchange rate, end-of-period (local currency per USD)",Monthly,2018-M09,22714.0,LCU per USD,SOURCE,"IMF Exchange Rates (ER), XDC_USD.EOP_RT.M",True,VERIFIED,
VNM,Vietnam,exchange_rate_eop,"Nominal exchange rate, end-of-period (local currency per USD)",Monthly,2018-M10,22726.0,LCU per USD,SOURCE,"IMF Exchange Rates (ER), XDC_USD.EOP_RT.M",True,VERIFIED,
VNM,Vietnam,exchange_rate_eop,"Nominal exchange rate, end-of-period (local currency per USD)",Monthly,2018-M11,22750.0,LCU per USD,SOURCE,"IMF Exchange Rates (ER), XDC_USD.EOP_RT.M",True,VERIFIED,
VNM,Vietnam,exchange_rate_eop,"Nominal exchange rate, end-of-period (local currency per USD)",Monthly,2018-M12,22825.0,LCU per USD,SOURCE,"IMF Exchange Rates (ER), XDC_USD.EOP_RT.M",True,VERIFIED,
VNM,Vietnam,exchange_rate_eop,"Nominal exchange rate, end-of-period (local currency per USD)",Monthly,2019-M01,22868.0,LCU per USD,SOURCE,"IMF Exchange Rates (ER), XDC_USD.EOP_RT.M",True,VERIFIED,
VNM,Vietnam,exchange_rate_eop,"Nominal exchange rate, end-of-period (local currency per USD)",Monthly,2019-M02,22915.0,LCU per USD,SOURCE,"IMF Exchange Rates (ER), XDC_USD.EOP_RT.M",True,VERIFIED,
VNM,Vietnam,exchange_rate_eop,"Nominal exchange rate, end-of-period (local currency per USD)",Monthly,2019-M03,22980.0,LCU per USD,SOURCE,"IMF Exchange Rates (ER), XDC_USD.EOP_RT.M",True,VERIFIED,
VNM,Vietnam,exchange_rate_eop,"Nominal exchange rate, end-of-period (local currency per USD)",Monthly,2019-M04,23028.0,LCU per USD,SOURCE,"IMF Exchange Rates (ER), XDC_USD.EOP_RT.M",True,VERIFIED,
VNM,Vietnam,exchange_rate_eop,"Nominal exchange rate, end-of-period (local currency per USD)",Monthly,2019-M05,23065.0,LCU per USD,SOURCE,"IMF Exchange Rates (ER), XDC_USD.EOP_RT.M",True,VERIFIED,
VNM,Vietnam,exchange_rate_eop,"Nominal exchange rate, end-of-period (local currency per USD)",Monthly,2019-M06,23066.0,LCU per USD,SOURCE,"IMF Exchange Rates (ER), XDC_USD.EOP_RT.M",True,VERIFIED,
VNM,Vietnam,exchange_rate_eop,"Nominal exchange rate, end-of-period (local currency per USD)",Monthly,2019-M07,23073.0,LCU per USD,SOURCE,"IMF Exchange Rates (ER), XDC_USD.EOP_RT.M",True,VERIFIED,
VNM,Vietnam,exchange_rate_eop,"Nominal exchange rate, end-of-period (local currency per USD)",Monthly,2019-M08,23133.0,LCU per USD,SOURCE,"IMF Exchange Rates (ER), XDC_USD.EOP_RT.M",True,VERIFIED,
VNM,Vietnam,exchange_rate_eop,"Nominal exchange rate, end-of-period (local currency per USD)",Monthly,2019-M09,23161.0,LCU per USD,SOURCE,"IMF Exchange Rates (ER), XDC_USD.EOP_RT.M",True,VERIFIED,
VNM,Vietnam,exchange_rate_eop,"Nominal exchange rate, end-of-period (local currency per USD)",Monthly,2019-M10,23145.0,LCU per USD,SOURCE,"IMF Exchange Rates (ER), XDC_USD.EOP_RT.M",True,VERIFIED,
VNM,Vietnam,exchange_rate_eop,"Nominal exchange rate, end-of-period (local currency per USD)",Monthly,2019-M11,23162.0,LCU per USD,SOURCE,"IMF Exchange Rates (ER), XDC_USD.EOP_RT.M",True,VERIFIED,
VNM,Vietnam,exchange_rate_eop,"Nominal exchange rate, end-of-period (local currency per USD)",Monthly,2019-M12,23155.0,LCU per USD,SOURCE,"IMF Exchange Rates (ER), XDC_USD.EOP_RT.M",True,VERIFIED,
VNM,Vietnam,exchange_rate_eop,"Nominal exchange rate, end-of-period (local currency per USD)",Monthly,2020-M01,23196.0,LCU per USD,SOURCE,"IMF Exchange Rates (ER), XDC_USD.EOP_RT.M",True,VERIFIED,
VNM,Vietnam,exchange_rate_eop,"Nominal exchange rate, end-of-period (local currency per USD)",Monthly,2020-M02,23224.0,LCU per USD,SOURCE,"IMF Exchange Rates (ER), XDC_USD.EOP_RT.M",True,VERIFIED,
VNM,Vietnam,exchange_rate_eop,"Nominal exchange rate, end-of-period (local currency per USD)",Monthly,2020-M03,23235.0,LCU per USD,SOURCE,"IMF Exchange Rates (ER), XDC_USD.EOP_RT.M",True,VERIFIED,
VNM,Vietnam,exchange_rate_eop,"Nominal exchange rate, end-of-period (local currency per USD)",Monthly,2020-M04,23257.0,LCU per USD,SOURCE,"IMF Exchange Rates (ER), XDC_USD.EOP_RT.M",True,VERIFIED,
VNM,Vietnam,exchange_rate_eop,"Nominal exchange rate, end-of-period (local currency per USD)",Monthly,2020-M05,23261.0,LCU per USD,SOURCE,"IMF Exchange Rates (ER), XDC_USD.EOP_RT.M",True,VERIFIED,
VNM,Vietnam,exchange_rate_eop,"Nominal exchange rate, end-of-period (local currency per USD)",Monthly,2020-M06,23229.0,LCU per USD,SOURCE,"IMF Exchange Rates (ER), XDC_USD.EOP_RT.M",True,VERIFIED,
VNM,Vietnam,exchange_rate_eop,"Nominal exchange rate, end-of-period (local currency per USD)",Monthly,2020-M07,23213.0,LCU per USD,SOURCE,"IMF Exchange Rates (ER), XDC_USD.EOP_RT.M",True,VERIFIED,
VNM,Vietnam,exchange_rate_eop,"Nominal exchange rate, end-of-period (local currency per USD)",Monthly,2020-M08,23200.0,LCU per USD,SOURCE,"IMF Exchange Rates (ER), XDC_USD.EOP_RT.M",True,VERIFIED,
VNM,Vietnam,exchange_rate_eop,"Nominal exchange rate, end-of-period (local currency per USD)",Monthly,2020-M09,23215.0,LCU per USD,SOURCE,"IMF Exchange Rates (ER), XDC_USD.EOP_RT.M",True,VERIFIED,
VNM,Vietnam,exchange_rate_eop,"Nominal exchange rate, end-of-period (local currency per USD)",Monthly,2020-M10,23201.0,LCU per USD,SOURCE,"IMF Exchange Rates (ER), XDC_USD.EOP_RT.M",True,VERIFIED,
VNM,Vietnam,exchange_rate_eop,"Nominal exchange rate, end-of-period (local currency per USD)",Monthly,2020-M11,23155.0,LCU per USD,SOURCE,"IMF Exchange Rates (ER), XDC_USD.EOP_RT.M",True,VERIFIED,
VNM,Vietnam,exchange_rate_eop,"Nominal exchange rate, end-of-period (local currency per USD)",Monthly,2020-M12,23131.0,LCU per USD,SOURCE,"IMF Exchange Rates (ER), XDC_USD.EOP_RT.M",True,VERIFIED,
VNM,Vietnam,exchange_rate_eop,"Nominal exchange rate, end-of-period (local currency per USD)",Monthly,2021-M01,23160.0,LCU per USD,SOURCE,"IMF Exchange Rates (ER), XDC_USD.EOP_RT.M",True,VERIFIED,
VNM,Vietnam,exchange_rate_eop,"Nominal exchange rate, end-of-period (local currency per USD)",Monthly,2021-M02,23130.0,LCU per USD,SOURCE,"IMF Exchange Rates (ER), XDC_USD.EOP_RT.M",True,VERIFIED,
VNM,Vietnam,exchange_rate_eop,"Nominal exchange rate, end-of-period (local currency per USD)",Monthly,2021-M03,23244.0,LCU per USD,SOURCE,"IMF Exchange Rates (ER), XDC_USD.EOP_RT.M",True,VERIFIED,
VNM,Vietnam,exchange_rate_eop,"Nominal exchange rate, end-of-period (local currency per USD)",Monthly,2021-M04,23158.0,LCU per USD,SOURCE,"IMF Exchange Rates (ER), XDC_USD.EOP_RT.M",True,VERIFIED,
VNM,Vietnam,exchange_rate_eop,"Nominal exchange rate, end-of-period (local currency per USD)",Monthly,2021-M05,23135.0,LCU per USD,SOURCE,"IMF Exchange Rates (ER), XDC_USD.EOP_RT.M",True,VERIFIED,
VNM,Vietnam,exchange_rate_eop,"Nominal exchange rate, end-of-period (local currency per USD)",Monthly,2021-M06,23178.0,LCU per USD,SOURCE,"IMF Exchange Rates (ER), XDC_USD.EOP_RT.M",True,VERIFIED,
VNM,Vietnam,exchange_rate_eop,"Nominal exchange rate, end-of-period (local currency per USD)",Monthly,2021-M07,23180.0,LCU per USD,SOURCE,"IMF Exchange Rates (ER), XDC_USD.EOP_RT.M",True,VERIFIED,
VNM,Vietnam,exchange_rate_eop,"Nominal exchange rate, end-of-period (local currency per USD)",Monthly,2021-M08,23130.0,LCU per USD,SOURCE,"IMF Exchange Rates (ER), XDC_USD.EOP_RT.M",True,VERIFIED,
VNM,Vietnam,exchange_rate_eop,"Nominal exchange rate, end-of-period (local currency per USD)",Monthly,2021-M09,23162.0,LCU per USD,SOURCE,"IMF Exchange Rates (ER), XDC_USD.EOP_RT.M",True,VERIFIED,
VNM,Vietnam,exchange_rate_eop,"Nominal exchange rate, end-of-period (local currency per USD)",Monthly,2021-M10,23131.0,LCU per USD,SOURCE,"IMF Exchange Rates (ER), XDC_USD.EOP_RT.M",True,VERIFIED,
VNM,Vietnam,exchange_rate_eop,"Nominal exchange rate, end-of-period (local currency per USD)",Monthly,2021-M11,23139.0,LCU per USD,SOURCE,"IMF Exchange Rates (ER), XDC_USD.EOP_RT.M",True,VERIFIED,
VNM,Vietnam,exchange_rate_eop,"Nominal exchange rate, end-of-period (local currency per USD)",Monthly,2021-M12,23145.0,LCU per USD,SOURCE,"IMF Exchange Rates (ER), XDC_USD.EOP_RT.M",True,VERIFIED,
VNM,Vietnam,exchange_rate_eop,"Nominal exchange rate, end-of-period (local currency per USD)",Monthly,2022-M01,23099.0,LCU per USD,SOURCE,"IMF Exchange Rates (ER), XDC_USD.EOP_RT.M",True,VERIFIED,
VNM,Vietnam,exchange_rate_eop,"Nominal exchange rate, end-of-period (local currency per USD)",Monthly,2022-M02,23140.0,LCU per USD,SOURCE,"IMF Exchange Rates (ER), XDC_USD.EOP_RT.M",True,VERIFIED,
VNM,Vietnam,exchange_rate_eop,"Nominal exchange rate, end-of-period (local currency per USD)",Monthly,2022-M03,23100.0,LCU per USD,SOURCE,"IMF Exchange Rates (ER), XDC_USD.EOP_RT.M",True,VERIFIED,
VNM,Vietnam,exchange_rate_eop,"Nominal exchange rate, end-of-period (local currency per USD)",Monthly,2022-M04,23140.0,LCU per USD,SOURCE,"IMF Exchange Rates (ER), XDC_USD.EOP_RT.M",True,VERIFIED,
VNM,Vietnam,exchange_rate_eop,"Nominal exchange rate, end-of-period (local currency per USD)",Monthly,2022-M05,23057.0,LCU per USD,SOURCE,"IMF Exchange Rates (ER), XDC_USD.EOP_RT.M",True,VERIFIED,
VNM,Vietnam,exchange_rate_eop,"Nominal exchange rate, end-of-period (local currency per USD)",Monthly,2022-M06,23110.0,LCU per USD,SOURCE,"IMF Exchange Rates (ER), XDC_USD.EOP_RT.M",True,VERIFIED,
VNM,Vietnam,exchange_rate_eop,"Nominal exchange rate, end-of-period (local currency per USD)",Monthly,2022-M07,23176.0,LCU per USD,SOURCE,"IMF Exchange Rates (ER), XDC_USD.EOP_RT.M",True,VERIFIED,
VNM,Vietnam,exchange_rate_eop,"Nominal exchange rate, end-of-period (local currency per USD)",Monthly,2022-M08,23219.0,LCU per USD,SOURCE,"IMF Exchange Rates (ER), XDC_USD.EOP_RT.M",True,VERIFIED,
VNM,Vietnam,exchange_rate_eop,"Nominal exchange rate, end-of-period (local currency per USD)",Monthly,2022-M09,23400.0,LCU per USD,SOURCE,"IMF Exchange Rates (ER), XDC_USD.EOP_RT.M",True,VERIFIED,
VNM,Vietnam,exchange_rate_eop,"Nominal exchange rate, end-of-period (local currency per USD)",Monthly,2022-M10,23695.0,LCU per USD,SOURCE,"IMF Exchange Rates (ER), XDC_USD.EOP_RT.M",True,VERIFIED,
VNM,Vietnam,exchange_rate_eop,"Nominal exchange rate, end-of-period (local currency per USD)",Monthly,2022-M11,23679.35,LCU per USD,SOURCE,"IMF Exchange Rates (ER), XDC_USD.EOP_RT.M",True,VERIFIED,
VNM,Vietnam,exchange_rate_eop,"Nominal exchange rate, end-of-period (local currency per USD)",Monthly,2022-M12,23612.0,LCU per USD,SOURCE,"IMF Exchange Rates (ER), XDC_USD.EOP_RT.M",True,VERIFIED,
VNM,Vietnam,exchange_rate_eop,"Nominal exchange rate, end-of-period (local currency per USD)",Monthly,2023-M01,23609.0,LCU per USD,SOURCE,"IMF Exchange Rates (ER), XDC_USD.EOP_RT.M",True,VERIFIED,
VNM,Vietnam,exchange_rate_eop,"Nominal exchange rate, end-of-period (local currency per USD)",Monthly,2023-M02,23644.0,LCU per USD,SOURCE,"IMF Exchange Rates (ER), XDC_USD.EOP_RT.M",True,VERIFIED,
VNM,Vietnam,exchange_rate_eop,"Nominal exchange rate, end-of-period (local currency per USD)",Monthly,2023-M03,23600.0,LCU per USD,SOURCE,"IMF Exchange Rates (ER), XDC_USD.EOP_RT.M",True,VERIFIED,
VNM,Vietnam,exchange_rate_eop,"Nominal exchange rate, end-of-period (local currency per USD)",Monthly,2023-M04,23639.0,LCU per USD,SOURCE,"IMF Exchange Rates (ER), XDC_USD.EOP_RT.M",True,VERIFIED,
VNM,Vietnam,exchange_rate_eop,"Nominal exchange rate, end-of-period (local currency per USD)",Monthly,2023-M05,23714.0,LCU per USD,SOURCE,"IMF Exchange Rates (ER), XDC_USD.EOP_RT.M",True,VERIFIED,
VNM,Vietnam,exchange_rate_eop,"Nominal exchange rate, end-of-period (local currency per USD)",Monthly,2023-M06,23758.0,LCU per USD,SOURCE,"IMF Exchange Rates (ER), XDC_USD.EOP_RT.M",True,VERIFIED,
VNM,Vietnam,exchange_rate_eop,"Nominal exchange rate, end-of-period (local currency per USD)",Monthly,2023-M07,23758.0,LCU per USD,SOURCE,"IMF Exchange Rates (ER), XDC_USD.EOP_RT.M",True,VERIFIED,
VNM,Vietnam,exchange_rate_eop,"Nominal exchange rate, end-of-period (local currency per USD)",Monthly,2023-M08,23997.0,LCU per USD,SOURCE,"IMF Exchange Rates (ER), XDC_USD.EOP_RT.M",True,VERIFIED,
VNM,Vietnam,exchange_rate_eop,"Nominal exchange rate, end-of-period (local currency per USD)",Monthly,2023-M09,24089.0,LCU per USD,SOURCE,"IMF Exchange Rates (ER), XDC_USD.EOP_RT.M",True,VERIFIED,
VNM,Vietnam,exchange_rate_eop,"Nominal exchange rate, end-of-period (local currency per USD)",Monthly,2023-M10,24087.0,LCU per USD,SOURCE,"IMF Exchange Rates (ER), XDC_USD.EOP_RT.M",True,VERIFIED,
VNM,Vietnam,exchange_rate_eop,"Nominal exchange rate, end-of-period (local currency per USD)",Monthly,2023-M11,23891.0,LCU per USD,SOURCE,"IMF Exchange Rates (ER), XDC_USD.EOP_RT.M",True,VERIFIED,
VNM,Vietnam,exchange_rate_eop,"Nominal exchange rate, end-of-period (local currency per USD)",Monthly,2023-M12,23866.0,LCU per USD,SOURCE,"IMF Exchange Rates (ER), XDC_USD.EOP_RT.M",True,VERIFIED,
VNM,Vietnam,exchange_rate_eop,"Nominal exchange rate, end-of-period (local currency per USD)",Monthly,2024-M01,23991.0,LCU per USD,SOURCE,"IMF Exchange Rates (ER), XDC_USD.EOP_RT.M",True,VERIFIED,
VNM,Vietnam,exchange_rate_eop,"Nominal exchange rate, end-of-period (local currency per USD)",Monthly,2024-M02,24002.0,LCU per USD,SOURCE,"IMF Exchange Rates (ER), XDC_USD.EOP_RT.M",True,VERIFIED,
VNM,Vietnam,exchange_rate_eop,"Nominal exchange rate, end-of-period (local currency per USD)",Monthly,2024-M03,24003.0,LCU per USD,SOURCE,"IMF Exchange Rates (ER), XDC_USD.EOP_RT.M",True,VERIFIED,
VNM,Vietnam,exchange_rate_eop,"Nominal exchange rate, end-of-period (local currency per USD)",Monthly,2024-M04,24246.0,LCU per USD,SOURCE,"IMF Exchange Rates (ER), XDC_USD.EOP_RT.M",True,VERIFIED,
VNM,Vietnam,exchange_rate_eop,"Nominal exchange rate, end-of-period (local currency per USD)",Monthly,2024-M05,24261.0,LCU per USD,SOURCE,"IMF Exchange Rates (ER), XDC_USD.EOP_RT.M",True,VERIFIED,
VNM,Vietnam,exchange_rate_eop,"Nominal exchange rate, end-of-period (local currency per USD)",Monthly,2024-M06,24260.0,LCU per USD,SOURCE,"IMF Exchange Rates (ER), XDC_USD.EOP_RT.M",True,VERIFIED,
VNM,Vietnam,exchange_rate_eop,"Nominal exchange rate, end-of-period (local currency per USD)",Monthly,2024-M07,24255.0,LCU per USD,SOURCE,"IMF Exchange Rates (ER), XDC_USD.EOP_RT.M",True,VERIFIED,
VNM,Vietnam,exchange_rate_eop,"Nominal exchange rate, end-of-period (local currency per USD)",Monthly,2024-M08,24224.0,LCU per USD,SOURCE,"IMF Exchange Rates (ER), XDC_USD.EOP_RT.M",True,VERIFIED,
VNM,Vietnam,exchange_rate_eop,"Nominal exchange rate, end-of-period (local currency per USD)",Monthly,2024-M09,24093.0,LCU per USD,SOURCE,"IMF Exchange Rates (ER), XDC_USD.EOP_RT.M",True,VERIFIED,
VNM,Vietnam,exchange_rate_eop,"Nominal exchange rate, end-of-period (local currency per USD)",Monthly,2024-M10,24243.0,LCU per USD,SOURCE,"IMF Exchange Rates (ER), XDC_USD.EOP_RT.M",True,VERIFIED,
VNM,Vietnam,exchange_rate_eop,"Nominal exchange rate, end-of-period (local currency per USD)",Monthly,2024-M11,24251.0,LCU per USD,SOURCE,"IMF Exchange Rates (ER), XDC_USD.EOP_RT.M",True,VERIFIED,
VNM,Vietnam,exchange_rate_eop,"Nominal exchange rate, end-of-period (local currency per USD)",Monthly,2024-M12,24335.0,LCU per USD,SOURCE,"IMF Exchange Rates (ER), XDC_USD.EOP_RT.M",True,VERIFIED,
VNM,Vietnam,exchange_rate_eop,"Nominal exchange rate, end-of-period (local currency per USD)",Monthly,2025-M01,24325.0,LCU per USD,SOURCE,"IMF Exchange Rates (ER), XDC_USD.EOP_RT.M",True,VERIFIED,
VNM,Vietnam,exchange_rate_eop,"Nominal exchange rate, end-of-period (local currency per USD)",Monthly,2025-M02,24726.0,LCU per USD,SOURCE,"IMF Exchange Rates (ER), XDC_USD.EOP_RT.M",True,VERIFIED,
VNM,Vietnam,exchange_rate_eop,"Nominal exchange rate, end-of-period (local currency per USD)",Monthly,2025-M03,24837.0,LCU per USD,SOURCE,"IMF Exchange Rates (ER), XDC_USD.EOP_RT.M",True,VERIFIED,
VNM,Vietnam,exchange_rate_eop,"Nominal exchange rate, end-of-period (local currency per USD)",Monthly,2025-M04,24956.0,LCU per USD,SOURCE,"IMF Exchange Rates (ER), XDC_USD.EOP_RT.M",True,VERIFIED,
VNM,Vietnam,exchange_rate_eop,"Nominal exchange rate, end-of-period (local currency per USD)",Monthly,2025-M05,24978.0,LCU per USD,SOURCE,"IMF Exchange Rates (ER), XDC_USD.EOP_RT.M",True,VERIFIED,
VNM,Vietnam,exchange_rate_eop,"Nominal exchange rate, end-of-period (local currency per USD)",Monthly,2025-M06,25052.0,LCU per USD,SOURCE,"IMF Exchange Rates (ER), XDC_USD.EOP_RT.M",True,VERIFIED,
VNM,Vietnam,exchange_rate_eop,"Nominal exchange rate, end-of-period (local currency per USD)",Monthly,2025-M07,25240.0,LCU per USD,SOURCE,"IMF Exchange Rates (ER), XDC_USD.EOP_RT.M",True,VERIFIED,
VNM,Vietnam,exchange_rate_eop,"Nominal exchange rate, end-of-period (local currency per USD)",Monthly,2025-M08,25240.0,LCU per USD,SOURCE,"IMF Exchange Rates (ER), XDC_USD.EOP_RT.M",True,VERIFIED,
VNM,Vietnam,exchange_rate_eop,"Nominal exchange rate, end-of-period (local currency per USD)",Monthly,2025-M09,25187.0,LCU per USD,SOURCE,"IMF Exchange Rates (ER), XDC_USD.EOP_RT.M",True,VERIFIED,
VNM,Vietnam,exchange_rate_eop,"Nominal exchange rate, end-of-period (local currency per USD)",Monthly,2025-M10,25093.0,LCU per USD,SOURCE,"IMF Exchange Rates (ER), XDC_USD.EOP_RT.M",True,VERIFIED,
VNM,Vietnam,exchange_rate_eop,"Nominal exchange rate, end-of-period (local currency per USD)",Monthly,2025-M11,25155.0,LCU per USD,SOURCE,"IMF Exchange Rates (ER), XDC_USD.EOP_RT.M",True,VERIFIED,
VNM,Vietnam,exchange_rate_eop,"Nominal exchange rate, end-of-period (local currency per USD)",Monthly,2025-M12,25121.0,LCU per USD,SOURCE,"IMF Exchange Rates (ER), XDC_USD.EOP_RT.M",True,VERIFIED,
VNM,Vietnam,exchange_rate_eop,"Nominal exchange rate, end-of-period (local currency per USD)",Monthly,2026-M01,25074.0,LCU per USD,SOURCE,"IMF Exchange Rates (ER), XDC_USD.EOP_RT.M",True,VERIFIED,
VNM,Vietnam,exchange_rate_eop,"Nominal exchange rate, end-of-period (local currency per USD)",Monthly,2026-M02,25044.0,LCU per USD,SOURCE,"IMF Exchange Rates (ER), XDC_USD.EOP_RT.M",True,VERIFIED,
VNM,Vietnam,exchange_rate_eop,"Nominal exchange rate, end-of-period (local currency per USD)",Monthly,2026-M03,25102.0,LCU per USD,SOURCE,"IMF Exchange Rates (ER), XDC_USD.EOP_RT.M",True,VERIFIED,
VNM,Vietnam,exchange_rate_eop,"Nominal exchange rate, end-of-period (local currency per USD)",Monthly,2026-M04,25113.0,LCU per USD,SOURCE,"IMF Exchange Rates (ER), XDC_USD.EOP_RT.M",True,VERIFIED,
VNM,Vietnam,exchange_rate_eop,"Nominal exchange rate, end-of-period (local currency per USD)",Monthly,2026-M05,25139.0,LCU per USD,SOURCE,"IMF Exchange Rates (ER), XDC_USD.EOP_RT.M",True,VERIFIED,
VNM,Vietnam,exchange_rate_eop,"Nominal exchange rate, end-of-period (local currency per USD)",Monthly,2026-M06,25206.0,LCU per USD,SOURCE,"IMF Exchange Rates (ER), XDC_USD.EOP_RT.M",True,VERIFIED,
BGD,Bangladesh,remittances,Workers'/wage-earner remittance inflows,Monthly,2018-M01,1379.79,USD million,SOURCE,"Bangladesh Bank, Monthly Report on Workers' Remittance Inflows, July 2026 (source-derived extract from PDF, not a native export)",True,VERIFIED,"Source-derived extract, not native machine-readable file"
BGD,Bangladesh,remittances,Workers'/wage-earner remittance inflows,Monthly,2018-M02,1149.08,USD million,SOURCE,"Bangladesh Bank, Monthly Report on Workers' Remittance Inflows, July 2026 (source-derived extract from PDF, not a native export)",True,VERIFIED,"Source-derived extract, not native machine-readable file"
BGD,Bangladesh,remittances,Workers'/wage-earner remittance inflows,Monthly,2018-M03,1299.77,USD million,SOURCE,"Bangladesh Bank, Monthly Report on Workers' Remittance Inflows, July 2026 (source-derived extract from PDF, not a native export)",True,VERIFIED,"Source-derived extract, not native machine-readable file"
BGD,Bangladesh,remittances,Workers'/wage-earner remittance inflows,Monthly,2018-M04,1331.33,USD million,SOURCE,"Bangladesh Bank, Monthly Report on Workers' Remittance Inflows, July 2026 (source-derived extract from PDF, not a native export)",True,VERIFIED,"Source-derived extract, not native machine-readable file"
BGD,Bangladesh,remittances,Workers'/wage-earner remittance inflows,Monthly,2018-M05,1504.98,USD million,SOURCE,"Bangladesh Bank, Monthly Report on Workers' Remittance Inflows, July 2026 (source-derived extract from PDF, not a native export)",True,VERIFIED,"Source-derived extract, not native machine-readable file"
BGD,Bangladesh,remittances,Workers'/wage-earner remittance inflows,Monthly,2018-M06,1384.37,USD million,SOURCE,"Bangladesh Bank, Monthly Report on Workers' Remittance Inflows, July 2026 (source-derived extract from PDF, not a native export)",True,VERIFIED,"Source-derived extract, not native machine-readable file"
BGD,Bangladesh,remittances,Workers'/wage-earner remittance inflows,Monthly,2018-M07,1318.18,USD million,SOURCE,"Bangladesh Bank, Monthly Report on Workers' Remittance Inflows, July 2026 (source-derived extract from PDF, not a native export)",True,VERIFIED,"Source-derived extract, not native machine-readable file"
BGD,Bangladesh,remittances,Workers'/wage-earner remittance inflows,Monthly,2018-M08,1411.05,USD million,SOURCE,"Bangladesh Bank, Monthly Report on Workers' Remittance Inflows, July 2026 (source-derived extract from PDF, not a native export)",True,VERIFIED,"Source-derived extract, not native machine-readable file"
BGD,Bangladesh,remittances,Workers'/wage-earner remittance inflows,Monthly,2018-M09,1139.66,USD million,SOURCE,"Bangladesh Bank, Monthly Report on Workers' Remittance Inflows, July 2026 (source-derived extract from PDF, not a native export)",True,VERIFIED,"Source-derived extract, not native machine-readable file"
BGD,Bangladesh,remittances,Workers'/wage-earner remittance inflows,Monthly,2018-M10,1239.11,USD million,SOURCE,"Bangladesh Bank, Monthly Report on Workers' Remittance Inflows, July 2026 (source-derived extract from PDF, not a native export)",True,VERIFIED,"Source-derived extract, not native machine-readable file"
BGD,Bangladesh,remittances,Workers'/wage-earner remittance inflows,Monthly,2018-M11,1180.44,USD million,SOURCE,"Bangladesh Bank, Monthly Report on Workers' Remittance Inflows, July 2026 (source-derived extract from PDF, not a native export)",True,VERIFIED,"Source-derived extract, not native machine-readable file"
BGD,Bangladesh,remittances,Workers'/wage-earner remittance inflows,Monthly,2018-M12,1206.91,USD million,SOURCE,"Bangladesh Bank, Monthly Report on Workers' Remittance Inflows, July 2026 (source-derived extract from PDF, not a native export)",True,VERIFIED,"Source-derived extract, not native machine-readable file"
BGD,Bangladesh,remittances,Workers'/wage-earner remittance inflows,Monthly,2019-M01,1597.21,USD million,SOURCE,"Bangladesh Bank, Monthly Report on Workers' Remittance Inflows, July 2026 (source-derived extract from PDF, not a native export)",True,VERIFIED,"Source-derived extract, not native machine-readable file"
BGD,Bangladesh,remittances,Workers'/wage-earner remittance inflows,Monthly,2019-M02,1317.73,USD million,SOURCE,"Bangladesh Bank, Monthly Report on Workers' Remittance Inflows, July 2026 (source-derived extract from PDF, not a native export)",True,VERIFIED,"Source-derived extract, not native machine-readable file"
BGD,Bangladesh,remittances,Workers'/wage-earner remittance inflows,Monthly,2019-M03,1458.68,USD million,SOURCE,"Bangladesh Bank, Monthly Report on Workers' Remittance Inflows, July 2026 (source-derived extract from PDF, not a native export)",True,VERIFIED,"Source-derived extract, not native machine-readable file"
BGD,Bangladesh,remittances,Workers'/wage-earner remittance inflows,Monthly,2019-M04,1434.3,USD million,SOURCE,"Bangladesh Bank, Monthly Report on Workers' Remittance Inflows, July 2026 (source-derived extract from PDF, not a native export)",True,VERIFIED,"Source-derived extract, not native machine-readable file"
BGD,Bangladesh,remittances,Workers'/wage-earner remittance inflows,Monthly,2019-M05,1748.16,USD million,SOURCE,"Bangladesh Bank, Monthly Report on Workers' Remittance Inflows, July 2026 (source-derived extract from PDF, not a native export)",True,VERIFIED,"Source-derived extract, not native machine-readable file"
BGD,Bangladesh,remittances,Workers'/wage-earner remittance inflows,Monthly,2019-M06,1368.2,USD million,SOURCE,"Bangladesh Bank, Monthly Report on Workers' Remittance Inflows, July 2026 (source-derived extract from PDF, not a native export)",True,VERIFIED,"Source-derived extract, not native machine-readable file"
BGD,Bangladesh,remittances,Workers'/wage-earner remittance inflows,Monthly,2019-M07,1597.69,USD million,SOURCE,"Bangladesh Bank, Monthly Report on Workers' Remittance Inflows, July 2026 (source-derived extract from PDF, not a native export)",True,VERIFIED,"Source-derived extract, not native machine-readable file"
BGD,Bangladesh,remittances,Workers'/wage-earner remittance inflows,Monthly,2019-M08,1444.75,USD million,SOURCE,"Bangladesh Bank, Monthly Report on Workers' Remittance Inflows, July 2026 (source-derived extract from PDF, not a native export)",True,VERIFIED,"Source-derived extract, not native machine-readable file"
BGD,Bangladesh,remittances,Workers'/wage-earner remittance inflows,Monthly,2019-M09,1476.91,USD million,SOURCE,"Bangladesh Bank, Monthly Report on Workers' Remittance Inflows, July 2026 (source-derived extract from PDF, not a native export)",True,VERIFIED,"Source-derived extract, not native machine-readable file"
BGD,Bangladesh,remittances,Workers'/wage-earner remittance inflows,Monthly,2019-M10,1641.67,USD million,SOURCE,"Bangladesh Bank, Monthly Report on Workers' Remittance Inflows, July 2026 (source-derived extract from PDF, not a native export)",True,VERIFIED,"Source-derived extract, not native machine-readable file"
BGD,Bangladesh,remittances,Workers'/wage-earner remittance inflows,Monthly,2019-M11,1555.23,USD million,SOURCE,"Bangladesh Bank, Monthly Report on Workers' Remittance Inflows, July 2026 (source-derived extract from PDF, not a native export)",True,VERIFIED,"Source-derived extract, not native machine-readable file"
BGD,Bangladesh,remittances,Workers'/wage-earner remittance inflows,Monthly,2019-M12,1691.68,USD million,SOURCE,"Bangladesh Bank, Monthly Report on Workers' Remittance Inflows, July 2026 (source-derived extract from PDF, not a native export)",True,VERIFIED,"Source-derived extract, not native machine-readable file"
BGD,Bangladesh,remittances,Workers'/wage-earner remittance inflows,Monthly,2020-M01,1638.43,USD million,SOURCE,"Bangladesh Bank, Monthly Report on Workers' Remittance Inflows, July 2026 (source-derived extract from PDF, not a native export)",True,VERIFIED,"Source-derived extract, not native machine-readable file"
BGD,Bangladesh,remittances,Workers'/wage-earner remittance inflows,Monthly,2020-M02,1452.2,USD million,SOURCE,"Bangladesh Bank, Monthly Report on Workers' Remittance Inflows, July 2026 (source-derived extract from PDF, not a native export)",True,VERIFIED,"Source-derived extract, not native machine-readable file"
BGD,Bangladesh,remittances,Workers'/wage-earner remittance inflows,Monthly,2020-M03,1276.29,USD million,SOURCE,"Bangladesh Bank, Monthly Report on Workers' Remittance Inflows, July 2026 (source-derived extract from PDF, not a native export)",True,VERIFIED,"Source-derived extract, not native machine-readable file"
BGD,Bangladesh,remittances,Workers'/wage-earner remittance inflows,Monthly,2020-M04,1092.96,USD million,SOURCE,"Bangladesh Bank, Monthly Report on Workers' Remittance Inflows, July 2026 (source-derived extract from PDF, not a native export)",True,VERIFIED,"Source-derived extract, not native machine-readable file"
BGD,Bangladesh,remittances,Workers'/wage-earner remittance inflows,Monthly,2020-M05,1504.6,USD million,SOURCE,"Bangladesh Bank, Monthly Report on Workers' Remittance Inflows, July 2026 (source-derived extract from PDF, not a native export)",True,VERIFIED,"Source-derived extract, not native machine-readable file"
BGD,Bangladesh,remittances,Workers'/wage-earner remittance inflows,Monthly,2020-M06,1832.63,USD million,SOURCE,"Bangladesh Bank, Monthly Report on Workers' Remittance Inflows, July 2026 (source-derived extract from PDF, not a native export)",True,VERIFIED,"Source-derived extract, not native machine-readable file"
BGD,Bangladesh,remittances,Workers'/wage-earner remittance inflows,Monthly,2020-M07,2598.21,USD million,SOURCE,"Bangladesh Bank, Monthly Report on Workers' Remittance Inflows, July 2026 (source-derived extract from PDF, not a native export)",True,VERIFIED,"Source-derived extract, not native machine-readable file"
BGD,Bangladesh,remittances,Workers'/wage-earner remittance inflows,Monthly,2020-M08,1963.94,USD million,SOURCE,"Bangladesh Bank, Monthly Report on Workers' Remittance Inflows, July 2026 (source-derived extract from PDF, not a native export)",True,VERIFIED,"Source-derived extract, not native machine-readable file"
BGD,Bangladesh,remittances,Workers'/wage-earner remittance inflows,Monthly,2020-M09,2151.05,USD million,SOURCE,"Bangladesh Bank, Monthly Report on Workers' Remittance Inflows, July 2026 (source-derived extract from PDF, not a native export)",True,VERIFIED,"Source-derived extract, not native machine-readable file"
BGD,Bangladesh,remittances,Workers'/wage-earner remittance inflows,Monthly,2020-M10,2102.16,USD million,SOURCE,"Bangladesh Bank, Monthly Report on Workers' Remittance Inflows, July 2026 (source-derived extract from PDF, not a native export)",True,VERIFIED,"Source-derived extract, not native machine-readable file"
BGD,Bangladesh,remittances,Workers'/wage-earner remittance inflows,Monthly,2020-M11,2078.74,USD million,SOURCE,"Bangladesh Bank, Monthly Report on Workers' Remittance Inflows, July 2026 (source-derived extract from PDF, not a native export)",True,VERIFIED,"Source-derived extract, not native machine-readable file"
BGD,Bangladesh,remittances,Workers'/wage-earner remittance inflows,Monthly,2020-M12,2050.65,USD million,SOURCE,"Bangladesh Bank, Monthly Report on Workers' Remittance Inflows, July 2026 (source-derived extract from PDF, not a native export)",True,VERIFIED,"Source-derived extract, not native machine-readable file"
BGD,Bangladesh,remittances,Workers'/wage-earner remittance inflows,Monthly,2021-M01,1961.91,USD million,SOURCE,"Bangladesh Bank, Monthly Report on Workers' Remittance Inflows, July 2026 (source-derived extract from PDF, not a native export)",True,VERIFIED,"Source-derived extract, not native machine-readable file"
BGD,Bangladesh,remittances,Workers'/wage-earner remittance inflows,Monthly,2021-M02,1780.59,USD million,SOURCE,"Bangladesh Bank, Monthly Report on Workers' Remittance Inflows, July 2026 (source-derived extract from PDF, not a native export)",True,VERIFIED,"Source-derived extract, not native machine-readable file"
BGD,Bangladesh,remittances,Workers'/wage-earner remittance inflows,Monthly,2021-M03,1910.98,USD million,SOURCE,"Bangladesh Bank, Monthly Report on Workers' Remittance Inflows, July 2026 (source-derived extract from PDF, not a native export)",True,VERIFIED,"Source-derived extract, not native machine-readable file"
BGD,Bangladesh,remittances,Workers'/wage-earner remittance inflows,Monthly,2021-M04,2067.64,USD million,SOURCE,"Bangladesh Bank, Monthly Report on Workers' Remittance Inflows, July 2026 (source-derived extract from PDF, not a native export)",True,VERIFIED,"Source-derived extract, not native machine-readable file"
BGD,Bangladesh,remittances,Workers'/wage-earner remittance inflows,Monthly,2021-M05,2171.03,USD million,SOURCE,"Bangladesh Bank, Monthly Report on Workers' Remittance Inflows, July 2026 (source-derived extract from PDF, not a native export)",True,VERIFIED,"Source-derived extract, not native machine-readable file"
BGD,Bangladesh,remittances,Workers'/wage-earner remittance inflows,Monthly,2021-M06,1940.81,USD million,SOURCE,"Bangladesh Bank, Monthly Report on Workers' Remittance Inflows, July 2026 (source-derived extract from PDF, not a native export)",True,VERIFIED,"Source-derived extract, not native machine-readable file"
BGD,Bangladesh,remittances,Workers'/wage-earner remittance inflows,Monthly,2021-M07,1871.49,USD million,SOURCE,"Bangladesh Bank, Monthly Report on Workers' Remittance Inflows, July 2026 (source-derived extract from PDF, not a native export)",True,VERIFIED,"Source-derived extract, not native machine-readable file"
BGD,Bangladesh,remittances,Workers'/wage-earner remittance inflows,Monthly,2021-M08,1810.1,USD million,SOURCE,"Bangladesh Bank, Monthly Report on Workers' Remittance Inflows, July 2026 (source-derived extract from PDF, not a native export)",True,VERIFIED,"Source-derived extract, not native machine-readable file"
BGD,Bangladesh,remittances,Workers'/wage-earner remittance inflows,Monthly,2021-M09,1726.71,USD million,SOURCE,"Bangladesh Bank, Monthly Report on Workers' Remittance Inflows, July 2026 (source-derived extract from PDF, not a native export)",True,VERIFIED,"Source-derived extract, not native machine-readable file"
BGD,Bangladesh,remittances,Workers'/wage-earner remittance inflows,Monthly,2021-M10,1646.87,USD million,SOURCE,"Bangladesh Bank, Monthly Report on Workers' Remittance Inflows, July 2026 (source-derived extract from PDF, not a native export)",True,VERIFIED,"Source-derived extract, not native machine-readable file"
BGD,Bangladesh,remittances,Workers'/wage-earner remittance inflows,Monthly,2021-M11,1553.73,USD million,SOURCE,"Bangladesh Bank, Monthly Report on Workers' Remittance Inflows, July 2026 (source-derived extract from PDF, not a native export)",True,VERIFIED,"Source-derived extract, not native machine-readable file"
BGD,Bangladesh,remittances,Workers'/wage-earner remittance inflows,Monthly,2021-M12,1630.66,USD million,SOURCE,"Bangladesh Bank, Monthly Report on Workers' Remittance Inflows, July 2026 (source-derived extract from PDF, not a native export)",True,VERIFIED,"Source-derived extract, not native machine-readable file"
BGD,Bangladesh,remittances,Workers'/wage-earner remittance inflows,Monthly,2022-M01,1704.53,USD million,SOURCE,"Bangladesh Bank, Monthly Report on Workers' Remittance Inflows, July 2026 (source-derived extract from PDF, not a native export)",True,VERIFIED,"Source-derived extract, not native machine-readable file"
BGD,Bangladesh,remittances,Workers'/wage-earner remittance inflows,Monthly,2022-M02,1494.47,USD million,SOURCE,"Bangladesh Bank, Monthly Report on Workers' Remittance Inflows, July 2026 (source-derived extract from PDF, not a native export)",True,VERIFIED,"Source-derived extract, not native machine-readable file"
BGD,Bangladesh,remittances,Workers'/wage-earner remittance inflows,Monthly,2022-M03,1859.73,USD million,SOURCE,"Bangladesh Bank, Monthly Report on Workers' Remittance Inflows, July 2026 (source-derived extract from PDF, not a native export)",True,VERIFIED,"Source-derived extract, not native machine-readable file"
BGD,Bangladesh,remittances,Workers'/wage-earner remittance inflows,Monthly,2022-M04,2010.81,USD million,SOURCE,"Bangladesh Bank, Monthly Report on Workers' Remittance Inflows, July 2026 (source-derived extract from PDF, not a native export)",True,VERIFIED,"Source-derived extract, not native machine-readable file"
BGD,Bangladesh,remittances,Workers'/wage-earner remittance inflows,Monthly,2022-M05,1885.34,USD million,SOURCE,"Bangladesh Bank, Monthly Report on Workers' Remittance Inflows, July 2026 (source-derived extract from PDF, not a native export)",True,VERIFIED,"Source-derived extract, not native machine-readable file"
BGD,Bangladesh,remittances,Workers'/wage-earner remittance inflows,Monthly,2022-M06,1837.27,USD million,SOURCE,"Bangladesh Bank, Monthly Report on Workers' Remittance Inflows, July 2026 (source-derived extract from PDF, not a native export)",True,VERIFIED,"Source-derived extract, not native machine-readable file"
BGD,Bangladesh,remittances,Workers'/wage-earner remittance inflows,Monthly,2022-M07,2096.32,USD million,SOURCE,"Bangladesh Bank, Monthly Report on Workers' Remittance Inflows, July 2026 (source-derived extract from PDF, not a native export)",True,VERIFIED,"Source-derived extract, not native machine-readable file"
BGD,Bangladesh,remittances,Workers'/wage-earner remittance inflows,Monthly,2022-M08,2036.93,USD million,SOURCE,"Bangladesh Bank, Monthly Report on Workers' Remittance Inflows, July 2026 (source-derived extract from PDF, not a native export)",True,VERIFIED,"Source-derived extract, not native machine-readable file"
BGD,Bangladesh,remittances,Workers'/wage-earner remittance inflows,Monthly,2022-M09,1539.6,USD million,SOURCE,"Bangladesh Bank, Monthly Report on Workers' Remittance Inflows, July 2026 (source-derived extract from PDF, not a native export)",True,VERIFIED,"Source-derived extract, not native machine-readable file"
BGD,Bangladesh,remittances,Workers'/wage-earner remittance inflows,Monthly,2022-M10,1525.54,USD million,SOURCE,"Bangladesh Bank, Monthly Report on Workers' Remittance Inflows, July 2026 (source-derived extract from PDF, not a native export)",True,VERIFIED,"Source-derived extract, not native machine-readable file"
BGD,Bangladesh,remittances,Workers'/wage-earner remittance inflows,Monthly,2022-M11,1595.17,USD million,SOURCE,"Bangladesh Bank, Monthly Report on Workers' Remittance Inflows, July 2026 (source-derived extract from PDF, not a native export)",True,VERIFIED,"Source-derived extract, not native machine-readable file"
BGD,Bangladesh,remittances,Workers'/wage-earner remittance inflows,Monthly,2022-M12,1699.7,USD million,SOURCE,"Bangladesh Bank, Monthly Report on Workers' Remittance Inflows, July 2026 (source-derived extract from PDF, not a native export)",True,VERIFIED,"Source-derived extract, not native machine-readable file"
BGD,Bangladesh,remittances,Workers'/wage-earner remittance inflows,Monthly,2023-M01,1958.87,USD million,SOURCE,"Bangladesh Bank, Monthly Report on Workers' Remittance Inflows, July 2026 (source-derived extract from PDF, not a native export)",True,VERIFIED,"Source-derived extract, not native machine-readable file"
BGD,Bangladesh,remittances,Workers'/wage-earner remittance inflows,Monthly,2023-M02,1560.48,USD million,SOURCE,"Bangladesh Bank, Monthly Report on Workers' Remittance Inflows, July 2026 (source-derived extract from PDF, not a native export)",True,VERIFIED,"Source-derived extract, not native machine-readable file"
BGD,Bangladesh,remittances,Workers'/wage-earner remittance inflows,Monthly,2023-M03,2022.47,USD million,SOURCE,"Bangladesh Bank, Monthly Report on Workers' Remittance Inflows, July 2026 (source-derived extract from PDF, not a native export)",True,VERIFIED,"Source-derived extract, not native machine-readable file"
BGD,Bangladesh,remittances,Workers'/wage-earner remittance inflows,Monthly,2023-M04,1684.91,USD million,SOURCE,"Bangladesh Bank, Monthly Report on Workers' Remittance Inflows, July 2026 (source-derived extract from PDF, not a native export)",True,VERIFIED,"Source-derived extract, not native machine-readable file"
BGD,Bangladesh,remittances,Workers'/wage-earner remittance inflows,Monthly,2023-M05,1691.66,USD million,SOURCE,"Bangladesh Bank, Monthly Report on Workers' Remittance Inflows, July 2026 (source-derived extract from PDF, not a native export)",True,VERIFIED,"Source-derived extract, not native machine-readable file"
BGD,Bangladesh,remittances,Workers'/wage-earner remittance inflows,Monthly,2023-M06,2199.08,USD million,SOURCE,"Bangladesh Bank, Monthly Report on Workers' Remittance Inflows, July 2026 (source-derived extract from PDF, not a native export)",True,VERIFIED,"Source-derived extract, not native machine-readable file"
BGD,Bangladesh,remittances,Workers'/wage-earner remittance inflows,Monthly,2023-M07,1973.15,USD million,SOURCE,"Bangladesh Bank, Monthly Report on Workers' Remittance Inflows, July 2026 (source-derived extract from PDF, not a native export)",True,VERIFIED,"Source-derived extract, not native machine-readable file"
BGD,Bangladesh,remittances,Workers'/wage-earner remittance inflows,Monthly,2023-M08,1599.45,USD million,SOURCE,"Bangladesh Bank, Monthly Report on Workers' Remittance Inflows, July 2026 (source-derived extract from PDF, not a native export)",True,VERIFIED,"Source-derived extract, not native machine-readable file"
BGD,Bangladesh,remittances,Workers'/wage-earner remittance inflows,Monthly,2023-M09,1334.35,USD million,SOURCE,"Bangladesh Bank, Monthly Report on Workers' Remittance Inflows, July 2026 (source-derived extract from PDF, not a native export)",True,VERIFIED,"Source-derived extract, not native machine-readable file"
BGD,Bangladesh,remittances,Workers'/wage-earner remittance inflows,Monthly,2023-M10,1971.43,USD million,SOURCE,"Bangladesh Bank, Monthly Report on Workers' Remittance Inflows, July 2026 (source-derived extract from PDF, not a native export)",True,VERIFIED,"Source-derived extract, not native machine-readable file"
BGD,Bangladesh,remittances,Workers'/wage-earner remittance inflows,Monthly,2023-M11,1930.04,USD million,SOURCE,"Bangladesh Bank, Monthly Report on Workers' Remittance Inflows, July 2026 (source-derived extract from PDF, not a native export)",True,VERIFIED,"Source-derived extract, not native machine-readable file"
BGD,Bangladesh,remittances,Workers'/wage-earner remittance inflows,Monthly,2023-M12,1991.26,USD million,SOURCE,"Bangladesh Bank, Monthly Report on Workers' Remittance Inflows, July 2026 (source-derived extract from PDF, not a native export)",True,VERIFIED,"Source-derived extract, not native machine-readable file"
BGD,Bangladesh,remittances,Workers'/wage-earner remittance inflows,Monthly,2024-M01,2113.15,USD million,SOURCE,"Bangladesh Bank, Monthly Report on Workers' Remittance Inflows, July 2026 (source-derived extract from PDF, not a native export)",True,VERIFIED,"Source-derived extract, not native machine-readable file"
BGD,Bangladesh,remittances,Workers'/wage-earner remittance inflows,Monthly,2024-M02,2164.56,USD million,SOURCE,"Bangladesh Bank, Monthly Report on Workers' Remittance Inflows, July 2026 (source-derived extract from PDF, not a native export)",True,VERIFIED,"Source-derived extract, not native machine-readable file"
BGD,Bangladesh,remittances,Workers'/wage-earner remittance inflows,Monthly,2024-M03,1997.07,USD million,SOURCE,"Bangladesh Bank, Monthly Report on Workers' Remittance Inflows, July 2026 (source-derived extract from PDF, not a native export)",True,VERIFIED,"Source-derived extract, not native machine-readable file"
BGD,Bangladesh,remittances,Workers'/wage-earner remittance inflows,Monthly,2024-M04,2044.23,USD million,SOURCE,"Bangladesh Bank, Monthly Report on Workers' Remittance Inflows, July 2026 (source-derived extract from PDF, not a native export)",True,VERIFIED,"Source-derived extract, not native machine-readable file"
BGD,Bangladesh,remittances,Workers'/wage-earner remittance inflows,Monthly,2024-M05,2254.93,USD million,SOURCE,"Bangladesh Bank, Monthly Report on Workers' Remittance Inflows, July 2026 (source-derived extract from PDF, not a native export)",True,VERIFIED,"Source-derived extract, not native machine-readable file"
BGD,Bangladesh,remittances,Workers'/wage-earner remittance inflows,Monthly,2024-M06,2538.6,USD million,SOURCE,"Bangladesh Bank, Monthly Report on Workers' Remittance Inflows, July 2026 (source-derived extract from PDF, not a native export)",True,VERIFIED,"Source-derived extract, not native machine-readable file"
BGD,Bangladesh,remittances,Workers'/wage-earner remittance inflows,Monthly,2024-M07,1913.77,USD million,SOURCE,"Bangladesh Bank, Monthly Report on Workers' Remittance Inflows, July 2026 (source-derived extract from PDF, not a native export)",True,VERIFIED,"Source-derived extract, not native machine-readable file"
BGD,Bangladesh,remittances,Workers'/wage-earner remittance inflows,Monthly,2024-M08,2224.15,USD million,SOURCE,"Bangladesh Bank, Monthly Report on Workers' Remittance Inflows, July 2026 (source-derived extract from PDF, not a native export)",True,VERIFIED,"Source-derived extract, not native machine-readable file"
BGD,Bangladesh,remittances,Workers'/wage-earner remittance inflows,Monthly,2024-M09,2404.11,USD million,SOURCE,"Bangladesh Bank, Monthly Report on Workers' Remittance Inflows, July 2026 (source-derived extract from PDF, not a native export)",True,VERIFIED,"Source-derived extract, not native machine-readable file"
BGD,Bangladesh,remittances,Workers'/wage-earner remittance inflows,Monthly,2024-M10,2395.08,USD million,SOURCE,"Bangladesh Bank, Monthly Report on Workers' Remittance Inflows, July 2026 (source-derived extract from PDF, not a native export)",True,VERIFIED,"Source-derived extract, not native machine-readable file"
BGD,Bangladesh,remittances,Workers'/wage-earner remittance inflows,Monthly,2024-M11,2199.99,USD million,SOURCE,"Bangladesh Bank, Monthly Report on Workers' Remittance Inflows, July 2026 (source-derived extract from PDF, not a native export)",True,VERIFIED,"Source-derived extract, not native machine-readable file"
BGD,Bangladesh,remittances,Workers'/wage-earner remittance inflows,Monthly,2024-M12,2638.78,USD million,SOURCE,"Bangladesh Bank, Monthly Report on Workers' Remittance Inflows, July 2026 (source-derived extract from PDF, not a native export)",True,VERIFIED,"Source-derived extract, not native machine-readable file"
BGD,Bangladesh,remittances,Workers'/wage-earner remittance inflows,Monthly,2025-M01,2185.23,USD million,SOURCE,"Bangladesh Bank, Monthly Report on Workers' Remittance Inflows, July 2026 (source-derived extract from PDF, not a native export)",True,VERIFIED,"Source-derived extract, not native machine-readable file"
BGD,Bangladesh,remittances,Workers'/wage-earner remittance inflows,Monthly,2025-M02,2527.65,USD million,SOURCE,"Bangladesh Bank, Monthly Report on Workers' Remittance Inflows, July 2026 (source-derived extract from PDF, not a native export)",True,VERIFIED,"Source-derived extract, not native machine-readable file"
BGD,Bangladesh,remittances,Workers'/wage-earner remittance inflows,Monthly,2025-M03,3295.63,USD million,SOURCE,"Bangladesh Bank, Monthly Report on Workers' Remittance Inflows, July 2026 (source-derived extract from PDF, not a native export)",True,VERIFIED,"Source-derived extract, not native machine-readable file"
BGD,Bangladesh,remittances,Workers'/wage-earner remittance inflows,Monthly,2025-M04,2752.33,USD million,SOURCE,"Bangladesh Bank, Monthly Report on Workers' Remittance Inflows, July 2026 (source-derived extract from PDF, not a native export)",True,VERIFIED,"Source-derived extract, not native machine-readable file"
BGD,Bangladesh,remittances,Workers'/wage-earner remittance inflows,Monthly,2025-M05,2969.56,USD million,SOURCE,"Bangladesh Bank, Monthly Report on Workers' Remittance Inflows, July 2026 (source-derived extract from PDF, not a native export)",True,VERIFIED,"Source-derived extract, not native machine-readable file"
BGD,Bangladesh,remittances,Workers'/wage-earner remittance inflows,Monthly,2025-M06,2822.53,USD million,SOURCE,"Bangladesh Bank, Monthly Report on Workers' Remittance Inflows, July 2026 (source-derived extract from PDF, not a native export)",True,VERIFIED,"Source-derived extract, not native machine-readable file"
BGD,Bangladesh,remittances,Workers'/wage-earner remittance inflows,Monthly,2025-M07,2477.87,USD million,SOURCE,"Bangladesh Bank, Monthly Report on Workers' Remittance Inflows, July 2026 (source-derived extract from PDF, not a native export)",True,VERIFIED,"Source-derived extract, not native machine-readable file"
BGD,Bangladesh,remittances,Workers'/wage-earner remittance inflows,Monthly,2025-M08,2421.89,USD million,SOURCE,"Bangladesh Bank, Monthly Report on Workers' Remittance Inflows, July 2026 (source-derived extract from PDF, not a native export)",True,VERIFIED,"Source-derived extract, not native machine-readable file"
BGD,Bangladesh,remittances,Workers'/wage-earner remittance inflows,Monthly,2025-M09,2685.56,USD million,SOURCE,"Bangladesh Bank, Monthly Report on Workers' Remittance Inflows, July 2026 (source-derived extract from PDF, not a native export)",True,VERIFIED,"Source-derived extract, not native machine-readable file"
BGD,Bangladesh,remittances,Workers'/wage-earner remittance inflows,Monthly,2025-M10,2562.44,USD million,SOURCE,"Bangladesh Bank, Monthly Report on Workers' Remittance Inflows, July 2026 (source-derived extract from PDF, not a native export)",True,VERIFIED,"Source-derived extract, not native machine-readable file"
BGD,Bangladesh,remittances,Workers'/wage-earner remittance inflows,Monthly,2025-M11,2889.73,USD million,SOURCE,"Bangladesh Bank, Monthly Report on Workers' Remittance Inflows, July 2026 (source-derived extract from PDF, not a native export)",True,VERIFIED,"Source-derived extract, not native machine-readable file"
BGD,Bangladesh,remittances,Workers'/wage-earner remittance inflows,Monthly,2025-M12,3223.67,USD million,SOURCE,"Bangladesh Bank, Monthly Report on Workers' Remittance Inflows, July 2026 (source-derived extract from PDF, not a native export)",True,VERIFIED,"Source-derived extract, not native machine-readable file"
BGD,Bangladesh,remittances,Workers'/wage-earner remittance inflows,Monthly,2026-M01,3171.63,USD million,SOURCE,"Bangladesh Bank, Monthly Report on Workers' Remittance Inflows, July 2026 (source-derived extract from PDF, not a native export)",True,VERIFIED,"Source-derived extract, not native machine-readable file"
BGD,Bangladesh,remittances,Workers'/wage-earner remittance inflows,Monthly,2026-M02,3019.45,USD million,SOURCE,"Bangladesh Bank, Monthly Report on Workers' Remittance Inflows, July 2026 (source-derived extract from PDF, not a native export)",True,VERIFIED,"Source-derived extract, not native machine-readable file"
BGD,Bangladesh,remittances,Workers'/wage-earner remittance inflows,Monthly,2026-M03,3752.21,USD million,SOURCE,"Bangladesh Bank, Monthly Report on Workers' Remittance Inflows, July 2026 (source-derived extract from PDF, not a native export)",True,VERIFIED,"Source-derived extract, not native machine-readable file"
BGD,Bangladesh,remittances,Workers'/wage-earner remittance inflows,Monthly,2026-M04,3123.32,USD million,SOURCE,"Bangladesh Bank, Monthly Report on Workers' Remittance Inflows, July 2026 (source-derived extract from PDF, not a native export)",True,VERIFIED,"Source-derived extract, not native machine-readable file"
BGD,Bangladesh,remittances,Workers'/wage-earner remittance inflows,Monthly,2026-M05,3442.58,USD million,SOURCE,"Bangladesh Bank, Monthly Report on Workers' Remittance Inflows, July 2026 (source-derived extract from PDF, not a native export)",True,VERIFIED,"Source-derived extract, not native machine-readable file"
BGD,Bangladesh,remittances,Workers'/wage-earner remittance inflows,Monthly,2026-M06,2819.03,USD million,SOURCE,"Bangladesh Bank, Monthly Report on Workers' Remittance Inflows, July 2026 (source-derived extract from PDF, not a native export)",True,VERIFIED,"Source-derived extract, not native machine-readable file"
BGD,Bangladesh,remittances,Workers'/wage-earner remittance inflows,Monthly,2026-M07,2858.76,USD million,SOURCE,"Bangladesh Bank, Monthly Report on Workers' Remittance Inflows, July 2026 (source-derived extract from PDF, not a native export)",False,VERIFIED,"Source-derived extract, not native machine-readable file"
PAK,Pakistan,remittances,Workers'/wage-earner remittance inflows,Monthly,2018-M01,1662.3,USD million,SOURCE,"SBP EasyData, TS_GP_BOP_WR_M.WR0010 (Total Cash Worker Remittances)",True,VERIFIED,"Raw/non-seasonally-adjusted status: very likely, not fully confirmed"
PAK,Pakistan,remittances,Workers'/wage-earner remittance inflows,Monthly,2018-M02,1473.1,USD million,SOURCE,"SBP EasyData, TS_GP_BOP_WR_M.WR0010 (Total Cash Worker Remittances)",True,VERIFIED,"Raw/non-seasonally-adjusted status: very likely, not fully confirmed"
PAK,Pakistan,remittances,Workers'/wage-earner remittance inflows,Monthly,2018-M03,1803.6,USD million,SOURCE,"SBP EasyData, TS_GP_BOP_WR_M.WR0010 (Total Cash Worker Remittances)",True,VERIFIED,"Raw/non-seasonally-adjusted status: very likely, not fully confirmed"
PAK,Pakistan,remittances,Workers'/wage-earner remittance inflows,Monthly,2018-M04,1678.9,USD million,SOURCE,"SBP EasyData, TS_GP_BOP_WR_M.WR0010 (Total Cash Worker Remittances)",True,VERIFIED,"Raw/non-seasonally-adjusted status: very likely, not fully confirmed"
PAK,Pakistan,remittances,Workers'/wage-earner remittance inflows,Monthly,2018-M05,1804.1,USD million,SOURCE,"SBP EasyData, TS_GP_BOP_WR_M.WR0010 (Total Cash Worker Remittances)",True,VERIFIED,"Raw/non-seasonally-adjusted status: very likely, not fully confirmed"
PAK,Pakistan,remittances,Workers'/wage-earner remittance inflows,Monthly,2018-M06,1627.7,USD million,SOURCE,"SBP EasyData, TS_GP_BOP_WR_M.WR0010 (Total Cash Worker Remittances)",True,VERIFIED,"Raw/non-seasonally-adjusted status: very likely, not fully confirmed"
PAK,Pakistan,remittances,Workers'/wage-earner remittance inflows,Monthly,2018-M07,1974.35,USD million,SOURCE,"SBP EasyData, TS_GP_BOP_WR_M.WR0010 (Total Cash Worker Remittances)",True,VERIFIED,"Raw/non-seasonally-adjusted status: very likely, not fully confirmed"
PAK,Pakistan,remittances,Workers'/wage-earner remittance inflows,Monthly,2018-M08,2083.08,USD million,SOURCE,"SBP EasyData, TS_GP_BOP_WR_M.WR0010 (Total Cash Worker Remittances)",True,VERIFIED,"Raw/non-seasonally-adjusted status: very likely, not fully confirmed"
PAK,Pakistan,remittances,Workers'/wage-earner remittance inflows,Monthly,2018-M09,1480.3,USD million,SOURCE,"SBP EasyData, TS_GP_BOP_WR_M.WR0010 (Total Cash Worker Remittances)",True,VERIFIED,"Raw/non-seasonally-adjusted status: very likely, not fully confirmed"
PAK,Pakistan,remittances,Workers'/wage-earner remittance inflows,Monthly,2018-M10,2052.55,USD million,SOURCE,"SBP EasyData, TS_GP_BOP_WR_M.WR0010 (Total Cash Worker Remittances)",True,VERIFIED,"Raw/non-seasonally-adjusted status: very likely, not fully confirmed"
PAK,Pakistan,remittances,Workers'/wage-earner remittance inflows,Monthly,2018-M11,1657.0,USD million,SOURCE,"SBP EasyData, TS_GP_BOP_WR_M.WR0010 (Total Cash Worker Remittances)",True,VERIFIED,"Raw/non-seasonally-adjusted status: very likely, not fully confirmed"
PAK,Pakistan,remittances,Workers'/wage-earner remittance inflows,Monthly,2018-M12,1740.54,USD million,SOURCE,"SBP EasyData, TS_GP_BOP_WR_M.WR0010 (Total Cash Worker Remittances)",True,VERIFIED,"Raw/non-seasonally-adjusted status: very likely, not fully confirmed"
PAK,Pakistan,remittances,Workers'/wage-earner remittance inflows,Monthly,2019-M01,1735.85,USD million,SOURCE,"SBP EasyData, TS_GP_BOP_WR_M.WR0010 (Total Cash Worker Remittances)",True,VERIFIED,"Raw/non-seasonally-adjusted status: very likely, not fully confirmed"
PAK,Pakistan,remittances,Workers'/wage-earner remittance inflows,Monthly,2019-M02,1573.68,USD million,SOURCE,"SBP EasyData, TS_GP_BOP_WR_M.WR0010 (Total Cash Worker Remittances)",True,VERIFIED,"Raw/non-seasonally-adjusted status: very likely, not fully confirmed"
PAK,Pakistan,remittances,Workers'/wage-earner remittance inflows,Monthly,2019-M03,1733.5,USD million,SOURCE,"SBP EasyData, TS_GP_BOP_WR_M.WR0010 (Total Cash Worker Remittances)",True,VERIFIED,"Raw/non-seasonally-adjusted status: very likely, not fully confirmed"
PAK,Pakistan,remittances,Workers'/wage-earner remittance inflows,Monthly,2019-M04,1770.16,USD million,SOURCE,"SBP EasyData, TS_GP_BOP_WR_M.WR0010 (Total Cash Worker Remittances)",True,VERIFIED,"Raw/non-seasonally-adjusted status: very likely, not fully confirmed"
PAK,Pakistan,remittances,Workers'/wage-earner remittance inflows,Monthly,2019-M05,2302.02,USD million,SOURCE,"SBP EasyData, TS_GP_BOP_WR_M.WR0010 (Total Cash Worker Remittances)",True,VERIFIED,"Raw/non-seasonally-adjusted status: very likely, not fully confirmed"
PAK,Pakistan,remittances,Workers'/wage-earner remittance inflows,Monthly,2019-M06,1636.37,USD million,SOURCE,"SBP EasyData, TS_GP_BOP_WR_M.WR0010 (Total Cash Worker Remittances)",True,VERIFIED,"Raw/non-seasonally-adjusted status: very likely, not fully confirmed"
PAK,Pakistan,remittances,Workers'/wage-earner remittance inflows,Monthly,2019-M07,2028.28,USD million,SOURCE,"SBP EasyData, TS_GP_BOP_WR_M.WR0010 (Total Cash Worker Remittances)",True,VERIFIED,"Raw/non-seasonally-adjusted status: very likely, not fully confirmed"
PAK,Pakistan,remittances,Workers'/wage-earner remittance inflows,Monthly,2019-M08,1683.95,USD million,SOURCE,"SBP EasyData, TS_GP_BOP_WR_M.WR0010 (Total Cash Worker Remittances)",True,VERIFIED,"Raw/non-seasonally-adjusted status: very likely, not fully confirmed"
PAK,Pakistan,remittances,Workers'/wage-earner remittance inflows,Monthly,2019-M09,1740.25,USD million,SOURCE,"SBP EasyData, TS_GP_BOP_WR_M.WR0010 (Total Cash Worker Remittances)",True,VERIFIED,"Raw/non-seasonally-adjusted status: very likely, not fully confirmed"
PAK,Pakistan,remittances,Workers'/wage-earner remittance inflows,Monthly,2019-M10,2001.22,USD million,SOURCE,"SBP EasyData, TS_GP_BOP_WR_M.WR0010 (Total Cash Worker Remittances)",True,VERIFIED,"Raw/non-seasonally-adjusted status: very likely, not fully confirmed"
PAK,Pakistan,remittances,Workers'/wage-earner remittance inflows,Monthly,2019-M11,1821.45,USD million,SOURCE,"SBP EasyData, TS_GP_BOP_WR_M.WR0010 (Total Cash Worker Remittances)",True,VERIFIED,"Raw/non-seasonally-adjusted status: very likely, not fully confirmed"
PAK,Pakistan,remittances,Workers'/wage-earner remittance inflows,Monthly,2019-M12,2097.07,USD million,SOURCE,"SBP EasyData, TS_GP_BOP_WR_M.WR0010 (Total Cash Worker Remittances)",True,VERIFIED,"Raw/non-seasonally-adjusted status: very likely, not fully confirmed"
PAK,Pakistan,remittances,Workers'/wage-earner remittance inflows,Monthly,2020-M01,1906.98,USD million,SOURCE,"SBP EasyData, TS_GP_BOP_WR_M.WR0010 (Total Cash Worker Remittances)",True,VERIFIED,"Raw/non-seasonally-adjusted status: very likely, not fully confirmed"
PAK,Pakistan,remittances,Workers'/wage-earner remittance inflows,Monthly,2020-M02,1824.83,USD million,SOURCE,"SBP EasyData, TS_GP_BOP_WR_M.WR0010 (Total Cash Worker Remittances)",True,VERIFIED,"Raw/non-seasonally-adjusted status: very likely, not fully confirmed"
PAK,Pakistan,remittances,Workers'/wage-earner remittance inflows,Monthly,2020-M03,1904.68,USD million,SOURCE,"SBP EasyData, TS_GP_BOP_WR_M.WR0010 (Total Cash Worker Remittances)",True,VERIFIED,"Raw/non-seasonally-adjusted status: very likely, not fully confirmed"
PAK,Pakistan,remittances,Workers'/wage-earner remittance inflows,Monthly,2020-M04,1785.1,USD million,SOURCE,"SBP EasyData, TS_GP_BOP_WR_M.WR0010 (Total Cash Worker Remittances)",True,VERIFIED,"Raw/non-seasonally-adjusted status: very likely, not fully confirmed"
PAK,Pakistan,remittances,Workers'/wage-earner remittance inflows,Monthly,2020-M05,1865.23,USD million,SOURCE,"SBP EasyData, TS_GP_BOP_WR_M.WR0010 (Total Cash Worker Remittances)",True,VERIFIED,"Raw/non-seasonally-adjusted status: very likely, not fully confirmed"
PAK,Pakistan,remittances,Workers'/wage-earner remittance inflows,Monthly,2020-M06,2473.27,USD million,SOURCE,"SBP EasyData, TS_GP_BOP_WR_M.WR0010 (Total Cash Worker Remittances)",True,VERIFIED,"Raw/non-seasonally-adjusted status: very likely, not fully confirmed"
PAK,Pakistan,remittances,Workers'/wage-earner remittance inflows,Monthly,2020-M07,2764.960828,USD million,SOURCE,"SBP EasyData, TS_GP_BOP_WR_M.WR0010 (Total Cash Worker Remittances)",True,VERIFIED,"Raw/non-seasonally-adjusted status: very likely, not fully confirmed"
PAK,Pakistan,remittances,Workers'/wage-earner remittance inflows,Monthly,2020-M08,2096.213734,USD million,SOURCE,"SBP EasyData, TS_GP_BOP_WR_M.WR0010 (Total Cash Worker Remittances)",True,VERIFIED,"Raw/non-seasonally-adjusted status: very likely, not fully confirmed"
PAK,Pakistan,remittances,Workers'/wage-earner remittance inflows,Monthly,2020-M09,2285.022573,USD million,SOURCE,"SBP EasyData, TS_GP_BOP_WR_M.WR0010 (Total Cash Worker Remittances)",True,VERIFIED,"Raw/non-seasonally-adjusted status: very likely, not fully confirmed"
PAK,Pakistan,remittances,Workers'/wage-earner remittance inflows,Monthly,2020-M10,2284.10714,USD million,SOURCE,"SBP EasyData, TS_GP_BOP_WR_M.WR0010 (Total Cash Worker Remittances)",True,VERIFIED,"Raw/non-seasonally-adjusted status: very likely, not fully confirmed"
PAK,Pakistan,remittances,Workers'/wage-earner remittance inflows,Monthly,2020-M11,2332.147257,USD million,SOURCE,"SBP EasyData, TS_GP_BOP_WR_M.WR0010 (Total Cash Worker Remittances)",True,VERIFIED,"Raw/non-seasonally-adjusted status: very likely, not fully confirmed"
PAK,Pakistan,remittances,Workers'/wage-earner remittance inflows,Monthly,2020-M12,2421.721535,USD million,SOURCE,"SBP EasyData, TS_GP_BOP_WR_M.WR0010 (Total Cash Worker Remittances)",True,VERIFIED,"Raw/non-seasonally-adjusted status: very likely, not fully confirmed"
PAK,Pakistan,remittances,Workers'/wage-earner remittance inflows,Monthly,2021-M01,2268.742601,USD million,SOURCE,"SBP EasyData, TS_GP_BOP_WR_M.WR0010 (Total Cash Worker Remittances)",True,VERIFIED,"Raw/non-seasonally-adjusted status: very likely, not fully confirmed"
PAK,Pakistan,remittances,Workers'/wage-earner remittance inflows,Monthly,2021-M02,2260.322735,USD million,SOURCE,"SBP EasyData, TS_GP_BOP_WR_M.WR0010 (Total Cash Worker Remittances)",True,VERIFIED,"Raw/non-seasonally-adjusted status: very likely, not fully confirmed"
PAK,Pakistan,remittances,Workers'/wage-earner remittance inflows,Monthly,2021-M03,2723.218474,USD million,SOURCE,"SBP EasyData, TS_GP_BOP_WR_M.WR0010 (Total Cash Worker Remittances)",True,VERIFIED,"Raw/non-seasonally-adjusted status: very likely, not fully confirmed"
PAK,Pakistan,remittances,Workers'/wage-earner remittance inflows,Monthly,2021-M04,2792.557929,USD million,SOURCE,"SBP EasyData, TS_GP_BOP_WR_M.WR0010 (Total Cash Worker Remittances)",True,VERIFIED,"Raw/non-seasonally-adjusted status: very likely, not fully confirmed"
PAK,Pakistan,remittances,Workers'/wage-earner remittance inflows,Monthly,2021-M05,2506.658351,USD million,SOURCE,"SBP EasyData, TS_GP_BOP_WR_M.WR0010 (Total Cash Worker Remittances)",True,VERIFIED,"Raw/non-seasonally-adjusted status: very likely, not fully confirmed"
PAK,Pakistan,remittances,Workers'/wage-earner remittance inflows,Monthly,2021-M06,2714.234446,USD million,SOURCE,"SBP EasyData, TS_GP_BOP_WR_M.WR0010 (Total Cash Worker Remittances)",True,VERIFIED,"Raw/non-seasonally-adjusted status: very likely, not fully confirmed"
PAK,Pakistan,remittances,Workers'/wage-earner remittance inflows,Monthly,2021-M07,2736.077681,USD million,SOURCE,"SBP EasyData, TS_GP_BOP_WR_M.WR0010 (Total Cash Worker Remittances)",True,VERIFIED,"Raw/non-seasonally-adjusted status: very likely, not fully confirmed"
PAK,Pakistan,remittances,Workers'/wage-earner remittance inflows,Monthly,2021-M08,2682.62743,USD million,SOURCE,"SBP EasyData, TS_GP_BOP_WR_M.WR0010 (Total Cash Worker Remittances)",True,VERIFIED,"Raw/non-seasonally-adjusted status: very likely, not fully confirmed"
PAK,Pakistan,remittances,Workers'/wage-earner remittance inflows,Monthly,2021-M09,2779.892769,USD million,SOURCE,"SBP EasyData, TS_GP_BOP_WR_M.WR0010 (Total Cash Worker Remittances)",True,VERIFIED,"Raw/non-seasonally-adjusted status: very likely, not fully confirmed"
PAK,Pakistan,remittances,Workers'/wage-earner remittance inflows,Monthly,2021-M10,2628.586368,USD million,SOURCE,"SBP EasyData, TS_GP_BOP_WR_M.WR0010 (Total Cash Worker Remittances)",True,VERIFIED,"Raw/non-seasonally-adjusted status: very likely, not fully confirmed"
PAK,Pakistan,remittances,Workers'/wage-earner remittance inflows,Monthly,2021-M11,2459.709253,USD million,SOURCE,"SBP EasyData, TS_GP_BOP_WR_M.WR0010 (Total Cash Worker Remittances)",True,VERIFIED,"Raw/non-seasonally-adjusted status: very likely, not fully confirmed"
PAK,Pakistan,remittances,Workers'/wage-earner remittance inflows,Monthly,2021-M12,2520.352433,USD million,SOURCE,"SBP EasyData, TS_GP_BOP_WR_M.WR0010 (Total Cash Worker Remittances)",True,VERIFIED,"Raw/non-seasonally-adjusted status: very likely, not fully confirmed"
PAK,Pakistan,remittances,Workers'/wage-earner remittance inflows,Monthly,2022-M01,2180.433945,USD million,SOURCE,"SBP EasyData, TS_GP_BOP_WR_M.WR0010 (Total Cash Worker Remittances)",True,VERIFIED,"Raw/non-seasonally-adjusted status: very likely, not fully confirmed"
PAK,Pakistan,remittances,Workers'/wage-earner remittance inflows,Monthly,2022-M02,2196.168428,USD million,SOURCE,"SBP EasyData, TS_GP_BOP_WR_M.WR0010 (Total Cash Worker Remittances)",True,VERIFIED,"Raw/non-seasonally-adjusted status: very likely, not fully confirmed"
PAK,Pakistan,remittances,Workers'/wage-earner remittance inflows,Monthly,2022-M03,2834.767043,USD million,SOURCE,"SBP EasyData, TS_GP_BOP_WR_M.WR0010 (Total Cash Worker Remittances)",True,VERIFIED,"Raw/non-seasonally-adjusted status: very likely, not fully confirmed"
PAK,Pakistan,remittances,Workers'/wage-earner remittance inflows,Monthly,2022-M04,3124.369515,USD million,SOURCE,"SBP EasyData, TS_GP_BOP_WR_M.WR0010 (Total Cash Worker Remittances)",True,VERIFIED,"Raw/non-seasonally-adjusted status: very likely, not fully confirmed"
PAK,Pakistan,remittances,Workers'/wage-earner remittance inflows,Monthly,2022-M05,2346.240221,USD million,SOURCE,"SBP EasyData, TS_GP_BOP_WR_M.WR0010 (Total Cash Worker Remittances)",True,VERIFIED,"Raw/non-seasonally-adjusted status: very likely, not fully confirmed"
PAK,Pakistan,remittances,Workers'/wage-earner remittance inflows,Monthly,2022-M06,2789.577806,USD million,SOURCE,"SBP EasyData, TS_GP_BOP_WR_M.WR0010 (Total Cash Worker Remittances)",True,VERIFIED,"Raw/non-seasonally-adjusted status: very likely, not fully confirmed"
PAK,Pakistan,remittances,Workers'/wage-earner remittance inflows,Monthly,2022-M07,2594.295739,USD million,SOURCE,"SBP EasyData, TS_GP_BOP_WR_M.WR0010 (Total Cash Worker Remittances)",True,VERIFIED,"Raw/non-seasonally-adjusted status: very likely, not fully confirmed"
PAK,Pakistan,remittances,Workers'/wage-earner remittance inflows,Monthly,2022-M08,2815.673902,USD million,SOURCE,"SBP EasyData, TS_GP_BOP_WR_M.WR0010 (Total Cash Worker Remittances)",True,VERIFIED,"Raw/non-seasonally-adjusted status: very likely, not fully confirmed"
PAK,Pakistan,remittances,Workers'/wage-earner remittance inflows,Monthly,2022-M09,2487.225612,USD million,SOURCE,"SBP EasyData, TS_GP_BOP_WR_M.WR0010 (Total Cash Worker Remittances)",True,VERIFIED,"Raw/non-seasonally-adjusted status: very likely, not fully confirmed"
PAK,Pakistan,remittances,Workers'/wage-earner remittance inflows,Monthly,2022-M10,2247.62424,USD million,SOURCE,"SBP EasyData, TS_GP_BOP_WR_M.WR0010 (Total Cash Worker Remittances)",True,VERIFIED,"Raw/non-seasonally-adjusted status: very likely, not fully confirmed"
PAK,Pakistan,remittances,Workers'/wage-earner remittance inflows,Monthly,2022-M11,2173.036496,USD million,SOURCE,"SBP EasyData, TS_GP_BOP_WR_M.WR0010 (Total Cash Worker Remittances)",True,VERIFIED,"Raw/non-seasonally-adjusted status: very likely, not fully confirmed"
PAK,Pakistan,remittances,Workers'/wage-earner remittance inflows,Monthly,2022-M12,2099.787498,USD million,SOURCE,"SBP EasyData, TS_GP_BOP_WR_M.WR0010 (Total Cash Worker Remittances)",True,VERIFIED,"Raw/non-seasonally-adjusted status: very likely, not fully confirmed"
PAK,Pakistan,remittances,Workers'/wage-earner remittance inflows,Monthly,2023-M01,1900.087935,USD million,SOURCE,"SBP EasyData, TS_GP_BOP_WR_M.WR0010 (Total Cash Worker Remittances)",True,VERIFIED,"Raw/non-seasonally-adjusted status: very likely, not fully confirmed"
PAK,Pakistan,remittances,Workers'/wage-earner remittance inflows,Monthly,2023-M02,1990.345686,USD million,SOURCE,"SBP EasyData, TS_GP_BOP_WR_M.WR0010 (Total Cash Worker Remittances)",True,VERIFIED,"Raw/non-seasonally-adjusted status: very likely, not fully confirmed"
PAK,Pakistan,remittances,Workers'/wage-earner remittance inflows,Monthly,2023-M03,2536.682781,USD million,SOURCE,"SBP EasyData, TS_GP_BOP_WR_M.WR0010 (Total Cash Worker Remittances)",True,VERIFIED,"Raw/non-seasonally-adjusted status: very likely, not fully confirmed"
PAK,Pakistan,remittances,Workers'/wage-earner remittance inflows,Monthly,2023-M04,2198.302053,USD million,SOURCE,"SBP EasyData, TS_GP_BOP_WR_M.WR0010 (Total Cash Worker Remittances)",True,VERIFIED,"Raw/non-seasonally-adjusted status: very likely, not fully confirmed"
PAK,Pakistan,remittances,Workers'/wage-earner remittance inflows,Monthly,2023-M05,2102.666259,USD million,SOURCE,"SBP EasyData, TS_GP_BOP_WR_M.WR0010 (Total Cash Worker Remittances)",True,VERIFIED,"Raw/non-seasonally-adjusted status: very likely, not fully confirmed"
PAK,Pakistan,remittances,Workers'/wage-earner remittance inflows,Monthly,2023-M06,2187.080838,USD million,SOURCE,"SBP EasyData, TS_GP_BOP_WR_M.WR0010 (Total Cash Worker Remittances)",True,VERIFIED,"Raw/non-seasonally-adjusted status: very likely, not fully confirmed"
PAK,Pakistan,remittances,Workers'/wage-earner remittance inflows,Monthly,2023-M07,2029.041389,USD million,SOURCE,"SBP EasyData, TS_GP_BOP_WR_M.WR0010 (Total Cash Worker Remittances)",True,VERIFIED,"Raw/non-seasonally-adjusted status: very likely, not fully confirmed"
PAK,Pakistan,remittances,Workers'/wage-earner remittance inflows,Monthly,2023-M08,2094.507,USD million,SOURCE,"SBP EasyData, TS_GP_BOP_WR_M.WR0010 (Total Cash Worker Remittances)",True,VERIFIED,"Raw/non-seasonally-adjusted status: very likely, not fully confirmed"
PAK,Pakistan,remittances,Workers'/wage-earner remittance inflows,Monthly,2023-M09,2208.130749,USD million,SOURCE,"SBP EasyData, TS_GP_BOP_WR_M.WR0010 (Total Cash Worker Remittances)",True,VERIFIED,"Raw/non-seasonally-adjusted status: very likely, not fully confirmed"
PAK,Pakistan,remittances,Workers'/wage-earner remittance inflows,Monthly,2023-M10,2463.117162,USD million,SOURCE,"SBP EasyData, TS_GP_BOP_WR_M.WR0010 (Total Cash Worker Remittances)",True,VERIFIED,"Raw/non-seasonally-adjusted status: very likely, not fully confirmed"
PAK,Pakistan,remittances,Workers'/wage-earner remittance inflows,Monthly,2023-M11,2258.544029,USD million,SOURCE,"SBP EasyData, TS_GP_BOP_WR_M.WR0010 (Total Cash Worker Remittances)",True,VERIFIED,"Raw/non-seasonally-adjusted status: very likely, not fully confirmed"
PAK,Pakistan,remittances,Workers'/wage-earner remittance inflows,Monthly,2023-M12,2381.853131,USD million,SOURCE,"SBP EasyData, TS_GP_BOP_WR_M.WR0010 (Total Cash Worker Remittances)",True,VERIFIED,"Raw/non-seasonally-adjusted status: very likely, not fully confirmed"
PAK,Pakistan,remittances,Workers'/wage-earner remittance inflows,Monthly,2024-M01,2397.870065,USD million,SOURCE,"SBP EasyData, TS_GP_BOP_WR_M.WR0010 (Total Cash Worker Remittances)",True,VERIFIED,"Raw/non-seasonally-adjusted status: very likely, not fully confirmed"
PAK,Pakistan,remittances,Workers'/wage-earner remittance inflows,Monthly,2024-M02,2250.147228,USD million,SOURCE,"SBP EasyData, TS_GP_BOP_WR_M.WR0010 (Total Cash Worker Remittances)",True,VERIFIED,"Raw/non-seasonally-adjusted status: very likely, not fully confirmed"
PAK,Pakistan,remittances,Workers'/wage-earner remittance inflows,Monthly,2024-M03,2953.980816,USD million,SOURCE,"SBP EasyData, TS_GP_BOP_WR_M.WR0010 (Total Cash Worker Remittances)",True,VERIFIED,"Raw/non-seasonally-adjusted status: very likely, not fully confirmed"
PAK,Pakistan,remittances,Workers'/wage-earner remittance inflows,Monthly,2024-M04,2813.267052,USD million,SOURCE,"SBP EasyData, TS_GP_BOP_WR_M.WR0010 (Total Cash Worker Remittances)",True,VERIFIED,"Raw/non-seasonally-adjusted status: very likely, not fully confirmed"
PAK,Pakistan,remittances,Workers'/wage-earner remittance inflows,Monthly,2024-M05,3242.226877,USD million,SOURCE,"SBP EasyData, TS_GP_BOP_WR_M.WR0010 (Total Cash Worker Remittances)",True,VERIFIED,"Raw/non-seasonally-adjusted status: very likely, not fully confirmed"
PAK,Pakistan,remittances,Workers'/wage-earner remittance inflows,Monthly,2024-M06,3158.138862,USD million,SOURCE,"SBP EasyData, TS_GP_BOP_WR_M.WR0010 (Total Cash Worker Remittances)",True,VERIFIED,"Raw/non-seasonally-adjusted status: very likely, not fully confirmed"
PAK,Pakistan,remittances,Workers'/wage-earner remittance inflows,Monthly,2024-M07,2993.99974,USD million,SOURCE,"SBP EasyData, TS_GP_BOP_WR_M.WR0010 (Total Cash Worker Remittances)",True,VERIFIED,"Raw/non-seasonally-adjusted status: very likely, not fully confirmed"
PAK,Pakistan,remittances,Workers'/wage-earner remittance inflows,Monthly,2024-M08,2942.812184,USD million,SOURCE,"SBP EasyData, TS_GP_BOP_WR_M.WR0010 (Total Cash Worker Remittances)",True,VERIFIED,"Raw/non-seasonally-adjusted status: very likely, not fully confirmed"
PAK,Pakistan,remittances,Workers'/wage-earner remittance inflows,Monthly,2024-M09,2859.516117,USD million,SOURCE,"SBP EasyData, TS_GP_BOP_WR_M.WR0010 (Total Cash Worker Remittances)",True,VERIFIED,"Raw/non-seasonally-adjusted status: very likely, not fully confirmed"
PAK,Pakistan,remittances,Workers'/wage-earner remittance inflows,Monthly,2024-M10,3054.550962,USD million,SOURCE,"SBP EasyData, TS_GP_BOP_WR_M.WR0010 (Total Cash Worker Remittances)",True,VERIFIED,"Raw/non-seasonally-adjusted status: very likely, not fully confirmed"
PAK,Pakistan,remittances,Workers'/wage-earner remittance inflows,Monthly,2024-M11,2915.348668,USD million,SOURCE,"SBP EasyData, TS_GP_BOP_WR_M.WR0010 (Total Cash Worker Remittances)",True,VERIFIED,"Raw/non-seasonally-adjusted status: very likely, not fully confirmed"
PAK,Pakistan,remittances,Workers'/wage-earner remittance inflows,Monthly,2024-M12,3080.397524,USD million,SOURCE,"SBP EasyData, TS_GP_BOP_WR_M.WR0010 (Total Cash Worker Remittances)",True,VERIFIED,"Raw/non-seasonally-adjusted status: very likely, not fully confirmed"
PAK,Pakistan,remittances,Workers'/wage-earner remittance inflows,Monthly,2025-M01,3003.375873,USD million,SOURCE,"SBP EasyData, TS_GP_BOP_WR_M.WR0010 (Total Cash Worker Remittances)",True,VERIFIED,"Raw/non-seasonally-adjusted status: very likely, not fully confirmed"
PAK,Pakistan,remittances,Workers'/wage-earner remittance inflows,Monthly,2025-M02,3126.670931,USD million,SOURCE,"SBP EasyData, TS_GP_BOP_WR_M.WR0010 (Total Cash Worker Remittances)",True,VERIFIED,"Raw/non-seasonally-adjusted status: very likely, not fully confirmed"
PAK,Pakistan,remittances,Workers'/wage-earner remittance inflows,Monthly,2025-M03,4053.579523,USD million,SOURCE,"SBP EasyData, TS_GP_BOP_WR_M.WR0010 (Total Cash Worker Remittances)",True,VERIFIED,"Raw/non-seasonally-adjusted status: very likely, not fully confirmed"
PAK,Pakistan,remittances,Workers'/wage-earner remittance inflows,Monthly,2025-M04,3176.93,USD million,SOURCE,"SBP EasyData, TS_GP_BOP_WR_M.WR0010 (Total Cash Worker Remittances)",True,VERIFIED,"Raw/non-seasonally-adjusted status: very likely, not fully confirmed"
PAK,Pakistan,remittances,Workers'/wage-earner remittance inflows,Monthly,2025-M05,3685.588476,USD million,SOURCE,"SBP EasyData, TS_GP_BOP_WR_M.WR0010 (Total Cash Worker Remittances)",True,VERIFIED,"Raw/non-seasonally-adjusted status: very likely, not fully confirmed"
PAK,Pakistan,remittances,Workers'/wage-earner remittance inflows,Monthly,2025-M06,3406.389361,USD million,SOURCE,"SBP EasyData, TS_GP_BOP_WR_M.WR0010 (Total Cash Worker Remittances)",True,VERIFIED,"Raw/non-seasonally-adjusted status: very likely, not fully confirmed"
PAK,Pakistan,remittances,Workers'/wage-earner remittance inflows,Monthly,2025-M07,3214.514462,USD million,SOURCE,"SBP EasyData, TS_GP_BOP_WR_M.WR0010 (Total Cash Worker Remittances)",True,VERIFIED,"Raw/non-seasonally-adjusted status: very likely, not fully confirmed"
PAK,Pakistan,remittances,Workers'/wage-earner remittance inflows,Monthly,2025-M08,3138.174787,USD million,SOURCE,"SBP EasyData, TS_GP_BOP_WR_M.WR0010 (Total Cash Worker Remittances)",True,VERIFIED,"Raw/non-seasonally-adjusted status: very likely, not fully confirmed"
PAK,Pakistan,remittances,Workers'/wage-earner remittance inflows,Monthly,2025-M09,3184.123961,USD million,SOURCE,"SBP EasyData, TS_GP_BOP_WR_M.WR0010 (Total Cash Worker Remittances)",True,VERIFIED,"Raw/non-seasonally-adjusted status: very likely, not fully confirmed"
PAK,Pakistan,remittances,Workers'/wage-earner remittance inflows,Monthly,2025-M10,3419.61361,USD million,SOURCE,"SBP EasyData, TS_GP_BOP_WR_M.WR0010 (Total Cash Worker Remittances)",True,VERIFIED,"Raw/non-seasonally-adjusted status: very likely, not fully confirmed"
PAK,Pakistan,remittances,Workers'/wage-earner remittance inflows,Monthly,2025-M11,3188.337716,USD million,SOURCE,"SBP EasyData, TS_GP_BOP_WR_M.WR0010 (Total Cash Worker Remittances)",True,VERIFIED,"Raw/non-seasonally-adjusted status: very likely, not fully confirmed"
PAK,Pakistan,remittances,Workers'/wage-earner remittance inflows,Monthly,2025-M12,3592.442722,USD million,SOURCE,"SBP EasyData, TS_GP_BOP_WR_M.WR0010 (Total Cash Worker Remittances)",True,VERIFIED,"Raw/non-seasonally-adjusted status: very likely, not fully confirmed"
PAK,Pakistan,remittances,Workers'/wage-earner remittance inflows,Monthly,2026-M01,3464.468094,USD million,SOURCE,"SBP EasyData, TS_GP_BOP_WR_M.WR0010 (Total Cash Worker Remittances)",True,VERIFIED,"Raw/non-seasonally-adjusted status: very likely, not fully confirmed"
PAK,Pakistan,remittances,Workers'/wage-earner remittance inflows,Monthly,2026-M02,3287.872847,USD million,SOURCE,"SBP EasyData, TS_GP_BOP_WR_M.WR0010 (Total Cash Worker Remittances)",True,VERIFIED,"Raw/non-seasonally-adjusted status: very likely, not fully confirmed"
PAK,Pakistan,remittances,Workers'/wage-earner remittance inflows,Monthly,2026-M03,3831.405102,USD million,SOURCE,"SBP EasyData, TS_GP_BOP_WR_M.WR0010 (Total Cash Worker Remittances)",True,VERIFIED,"Raw/non-seasonally-adjusted status: very likely, not fully confirmed"
PAK,Pakistan,remittances,Workers'/wage-earner remittance inflows,Monthly,2026-M04,3537.025479,USD million,SOURCE,"SBP EasyData, TS_GP_BOP_WR_M.WR0010 (Total Cash Worker Remittances)",True,VERIFIED,"Raw/non-seasonally-adjusted status: very likely, not fully confirmed"
PAK,Pakistan,remittances,Workers'/wage-earner remittance inflows,Monthly,2026-M05,4252.157161,USD million,SOURCE,"SBP EasyData, TS_GP_BOP_WR_M.WR0010 (Total Cash Worker Remittances)",True,VERIFIED,"Raw/non-seasonally-adjusted status: very likely, not fully confirmed"
PAK,Pakistan,remittances,Workers'/wage-earner remittance inflows,Monthly,2026-M06,3474.556764,USD million,SOURCE,"SBP EasyData, TS_GP_BOP_WR_M.WR0010 (Total Cash Worker Remittances)",True,VERIFIED,"Raw/non-seasonally-adjusted status: very likely, not fully confirmed"
PAK,Pakistan,remittances,Workers'/wage-earner remittance inflows,Monthly,2026-M07,3630.476883,USD million,SOURCE,"SBP EasyData, TS_GP_BOP_WR_M.WR0010 (Total Cash Worker Remittances)",False,VERIFIED,"Raw/non-seasonally-adjusted status: very likely, not fully confirmed"
PAK,Pakistan,remittances,Workers'/wage-earner remittance inflows,Monthly,2026-M08,3656.33767,USD million,SOURCE,"SBP EasyData, TS_GP_BOP_WR_M.WR0010 (Total Cash Worker Remittances)",False,VERIFIED,"Raw/non-seasonally-adjusted status: very likely, not fully confirmed"
BGD,Bangladesh,reserves_excl_gold,International reserves excluding gold,Monthly,2018-M01,32287.88069040612,USD million,SOURCE,"IMF International Liquidity (IL), RXF11_REVS.USD.M",True,VERIFIED,
BGD,Bangladesh,reserves_excl_gold,International reserves excluding gold,Monthly,2018-M02,32962.21852896159,USD million,SOURCE,"IMF International Liquidity (IL), RXF11_REVS.USD.M",True,VERIFIED,
BGD,Bangladesh,reserves_excl_gold,International reserves excluding gold,Monthly,2018-M03,31996.05165835314,USD million,SOURCE,"IMF International Liquidity (IL), RXF11_REVS.USD.M",True,VERIFIED,
BGD,Bangladesh,reserves_excl_gold,International reserves excluding gold,Monthly,2018-M04,32501.018051086,USD million,SOURCE,"IMF International Liquidity (IL), RXF11_REVS.USD.M",True,VERIFIED,
BGD,Bangladesh,reserves_excl_gold,International reserves excluding gold,Monthly,2018-M05,31766.58752864546,USD million,SOURCE,"IMF International Liquidity (IL), RXF11_REVS.USD.M",True,VERIFIED,
BGD,Bangladesh,reserves_excl_gold,International reserves excluding gold,Monthly,2018-M06,32381.81826692638,USD million,SOURCE,"IMF International Liquidity (IL), RXF11_REVS.USD.M",True,VERIFIED,
BGD,Bangladesh,reserves_excl_gold,International reserves excluding gold,Monthly,2018-M07,31557.49659663419,USD million,SOURCE,"IMF International Liquidity (IL), RXF11_REVS.USD.M",True,VERIFIED,
BGD,Bangladesh,reserves_excl_gold,International reserves excluding gold,Monthly,2018-M08,32386.94268563701,USD million,SOURCE,"IMF International Liquidity (IL), RXF11_REVS.USD.M",True,VERIFIED,
BGD,Bangladesh,reserves_excl_gold,International reserves excluding gold,Monthly,2018-M09,31424.43692323143,USD million,SOURCE,"IMF International Liquidity (IL), RXF11_REVS.USD.M",True,VERIFIED,
BGD,Bangladesh,reserves_excl_gold,International reserves excluding gold,Monthly,2018-M10,31527.49869573703,USD million,SOURCE,"IMF International Liquidity (IL), RXF11_REVS.USD.M",True,VERIFIED,
BGD,Bangladesh,reserves_excl_gold,International reserves excluding gold,Monthly,2018-M11,30514.90048750164,USD million,SOURCE,"IMF International Liquidity (IL), RXF11_REVS.USD.M",True,VERIFIED,
BGD,Bangladesh,reserves_excl_gold,International reserves excluding gold,Monthly,2018-M12,31452.73912925095,USD million,SOURCE,"IMF International Liquidity (IL), RXF11_REVS.USD.M",True,VERIFIED,
BGD,Bangladesh,reserves_excl_gold,International reserves excluding gold,Monthly,2019-M01,30694.71646089908,USD million,SOURCE,"IMF International Liquidity (IL), RXF11_REVS.USD.M",True,VERIFIED,
BGD,Bangladesh,reserves_excl_gold,International reserves excluding gold,Monthly,2019-M02,31645.83087999771,USD million,SOURCE,"IMF International Liquidity (IL), RXF11_REVS.USD.M",True,VERIFIED,
BGD,Bangladesh,reserves_excl_gold,International reserves excluding gold,Monthly,2019-M03,31171.416708743,USD million,SOURCE,"IMF International Liquidity (IL), RXF11_REVS.USD.M",True,VERIFIED,
BGD,Bangladesh,reserves_excl_gold,International reserves excluding gold,Monthly,2019-M04,31551.69266737729,USD million,SOURCE,"IMF International Liquidity (IL), RXF11_REVS.USD.M",True,VERIFIED,
BGD,Bangladesh,reserves_excl_gold,International reserves excluding gold,Monthly,2019-M05,30768.42761837862,USD million,SOURCE,"IMF International Liquidity (IL), RXF11_REVS.USD.M",True,VERIFIED,
BGD,Bangladesh,reserves_excl_gold,International reserves excluding gold,Monthly,2019-M06,32083.67565729401,USD million,SOURCE,"IMF International Liquidity (IL), RXF11_REVS.USD.M",True,VERIFIED,
BGD,Bangladesh,reserves_excl_gold,International reserves excluding gold,Monthly,2019-M07,31452.73113734025,USD million,SOURCE,"IMF International Liquidity (IL), RXF11_REVS.USD.M",True,VERIFIED,
BGD,Bangladesh,reserves_excl_gold,International reserves excluding gold,Monthly,2019-M08,32082.72880988164,USD million,SOURCE,"IMF International Liquidity (IL), RXF11_REVS.USD.M",True,VERIFIED,
BGD,Bangladesh,reserves_excl_gold,International reserves excluding gold,Monthly,2019-M09,31161.72453566616,USD million,SOURCE,"IMF International Liquidity (IL), RXF11_REVS.USD.M",True,VERIFIED,
BGD,Bangladesh,reserves_excl_gold,International reserves excluding gold,Monthly,2019-M10,31770.29593025329,USD million,SOURCE,"IMF International Liquidity (IL), RXF11_REVS.USD.M",True,VERIFIED,
BGD,Bangladesh,reserves_excl_gold,International reserves excluding gold,Monthly,2019-M11,31077.26535786672,USD million,SOURCE,"IMF International Liquidity (IL), RXF11_REVS.USD.M",True,VERIFIED,
BGD,Bangladesh,reserves_excl_gold,International reserves excluding gold,Monthly,2019-M12,32012.89065071252,USD million,SOURCE,"IMF International Liquidity (IL), RXF11_REVS.USD.M",True,VERIFIED,
BGD,Bangladesh,reserves_excl_gold,International reserves excluding gold,Monthly,2020-M01,31676.42367577327,USD million,SOURCE,"IMF International Liquidity (IL), RXF11_REVS.USD.M",True,VERIFIED,
BGD,Bangladesh,reserves_excl_gold,International reserves excluding gold,Monthly,2020-M02,32259.51234252637,USD million,SOURCE,"IMF International Liquidity (IL), RXF11_REVS.USD.M",True,VERIFIED,
BGD,Bangladesh,reserves_excl_gold,International reserves excluding gold,Monthly,2020-M03,31858.9221861386,USD million,SOURCE,"IMF International Liquidity (IL), RXF11_REVS.USD.M",True,VERIFIED,
BGD,Bangladesh,reserves_excl_gold,International reserves excluding gold,Monthly,2020-M04,32335.9595442824,USD million,SOURCE,"IMF International Liquidity (IL), RXF11_REVS.USD.M",True,VERIFIED,
BGD,Bangladesh,reserves_excl_gold,International reserves excluding gold,Monthly,2020-M05,32633.95998195831,USD million,SOURCE,"IMF International Liquidity (IL), RXF11_REVS.USD.M",True,VERIFIED,
BGD,Bangladesh,reserves_excl_gold,International reserves excluding gold,Monthly,2020-M06,35242.89322829694,USD million,SOURCE,"IMF International Liquidity (IL), RXF11_REVS.USD.M",True,VERIFIED,
BGD,Bangladesh,reserves_excl_gold,International reserves excluding gold,Monthly,2020-M07,36418.09453845456,USD million,SOURCE,"IMF International Liquidity (IL), RXF11_REVS.USD.M",True,VERIFIED,
BGD,Bangladesh,reserves_excl_gold,International reserves excluding gold,Monthly,2020-M08,38160.60077111923,USD million,SOURCE,"IMF International Liquidity (IL), RXF11_REVS.USD.M",True,VERIFIED,
BGD,Bangladesh,reserves_excl_gold,International reserves excluding gold,Monthly,2020-M09,38467.18285848932,USD million,SOURCE,"IMF International Liquidity (IL), RXF11_REVS.USD.M",True,VERIFIED,
BGD,Bangladesh,reserves_excl_gold,International reserves excluding gold,Monthly,2020-M10,40150.66990640036,USD million,SOURCE,"IMF International Liquidity (IL), RXF11_REVS.USD.M",True,VERIFIED,
BGD,Bangladesh,reserves_excl_gold,International reserves excluding gold,Monthly,2020-M11,40472.19431241543,USD million,SOURCE,"IMF International Liquidity (IL), RXF11_REVS.USD.M",True,VERIFIED,
BGD,Bangladesh,reserves_excl_gold,International reserves excluding gold,Monthly,2020-M12,42322.36013859409,USD million,SOURCE,"IMF International Liquidity (IL), RXF11_REVS.USD.M",True,VERIFIED,
BGD,Bangladesh,reserves_excl_gold,International reserves excluding gold,Monthly,2021-M01,42023.5396413755,USD million,SOURCE,"IMF International Liquidity (IL), RXF11_REVS.USD.M",True,VERIFIED,
BGD,Bangladesh,reserves_excl_gold,International reserves excluding gold,Monthly,2021-M02,43233.72347877037,USD million,SOURCE,"IMF International Liquidity (IL), RXF11_REVS.USD.M",True,VERIFIED,
BGD,Bangladesh,reserves_excl_gold,International reserves excluding gold,Monthly,2021-M03,42684.72586540643,USD million,SOURCE,"IMF International Liquidity (IL), RXF11_REVS.USD.M",True,VERIFIED,
BGD,Bangladesh,reserves_excl_gold,International reserves excluding gold,Monthly,2021-M04,44155.62593938996,USD million,SOURCE,"IMF International Liquidity (IL), RXF11_REVS.USD.M",True,VERIFIED,
BGD,Bangladesh,reserves_excl_gold,International reserves excluding gold,Monthly,2021-M05,44108.25728446998,USD million,SOURCE,"IMF International Liquidity (IL), RXF11_REVS.USD.M",True,VERIFIED,
BGD,Bangladesh,reserves_excl_gold,International reserves excluding gold,Monthly,2021-M06,45599.55106411935,USD million,SOURCE,"IMF International Liquidity (IL), RXF11_REVS.USD.M",True,VERIFIED,
BGD,Bangladesh,reserves_excl_gold,International reserves excluding gold,Monthly,2021-M07,45040.20871314831,USD million,SOURCE,"IMF International Liquidity (IL), RXF11_REVS.USD.M",True,VERIFIED,
BGD,Bangladesh,reserves_excl_gold,International reserves excluding gold,Monthly,2021-M08,47255.27105349815,USD million,SOURCE,"IMF International Liquidity (IL), RXF11_REVS.USD.M",True,VERIFIED,
BGD,Bangladesh,reserves_excl_gold,International reserves excluding gold,Monthly,2021-M09,45411.05976335116,USD million,SOURCE,"IMF International Liquidity (IL), RXF11_REVS.USD.M",True,VERIFIED,
BGD,Bangladesh,reserves_excl_gold,International reserves excluding gold,Monthly,2021-M10,45664.62874723597,USD million,SOURCE,"IMF International Liquidity (IL), RXF11_REVS.USD.M",True,VERIFIED,
BGD,Bangladesh,reserves_excl_gold,International reserves excluding gold,Monthly,2021-M11,44084.05491484228,USD million,SOURCE,"IMF International Liquidity (IL), RXF11_REVS.USD.M",True,VERIFIED,
BGD,Bangladesh,reserves_excl_gold,International reserves excluding gold,Monthly,2021-M12,45348.04644560951,USD million,SOURCE,"IMF International Liquidity (IL), RXF11_REVS.USD.M",True,VERIFIED,
BGD,Bangladesh,reserves_excl_gold,International reserves excluding gold,Monthly,2022-M01,44150.01864678058,USD million,SOURCE,"IMF International Liquidity (IL), RXF11_REVS.USD.M",True,VERIFIED,
BGD,Bangladesh,reserves_excl_gold,International reserves excluding gold,Monthly,2022-M02,45102.73056682478,USD million,SOURCE,"IMF International Liquidity (IL), RXF11_REVS.USD.M",True,VERIFIED,
BGD,Bangladesh,reserves_excl_gold,International reserves excluding gold,Monthly,2022-M03,43276.15813510719,USD million,SOURCE,"IMF International Liquidity (IL), RXF11_REVS.USD.M",True,VERIFIED,
BGD,Bangladesh,reserves_excl_gold,International reserves excluding gold,Monthly,2022-M04,43159.08400634739,USD million,SOURCE,"IMF International Liquidity (IL), RXF11_REVS.USD.M",True,VERIFIED,
BGD,Bangladesh,reserves_excl_gold,International reserves excluding gold,Monthly,2022-M05,41369.98840660314,USD million,SOURCE,"IMF International Liquidity (IL), RXF11_REVS.USD.M",True,VERIFIED,
BGD,Bangladesh,reserves_excl_gold,International reserves excluding gold,Monthly,2022-M06,41006.91522180278,USD million,SOURCE,"IMF International Liquidity (IL), RXF11_REVS.USD.M",True,VERIFIED,
BGD,Bangladesh,reserves_excl_gold,International reserves excluding gold,Monthly,2022-M07,38808.82533512024,USD million,SOURCE,"IMF International Liquidity (IL), RXF11_REVS.USD.M",True,VERIFIED,
BGD,Bangladesh,reserves_excl_gold,International reserves excluding gold,Monthly,2022-M08,38278.80301218112,USD million,SOURCE,"IMF International Liquidity (IL), RXF11_REVS.USD.M",True,VERIFIED,
BGD,Bangladesh,reserves_excl_gold,International reserves excluding gold,Monthly,2022-M09,35759.68274840852,USD million,SOURCE,"IMF International Liquidity (IL), RXF11_REVS.USD.M",True,VERIFIED,
BGD,Bangladesh,reserves_excl_gold,International reserves excluding gold,Monthly,2022-M10,35060.57077654309,USD million,SOURCE,"IMF International Liquidity (IL), RXF11_REVS.USD.M",True,VERIFIED,
BGD,Bangladesh,reserves_excl_gold,International reserves excluding gold,Monthly,2022-M11,32996.68638914578,USD million,SOURCE,"IMF International Liquidity (IL), RXF11_REVS.USD.M",True,VERIFIED,
BGD,Bangladesh,reserves_excl_gold,International reserves excluding gold,Monthly,2022-M12,32929.52684136864,USD million,SOURCE,"IMF International Liquidity (IL), RXF11_REVS.USD.M",True,VERIFIED,
BGD,Bangladesh,reserves_excl_gold,International reserves excluding gold,Monthly,2023-M01,31346.51830027855,USD million,SOURCE,"IMF International Liquidity (IL), RXF11_REVS.USD.M",True,VERIFIED,
BGD,Bangladesh,reserves_excl_gold,International reserves excluding gold,Monthly,2023-M02,31451.8328432164,USD million,SOURCE,"IMF International Liquidity (IL), RXF11_REVS.USD.M",True,VERIFIED,
BGD,Bangladesh,reserves_excl_gold,International reserves excluding gold,Monthly,2023-M03,30255.81084909204,USD million,SOURCE,"IMF International Liquidity (IL), RXF11_REVS.USD.M",True,VERIFIED,
BGD,Bangladesh,reserves_excl_gold,International reserves excluding gold,Monthly,2023-M04,30070.77972887146,USD million,SOURCE,"IMF International Liquidity (IL), RXF11_REVS.USD.M",True,VERIFIED,
BGD,Bangladesh,reserves_excl_gold,International reserves excluding gold,Monthly,2023-M05,28985.69368894266,USD million,SOURCE,"IMF International Liquidity (IL), RXF11_REVS.USD.M",True,VERIFIED,
BGD,Bangladesh,reserves_excl_gold,International reserves excluding gold,Monthly,2023-M06,23891.09145795826,USD million,SOURCE,"IMF International Liquidity (IL), RXF11_REVS.USD.M",True,VERIFIED,
BGD,Bangladesh,reserves_excl_gold,International reserves excluding gold,Monthly,2023-M07,22492.2113712792,USD million,SOURCE,"IMF International Liquidity (IL), RXF11_REVS.USD.M",True,VERIFIED,
BGD,Bangladesh,reserves_excl_gold,International reserves excluding gold,Monthly,2023-M08,22372.21358141494,USD million,SOURCE,"IMF International Liquidity (IL), RXF11_REVS.USD.M",True,VERIFIED,
BGD,Bangladesh,reserves_excl_gold,International reserves excluding gold,Monthly,2023-M09,20202.694233028,USD million,SOURCE,"IMF International Liquidity (IL), RXF11_REVS.USD.M",True,VERIFIED,
BGD,Bangladesh,reserves_excl_gold,International reserves excluding gold,Monthly,2023-M10,19814.05254772279,USD million,SOURCE,"IMF International Liquidity (IL), RXF11_REVS.USD.M",True,VERIFIED,
BGD,Bangladesh,reserves_excl_gold,International reserves excluding gold,Monthly,2023-M11,18370.38856582798,USD million,SOURCE,"IMF International Liquidity (IL), RXF11_REVS.USD.M",True,VERIFIED,
BGD,Bangladesh,reserves_excl_gold,International reserves excluding gold,Monthly,2023-M12,20928.02036212123,USD million,SOURCE,"IMF International Liquidity (IL), RXF11_REVS.USD.M",True,VERIFIED,
BGD,Bangladesh,reserves_excl_gold,International reserves excluding gold,Monthly,2024-M01,19026.2712782146,USD million,SOURCE,"IMF International Liquidity (IL), RXF11_REVS.USD.M",True,VERIFIED,
BGD,Bangladesh,reserves_excl_gold,International reserves excluding gold,Monthly,2024-M02,19848.4777493079,USD million,SOURCE,"IMF International Liquidity (IL), RXF11_REVS.USD.M",True,VERIFIED,
BGD,Bangladesh,reserves_excl_gold,International reserves excluding gold,Monthly,2024-M03,18895.50791961816,USD million,SOURCE,"IMF International Liquidity (IL), RXF11_REVS.USD.M",True,VERIFIED,
BGD,Bangladesh,reserves_excl_gold,International reserves excluding gold,Monthly,2024-M04,18903.63670884171,USD million,SOURCE,"IMF International Liquidity (IL), RXF11_REVS.USD.M",True,VERIFIED,
BGD,Bangladesh,reserves_excl_gold,International reserves excluding gold,Monthly,2024-M05,17567.3609539638,USD million,SOURCE,"IMF International Liquidity (IL), RXF11_REVS.USD.M",True,VERIFIED,
BGD,Bangladesh,reserves_excl_gold,International reserves excluding gold,Monthly,2024-M06,20617.60923581403,USD million,SOURCE,"IMF International Liquidity (IL), RXF11_REVS.USD.M",True,VERIFIED,
BGD,Bangladesh,reserves_excl_gold,International reserves excluding gold,Monthly,2024-M07,19303.75337903776,USD million,SOURCE,"IMF International Liquidity (IL), RXF11_REVS.USD.M",True,VERIFIED,
BGD,Bangladesh,reserves_excl_gold,International reserves excluding gold,Monthly,2024-M08,19319.67113648019,USD million,SOURCE,"IMF International Liquidity (IL), RXF11_REVS.USD.M",True,VERIFIED,
BGD,Bangladesh,reserves_excl_gold,International reserves excluding gold,Monthly,2024-M09,18639.86707671375,USD million,SOURCE,"IMF International Liquidity (IL), RXF11_REVS.USD.M",True,VERIFIED,
BGD,Bangladesh,reserves_excl_gold,International reserves excluding gold,Monthly,2024-M10,18556.56724557039,USD million,SOURCE,"IMF International Liquidity (IL), RXF11_REVS.USD.M",True,VERIFIED,
BGD,Bangladesh,reserves_excl_gold,International reserves excluding gold,Monthly,2024-M11,17398.81538172764,USD million,SOURCE,"IMF International Liquidity (IL), RXF11_REVS.USD.M",True,VERIFIED,
BGD,Bangladesh,reserves_excl_gold,International reserves excluding gold,Monthly,2024-M12,20196.79219300853,USD million,SOURCE,"IMF International Liquidity (IL), RXF11_REVS.USD.M",True,VERIFIED,
BGD,Bangladesh,reserves_excl_gold,International reserves excluding gold,Monthly,2025-M01,18693.09184550202,USD million,SOURCE,"IMF International Liquidity (IL), RXF11_REVS.USD.M",True,VERIFIED,
BGD,Bangladesh,reserves_excl_gold,International reserves excluding gold,Monthly,2025-M02,19599.8995679947,USD million,SOURCE,"IMF International Liquidity (IL), RXF11_REVS.USD.M",True,VERIFIED,
BGD,Bangladesh,reserves_excl_gold,International reserves excluding gold,Monthly,2025-M03,18971.57947870809,USD million,SOURCE,"IMF International Liquidity (IL), RXF11_REVS.USD.M",True,VERIFIED,
BGD,Bangladesh,reserves_excl_gold,International reserves excluding gold,Monthly,2025-M04,20481.18865416773,USD million,SOURCE,"IMF International Liquidity (IL), RXF11_REVS.USD.M",True,VERIFIED,
BGD,Bangladesh,reserves_excl_gold,International reserves excluding gold,Monthly,2025-M05,19005.32341201789,USD million,SOURCE,"IMF International Liquidity (IL), RXF11_REVS.USD.M",True,VERIFIED,
BGD,Bangladesh,reserves_excl_gold,International reserves excluding gold,Monthly,2025-M06,25230.49195568163,USD million,SOURCE,"IMF International Liquidity (IL), RXF11_REVS.USD.M",True,VERIFIED,
BGD,Bangladesh,reserves_excl_gold,International reserves excluding gold,Monthly,2025-M07,23249.23294149608,USD million,SOURCE,"IMF International Liquidity (IL), RXF11_REVS.USD.M",True,VERIFIED,
BGD,Bangladesh,reserves_excl_gold,International reserves excluding gold,Monthly,2025-M08,24599.28988452472,USD million,SOURCE,"IMF International Liquidity (IL), RXF11_REVS.USD.M",True,VERIFIED,
BGD,Bangladesh,reserves_excl_gold,International reserves excluding gold,Monthly,2025-M09,24849.37364254629,USD million,SOURCE,"IMF International Liquidity (IL), RXF11_REVS.USD.M",True,VERIFIED,
BGD,Bangladesh,reserves_excl_gold,International reserves excluding gold,Monthly,2025-M10,25703.51270578564,USD million,SOURCE,"IMF International Liquidity (IL), RXF11_REVS.USD.M",True,VERIFIED,
BGD,Bangladesh,reserves_excl_gold,International reserves excluding gold,Monthly,2025-M11,24471.34187636611,USD million,SOURCE,"IMF International Liquidity (IL), RXF11_REVS.USD.M",True,VERIFIED,
BGD,Bangladesh,reserves_excl_gold,International reserves excluding gold,Monthly,2025-M12,26557.11707807969,USD million,SOURCE,"IMF International Liquidity (IL), RXF11_REVS.USD.M",True,VERIFIED,
BGD,Bangladesh,reserves_excl_gold,International reserves excluding gold,Monthly,2026-M01,26241.80407632114,USD million,SOURCE,"IMF International Liquidity (IL), RXF11_REVS.USD.M",True,VERIFIED,
BGD,Bangladesh,reserves_excl_gold,International reserves excluding gold,Monthly,2026-M02,27975.77189557615,USD million,SOURCE,"IMF International Liquidity (IL), RXF11_REVS.USD.M",True,VERIFIED,
BGD,Bangladesh,reserves_excl_gold,International reserves excluding gold,Monthly,2026-M03,27333.77424702287,USD million,SOURCE,"IMF International Liquidity (IL), RXF11_REVS.USD.M",True,VERIFIED,
BGD,Bangladesh,reserves_excl_gold,International reserves excluding gold,Monthly,2026-M04,28378.9633457039,USD million,SOURCE,"IMF International Liquidity (IL), RXF11_REVS.USD.M",True,VERIFIED,
BGD,Bangladesh,reserves_excl_gold,International reserves excluding gold,Monthly,2026-M05,27780.08850535071,USD million,SOURCE,"IMF International Liquidity (IL), RXF11_REVS.USD.M",True,VERIFIED,
BGD,Bangladesh,reserves_excl_gold,International reserves excluding gold,Monthly,2026-M06,31090.02581670526,USD million,SOURCE,"IMF International Liquidity (IL), RXF11_REVS.USD.M",True,VERIFIED,
BGD,Bangladesh,reserves_excl_gold,International reserves excluding gold,Monthly,2026-M07,29747.94435904824,USD million,SOURCE,"IMF International Liquidity (IL), RXF11_REVS.USD.M",False,VERIFIED,
PAK,Pakistan,reserves_excl_gold,International reserves excluding gold,Monthly,2018-M01,14908.80941543938,USD million,SOURCE,"IMF International Liquidity (IL), RXF11_REVS.USD.M",True,VERIFIED,
PAK,Pakistan,reserves_excl_gold,International reserves excluding gold,Monthly,2018-M02,14041.48428328997,USD million,SOURCE,"IMF International Liquidity (IL), RXF11_REVS.USD.M",True,VERIFIED,
PAK,Pakistan,reserves_excl_gold,International reserves excluding gold,Monthly,2018-M03,13300.33513650258,USD million,SOURCE,"IMF International Liquidity (IL), RXF11_REVS.USD.M",True,VERIFIED,
PAK,Pakistan,reserves_excl_gold,International reserves excluding gold,Monthly,2018-M04,13167.15779360356,USD million,SOURCE,"IMF International Liquidity (IL), RXF11_REVS.USD.M",True,VERIFIED,
PAK,Pakistan,reserves_excl_gold,International reserves excluding gold,Monthly,2018-M05,11657.05742896518,USD million,SOURCE,"IMF International Liquidity (IL), RXF11_REVS.USD.M",True,VERIFIED,
PAK,Pakistan,reserves_excl_gold,International reserves excluding gold,Monthly,2018-M06,11364.56334784448,USD million,SOURCE,"IMF International Liquidity (IL), RXF11_REVS.USD.M",True,VERIFIED,
PAK,Pakistan,reserves_excl_gold,International reserves excluding gold,Monthly,2018-M07,11972.50101914684,USD million,SOURCE,"IMF International Liquidity (IL), RXF11_REVS.USD.M",True,VERIFIED,
PAK,Pakistan,reserves_excl_gold,International reserves excluding gold,Monthly,2018-M08,11697.03787669828,USD million,SOURCE,"IMF International Liquidity (IL), RXF11_REVS.USD.M",True,VERIFIED,
PAK,Pakistan,reserves_excl_gold,International reserves excluding gold,Monthly,2018-M09,10334.00983002245,USD million,SOURCE,"IMF International Liquidity (IL), RXF11_REVS.USD.M",True,VERIFIED,
PAK,Pakistan,reserves_excl_gold,International reserves excluding gold,Monthly,2018-M10,9656.26363803864,USD million,SOURCE,"IMF International Liquidity (IL), RXF11_REVS.USD.M",True,VERIFIED,
PAK,Pakistan,reserves_excl_gold,International reserves excluding gold,Monthly,2018-M11,9450.225082057794,USD million,SOURCE,"IMF International Liquidity (IL), RXF11_REVS.USD.M",True,VERIFIED,
PAK,Pakistan,reserves_excl_gold,International reserves excluding gold,Monthly,2018-M12,9174.683598589474,USD million,SOURCE,"IMF International Liquidity (IL), RXF11_REVS.USD.M",True,VERIFIED,
PAK,Pakistan,reserves_excl_gold,International reserves excluding gold,Monthly,2019-M01,10039.05302831185,USD million,SOURCE,"IMF International Liquidity (IL), RXF11_REVS.USD.M",True,VERIFIED,
PAK,Pakistan,reserves_excl_gold,International reserves excluding gold,Monthly,2019-M02,9926.835475722046,USD million,SOURCE,"IMF International Liquidity (IL), RXF11_REVS.USD.M",True,VERIFIED,
PAK,Pakistan,reserves_excl_gold,International reserves excluding gold,Monthly,2019-M03,12376.85529988211,USD million,SOURCE,"IMF International Liquidity (IL), RXF11_REVS.USD.M",True,VERIFIED,
PAK,Pakistan,reserves_excl_gold,International reserves excluding gold,Monthly,2019-M04,10688.09546406043,USD million,SOURCE,"IMF International Liquidity (IL), RXF11_REVS.USD.M",True,VERIFIED,
PAK,Pakistan,reserves_excl_gold,International reserves excluding gold,Monthly,2019-M05,9743.005801590663,USD million,SOURCE,"IMF International Liquidity (IL), RXF11_REVS.USD.M",True,VERIFIED,
PAK,Pakistan,reserves_excl_gold,International reserves excluding gold,Monthly,2019-M06,9246.312204770276,USD million,SOURCE,"IMF International Liquidity (IL), RXF11_REVS.USD.M",True,VERIFIED,
PAK,Pakistan,reserves_excl_gold,International reserves excluding gold,Monthly,2019-M07,9848.364406931438,USD million,SOURCE,"IMF International Liquidity (IL), RXF11_REVS.USD.M",True,VERIFIED,
PAK,Pakistan,reserves_excl_gold,International reserves excluding gold,Monthly,2019-M08,10405.18835884355,USD million,SOURCE,"IMF International Liquidity (IL), RXF11_REVS.USD.M",True,VERIFIED,
PAK,Pakistan,reserves_excl_gold,International reserves excluding gold,Monthly,2019-M09,9836.226645215662,USD million,SOURCE,"IMF International Liquidity (IL), RXF11_REVS.USD.M",True,VERIFIED,
PAK,Pakistan,reserves_excl_gold,International reserves excluding gold,Monthly,2019-M10,9934.172326660057,USD million,SOURCE,"IMF International Liquidity (IL), RXF11_REVS.USD.M",True,VERIFIED,
PAK,Pakistan,reserves_excl_gold,International reserves excluding gold,Monthly,2019-M11,11052.22224704271,USD million,SOURCE,"IMF International Liquidity (IL), RXF11_REVS.USD.M",True,VERIFIED,
PAK,Pakistan,reserves_excl_gold,International reserves excluding gold,Monthly,2019-M12,13421.19722556159,USD million,SOURCE,"IMF International Liquidity (IL), RXF11_REVS.USD.M",True,VERIFIED,
PAK,Pakistan,reserves_excl_gold,International reserves excluding gold,Monthly,2020-M01,14137.30451266913,USD million,SOURCE,"IMF International Liquidity (IL), RXF11_REVS.USD.M",True,VERIFIED,
PAK,Pakistan,reserves_excl_gold,International reserves excluding gold,Monthly,2020-M02,14683.43983949488,USD million,SOURCE,"IMF International Liquidity (IL), RXF11_REVS.USD.M",True,VERIFIED,
PAK,Pakistan,reserves_excl_gold,International reserves excluding gold,Monthly,2020-M03,13205.32563163988,USD million,SOURCE,"IMF International Liquidity (IL), RXF11_REVS.USD.M",True,VERIFIED,
PAK,Pakistan,reserves_excl_gold,International reserves excluding gold,Monthly,2020-M04,14036.52844976179,USD million,SOURCE,"IMF International Liquidity (IL), RXF11_REVS.USD.M",True,VERIFIED,
PAK,Pakistan,reserves_excl_gold,International reserves excluding gold,Monthly,2020-M05,12023.95475149358,USD million,SOURCE,"IMF International Liquidity (IL), RXF11_REVS.USD.M",True,VERIFIED,
PAK,Pakistan,reserves_excl_gold,International reserves excluding gold,Monthly,2020-M06,12762.70292982489,USD million,SOURCE,"IMF International Liquidity (IL), RXF11_REVS.USD.M",True,VERIFIED,
PAK,Pakistan,reserves_excl_gold,International reserves excluding gold,Monthly,2020-M07,13987.22399491458,USD million,SOURCE,"IMF International Liquidity (IL), RXF11_REVS.USD.M",True,VERIFIED,
PAK,Pakistan,reserves_excl_gold,International reserves excluding gold,Monthly,2020-M08,14078.17192109947,USD million,SOURCE,"IMF International Liquidity (IL), RXF11_REVS.USD.M",True,VERIFIED,
PAK,Pakistan,reserves_excl_gold,International reserves excluding gold,Monthly,2020-M09,13695.62378537722,USD million,SOURCE,"IMF International Liquidity (IL), RXF11_REVS.USD.M",True,VERIFIED,
PAK,Pakistan,reserves_excl_gold,International reserves excluding gold,Monthly,2020-M10,13540.22027295676,USD million,SOURCE,"IMF International Liquidity (IL), RXF11_REVS.USD.M",True,VERIFIED,
PAK,Pakistan,reserves_excl_gold,International reserves excluding gold,Monthly,2020-M11,14473.53814077822,USD million,SOURCE,"IMF International Liquidity (IL), RXF11_REVS.USD.M",True,VERIFIED,
PAK,Pakistan,reserves_excl_gold,International reserves excluding gold,Monthly,2020-M12,14591.65723039102,USD million,SOURCE,"IMF International Liquidity (IL), RXF11_REVS.USD.M",True,VERIFIED,
PAK,Pakistan,reserves_excl_gold,International reserves excluding gold,Monthly,2021-M01,14406.1877356811,USD million,SOURCE,"IMF International Liquidity (IL), RXF11_REVS.USD.M",True,VERIFIED,
PAK,Pakistan,reserves_excl_gold,International reserves excluding gold,Monthly,2021-M02,14448.90877113997,USD million,SOURCE,"IMF International Liquidity (IL), RXF11_REVS.USD.M",True,VERIFIED,
PAK,Pakistan,reserves_excl_gold,International reserves excluding gold,Monthly,2021-M03,15079.93854388958,USD million,SOURCE,"IMF International Liquidity (IL), RXF11_REVS.USD.M",True,VERIFIED,
PAK,Pakistan,reserves_excl_gold,International reserves excluding gold,Monthly,2021-M04,17013.0115384535,USD million,SOURCE,"IMF International Liquidity (IL), RXF11_REVS.USD.M",True,VERIFIED,
PAK,Pakistan,reserves_excl_gold,International reserves excluding gold,Monthly,2021-M05,17520.2787164494,USD million,SOURCE,"IMF International Liquidity (IL), RXF11_REVS.USD.M",True,VERIFIED,
PAK,Pakistan,reserves_excl_gold,International reserves excluding gold,Monthly,2021-M06,17532.56650569727,USD million,SOURCE,"IMF International Liquidity (IL), RXF11_REVS.USD.M",True,VERIFIED,
PAK,Pakistan,reserves_excl_gold,International reserves excluding gold,Monthly,2021-M07,19254.24867251951,USD million,SOURCE,"IMF International Liquidity (IL), RXF11_REVS.USD.M",True,VERIFIED,
PAK,Pakistan,reserves_excl_gold,International reserves excluding gold,Monthly,2021-M08,21608.66362088138,USD million,SOURCE,"IMF International Liquidity (IL), RXF11_REVS.USD.M",True,VERIFIED,
PAK,Pakistan,reserves_excl_gold,International reserves excluding gold,Monthly,2021-M09,20653.19428348868,USD million,SOURCE,"IMF International Liquidity (IL), RXF11_REVS.USD.M",True,VERIFIED,
PAK,Pakistan,reserves_excl_gold,International reserves excluding gold,Monthly,2021-M10,18614.04267711347,USD million,SOURCE,"IMF International Liquidity (IL), RXF11_REVS.USD.M",True,VERIFIED,
PAK,Pakistan,reserves_excl_gold,International reserves excluding gold,Monthly,2021-M11,17431.97363762206,USD million,SOURCE,"IMF International Liquidity (IL), RXF11_REVS.USD.M",True,VERIFIED,
PAK,Pakistan,reserves_excl_gold,International reserves excluding gold,Monthly,2021-M12,19028.41424527051,USD million,SOURCE,"IMF International Liquidity (IL), RXF11_REVS.USD.M",True,VERIFIED,
PAK,Pakistan,reserves_excl_gold,International reserves excluding gold,Monthly,2022-M01,17029.8806855513,USD million,SOURCE,"IMF International Liquidity (IL), RXF11_REVS.USD.M",True,VERIFIED,
PAK,Pakistan,reserves_excl_gold,International reserves excluding gold,Monthly,2022-M02,17866.32776482528,USD million,SOURCE,"IMF International Liquidity (IL), RXF11_REVS.USD.M",True,VERIFIED,
PAK,Pakistan,reserves_excl_gold,International reserves excluding gold,Monthly,2022-M03,13507.28433224583,USD million,SOURCE,"IMF International Liquidity (IL), RXF11_REVS.USD.M",True,VERIFIED,
PAK,Pakistan,reserves_excl_gold,International reserves excluding gold,Monthly,2022-M04,11936.80327813397,USD million,SOURCE,"IMF International Liquidity (IL), RXF11_REVS.USD.M",True,VERIFIED,
PAK,Pakistan,reserves_excl_gold,International reserves excluding gold,Monthly,2022-M05,11083.42693714408,USD million,SOURCE,"IMF International Liquidity (IL), RXF11_REVS.USD.M",True,VERIFIED,
PAK,Pakistan,reserves_excl_gold,International reserves excluding gold,Monthly,2022-M06,11090.36274927333,USD million,SOURCE,"IMF International Liquidity (IL), RXF11_REVS.USD.M",True,VERIFIED,
PAK,Pakistan,reserves_excl_gold,International reserves excluding gold,Monthly,2022-M07,9293.349460616082,USD million,SOURCE,"IMF International Liquidity (IL), RXF11_REVS.USD.M",True,VERIFIED,
PAK,Pakistan,reserves_excl_gold,International reserves excluding gold,Monthly,2022-M08,9577.51182371755,USD million,SOURCE,"IMF International Liquidity (IL), RXF11_REVS.USD.M",True,VERIFIED,
PAK,Pakistan,reserves_excl_gold,International reserves excluding gold,Monthly,2022-M09,8607.151922251214,USD million,SOURCE,"IMF International Liquidity (IL), RXF11_REVS.USD.M",True,VERIFIED,
PAK,Pakistan,reserves_excl_gold,International reserves excluding gold,Monthly,2022-M10,9692.541247231968,USD million,SOURCE,"IMF International Liquidity (IL), RXF11_REVS.USD.M",True,VERIFIED,
PAK,Pakistan,reserves_excl_gold,International reserves excluding gold,Monthly,2022-M11,8602.693053785508,USD million,SOURCE,"IMF International Liquidity (IL), RXF11_REVS.USD.M",True,VERIFIED,
PAK,Pakistan,reserves_excl_gold,International reserves excluding gold,Monthly,2022-M12,6159.2962117142,USD million,SOURCE,"IMF International Liquidity (IL), RXF11_REVS.USD.M",True,VERIFIED,
PAK,Pakistan,reserves_excl_gold,International reserves excluding gold,Monthly,2023-M01,4003.126781132619,USD million,SOURCE,"IMF International Liquidity (IL), RXF11_REVS.USD.M",True,VERIFIED,
PAK,Pakistan,reserves_excl_gold,International reserves excluding gold,Monthly,2023-M02,4861.22693472835,USD million,SOURCE,"IMF International Liquidity (IL), RXF11_REVS.USD.M",True,VERIFIED,
PAK,Pakistan,reserves_excl_gold,International reserves excluding gold,Monthly,2023-M03,5312.396864113957,USD million,SOURCE,"IMF International Liquidity (IL), RXF11_REVS.USD.M",True,VERIFIED,
PAK,Pakistan,reserves_excl_gold,International reserves excluding gold,Monthly,2023-M04,5673.07808317003,USD million,SOURCE,"IMF International Liquidity (IL), RXF11_REVS.USD.M",True,VERIFIED,
PAK,Pakistan,reserves_excl_gold,International reserves excluding gold,Monthly,2023-M05,4863.05125721355,USD million,SOURCE,"IMF International Liquidity (IL), RXF11_REVS.USD.M",True,VERIFIED,
PAK,Pakistan,reserves_excl_gold,International reserves excluding gold,Monthly,2023-M06,5668.931104670347,USD million,SOURCE,"IMF International Liquidity (IL), RXF11_REVS.USD.M",True,VERIFIED,
PAK,Pakistan,reserves_excl_gold,International reserves excluding gold,Monthly,2023-M07,9369.667614243308,USD million,SOURCE,"IMF International Liquidity (IL), RXF11_REVS.USD.M",True,VERIFIED,
PAK,Pakistan,reserves_excl_gold,International reserves excluding gold,Monthly,2023-M08,9035.942446967378,USD million,SOURCE,"IMF International Liquidity (IL), RXF11_REVS.USD.M",True,VERIFIED,
PAK,Pakistan,reserves_excl_gold,International reserves excluding gold,Monthly,2023-M09,8834.275868041654,USD million,SOURCE,"IMF International Liquidity (IL), RXF11_REVS.USD.M",True,VERIFIED,
PAK,Pakistan,reserves_excl_gold,International reserves excluding gold,Monthly,2023-M10,8660.853201178046,USD million,SOURCE,"IMF International Liquidity (IL), RXF11_REVS.USD.M",True,VERIFIED,
PAK,Pakistan,reserves_excl_gold,International reserves excluding gold,Monthly,2023-M11,8178.854289915109,USD million,SOURCE,"IMF International Liquidity (IL), RXF11_REVS.USD.M",True,VERIFIED,
PAK,Pakistan,reserves_excl_gold,International reserves excluding gold,Monthly,2023-M12,9442.627601766591,USD million,SOURCE,"IMF International Liquidity (IL), RXF11_REVS.USD.M",True,VERIFIED,
PAK,Pakistan,reserves_excl_gold,International reserves excluding gold,Monthly,2024-M01,9356.087480851496,USD million,SOURCE,"IMF International Liquidity (IL), RXF11_REVS.USD.M",True,VERIFIED,
PAK,Pakistan,reserves_excl_gold,International reserves excluding gold,Monthly,2024-M02,9192.67712349475,USD million,SOURCE,"IMF International Liquidity (IL), RXF11_REVS.USD.M",True,VERIFIED,
PAK,Pakistan,reserves_excl_gold,International reserves excluding gold,Monthly,2024-M03,9258.474959533984,USD million,SOURCE,"IMF International Liquidity (IL), RXF11_REVS.USD.M",True,VERIFIED,
PAK,Pakistan,reserves_excl_gold,International reserves excluding gold,Monthly,2024-M04,10372.9032802426,USD million,SOURCE,"IMF International Liquidity (IL), RXF11_REVS.USD.M",True,VERIFIED,
PAK,Pakistan,reserves_excl_gold,International reserves excluding gold,Monthly,2024-M05,10341.33251384786,USD million,SOURCE,"IMF International Liquidity (IL), RXF11_REVS.USD.M",True,VERIFIED,
PAK,Pakistan,reserves_excl_gold,International reserves excluding gold,Monthly,2024-M06,10626.60242637619,USD million,SOURCE,"IMF International Liquidity (IL), RXF11_REVS.USD.M",True,VERIFIED,
PAK,Pakistan,reserves_excl_gold,International reserves excluding gold,Monthly,2024-M07,10458.53388932564,USD million,SOURCE,"IMF International Liquidity (IL), RXF11_REVS.USD.M",True,VERIFIED,
PAK,Pakistan,reserves_excl_gold,International reserves excluding gold,Monthly,2024-M08,10703.81094499676,USD million,SOURCE,"IMF International Liquidity (IL), RXF11_REVS.USD.M",True,VERIFIED,
PAK,Pakistan,reserves_excl_gold,International reserves excluding gold,Monthly,2024-M09,11978.34433764437,USD million,SOURCE,"IMF International Liquidity (IL), RXF11_REVS.USD.M",True,VERIFIED,
PAK,Pakistan,reserves_excl_gold,International reserves excluding gold,Monthly,2024-M10,12461.89711329322,USD million,SOURCE,"IMF International Liquidity (IL), RXF11_REVS.USD.M",True,VERIFIED,
PAK,Pakistan,reserves_excl_gold,International reserves excluding gold,Monthly,2024-M11,13270.67621831829,USD million,SOURCE,"IMF International Liquidity (IL), RXF11_REVS.USD.M",True,VERIFIED,
PAK,Pakistan,reserves_excl_gold,International reserves excluding gold,Monthly,2024-M12,12977.15080975311,USD million,SOURCE,"IMF International Liquidity (IL), RXF11_REVS.USD.M",True,VERIFIED,
PAK,Pakistan,reserves_excl_gold,International reserves excluding gold,Monthly,2025-M01,12666.2354876341,USD million,SOURCE,"IMF International Liquidity (IL), RXF11_REVS.USD.M",True,VERIFIED,
PAK,Pakistan,reserves_excl_gold,International reserves excluding gold,Monthly,2025-M02,12513.11517817952,USD million,SOURCE,"IMF International Liquidity (IL), RXF11_REVS.USD.M",True,VERIFIED,
PAK,Pakistan,reserves_excl_gold,International reserves excluding gold,Monthly,2025-M03,11903.18115333595,USD million,SOURCE,"IMF International Liquidity (IL), RXF11_REVS.USD.M",True,VERIFIED,
PAK,Pakistan,reserves_excl_gold,International reserves excluding gold,Monthly,2025-M04,11571.78741407266,USD million,SOURCE,"IMF International Liquidity (IL), RXF11_REVS.USD.M",True,VERIFIED,
PAK,Pakistan,reserves_excl_gold,International reserves excluding gold,Monthly,2025-M05,12792.32872211293,USD million,SOURCE,"IMF International Liquidity (IL), RXF11_REVS.USD.M",True,VERIFIED,
PAK,Pakistan,reserves_excl_gold,International reserves excluding gold,Monthly,2025-M06,15836.61038307219,USD million,SOURCE,"IMF International Liquidity (IL), RXF11_REVS.USD.M",True,VERIFIED,
PAK,Pakistan,reserves_excl_gold,International reserves excluding gold,Monthly,2025-M07,15645.00957946812,USD million,SOURCE,"IMF International Liquidity (IL), RXF11_REVS.USD.M",True,VERIFIED,
PAK,Pakistan,reserves_excl_gold,International reserves excluding gold,Monthly,2025-M08,15656.23900161505,USD million,SOURCE,"IMF International Liquidity (IL), RXF11_REVS.USD.M",True,VERIFIED,
PAK,Pakistan,reserves_excl_gold,International reserves excluding gold,Monthly,2025-M09,15492.00870079602,USD million,SOURCE,"IMF International Liquidity (IL), RXF11_REVS.USD.M",True,VERIFIED,
PAK,Pakistan,reserves_excl_gold,International reserves excluding gold,Monthly,2025-M10,15809.22815643041,USD million,SOURCE,"IMF International Liquidity (IL), RXF11_REVS.USD.M",True,VERIFIED,
PAK,Pakistan,reserves_excl_gold,International reserves excluding gold,Monthly,2025-M11,15861.66673277069,USD million,SOURCE,"IMF International Liquidity (IL), RXF11_REVS.USD.M",True,VERIFIED,
PAK,Pakistan,reserves_excl_gold,International reserves excluding gold,Monthly,2025-M12,17360.45449035917,USD million,SOURCE,"IMF International Liquidity (IL), RXF11_REVS.USD.M",True,VERIFIED,
PAK,Pakistan,reserves_excl_gold,International reserves excluding gold,Monthly,2026-M01,17440.05989766221,USD million,SOURCE,"IMF International Liquidity (IL), RXF11_REVS.USD.M",True,VERIFIED,
PAK,Pakistan,reserves_excl_gold,International reserves excluding gold,Monthly,2026-M02,17613.71678039794,USD million,SOURCE,"IMF International Liquidity (IL), RXF11_REVS.USD.M",True,VERIFIED,
PAK,Pakistan,reserves_excl_gold,International reserves excluding gold,Monthly,2026-M03,17688.73454564797,USD million,SOURCE,"IMF International Liquidity (IL), RXF11_REVS.USD.M",True,VERIFIED,
PAK,Pakistan,reserves_excl_gold,International reserves excluding gold,Monthly,2026-M04,17198.36018610654,USD million,SOURCE,"IMF International Liquidity (IL), RXF11_REVS.USD.M",True,VERIFIED,
PAK,Pakistan,reserves_excl_gold,International reserves excluding gold,Monthly,2026-M05,18465.38333266713,USD million,SOURCE,"IMF International Liquidity (IL), RXF11_REVS.USD.M",True,VERIFIED,
PAK,Pakistan,reserves_excl_gold,International reserves excluding gold,Monthly,2026-M06,19689.02304211354,USD million,SOURCE,"IMF International Liquidity (IL), RXF11_REVS.USD.M",True,VERIFIED,
PAK,Pakistan,reserves_excl_gold,International reserves excluding gold,Monthly,2026-M07,18339.58654566421,USD million,SOURCE,"IMF International Liquidity (IL), RXF11_REVS.USD.M",False,VERIFIED,
VNM,Vietnam,reserves_excl_gold,International reserves excluding gold,Monthly,2018-M01,53101.23259589325,USD million,SOURCE,"IMF International Liquidity (IL), RXF11_REVS.USD.M",True,VERIFIED,
VNM,Vietnam,reserves_excl_gold,International reserves excluding gold,Monthly,2018-M02,55934.78710216782,USD million,SOURCE,"IMF International Liquidity (IL), RXF11_REVS.USD.M",True,VERIFIED,
VNM,Vietnam,reserves_excl_gold,International reserves excluding gold,Monthly,2018-M03,56264.55926457717,USD million,SOURCE,"IMF International Liquidity (IL), RXF11_REVS.USD.M",True,VERIFIED,
VNM,Vietnam,reserves_excl_gold,International reserves excluding gold,Monthly,2018-M04,56270.91684460295,USD million,SOURCE,"IMF International Liquidity (IL), RXF11_REVS.USD.M",True,VERIFIED,
VNM,Vietnam,reserves_excl_gold,International reserves excluding gold,Monthly,2018-M05,56706.94920115032,USD million,SOURCE,"IMF International Liquidity (IL), RXF11_REVS.USD.M",True,VERIFIED,
VNM,Vietnam,reserves_excl_gold,International reserves excluding gold,Monthly,2018-M06,57761.45074627118,USD million,SOURCE,"IMF International Liquidity (IL), RXF11_REVS.USD.M",True,VERIFIED,
VNM,Vietnam,reserves_excl_gold,International reserves excluding gold,Monthly,2018-M07,57821.92908751059,USD million,SOURCE,"IMF International Liquidity (IL), RXF11_REVS.USD.M",True,VERIFIED,
VNM,Vietnam,reserves_excl_gold,International reserves excluding gold,Monthly,2018-M08,57285.69035323398,USD million,SOURCE,"IMF International Liquidity (IL), RXF11_REVS.USD.M",True,VERIFIED,
VNM,Vietnam,reserves_excl_gold,International reserves excluding gold,Monthly,2018-M09,57006.10944093694,USD million,SOURCE,"IMF International Liquidity (IL), RXF11_REVS.USD.M",True,VERIFIED,
VNM,Vietnam,reserves_excl_gold,International reserves excluding gold,Monthly,2018-M10,55138.41667651201,USD million,SOURCE,"IMF International Liquidity (IL), RXF11_REVS.USD.M",True,VERIFIED,
VNM,Vietnam,reserves_excl_gold,International reserves excluding gold,Monthly,2018-M11,55060.05540171631,USD million,SOURCE,"IMF International Liquidity (IL), RXF11_REVS.USD.M",True,VERIFIED,
VNM,Vietnam,reserves_excl_gold,International reserves excluding gold,Monthly,2018-M12,55452.62258256086,USD million,SOURCE,"IMF International Liquidity (IL), RXF11_REVS.USD.M",True,VERIFIED,
VNM,Vietnam,reserves_excl_gold,International reserves excluding gold,Monthly,2019-M01,59375.27023097503,USD million,SOURCE,"IMF International Liquidity (IL), RXF11_REVS.USD.M",True,VERIFIED,
VNM,Vietnam,reserves_excl_gold,International reserves excluding gold,Monthly,2019-M02,60682.4619582844,USD million,SOURCE,"IMF International Liquidity (IL), RXF11_REVS.USD.M",True,VERIFIED,
VNM,Vietnam,reserves_excl_gold,International reserves excluding gold,Monthly,2019-M03,62375.80413504347,USD million,SOURCE,"IMF International Liquidity (IL), RXF11_REVS.USD.M",True,VERIFIED,
VNM,Vietnam,reserves_excl_gold,International reserves excluding gold,Monthly,2019-M04,64260.71645977279,USD million,SOURCE,"IMF International Liquidity (IL), RXF11_REVS.USD.M",True,VERIFIED,
VNM,Vietnam,reserves_excl_gold,International reserves excluding gold,Monthly,2019-M05,63555.83345961509,USD million,SOURCE,"IMF International Liquidity (IL), RXF11_REVS.USD.M",True,VERIFIED,
VNM,Vietnam,reserves_excl_gold,International reserves excluding gold,Monthly,2019-M06,64279.67338857107,USD million,SOURCE,"IMF International Liquidity (IL), RXF11_REVS.USD.M",True,VERIFIED,
VNM,Vietnam,reserves_excl_gold,International reserves excluding gold,Monthly,2019-M07,64744.53199028405,USD million,SOURCE,"IMF International Liquidity (IL), RXF11_REVS.USD.M",True,VERIFIED,
VNM,Vietnam,reserves_excl_gold,International reserves excluding gold,Monthly,2019-M08,66726.62818504871,USD million,SOURCE,"IMF International Liquidity (IL), RXF11_REVS.USD.M",True,VERIFIED,
VNM,Vietnam,reserves_excl_gold,International reserves excluding gold,Monthly,2019-M09,69186.74507826059,USD million,SOURCE,"IMF International Liquidity (IL), RXF11_REVS.USD.M",True,VERIFIED,
VNM,Vietnam,reserves_excl_gold,International reserves excluding gold,Monthly,2019-M10,70510.86511273756,USD million,SOURCE,"IMF International Liquidity (IL), RXF11_REVS.USD.M",True,VERIFIED,
VNM,Vietnam,reserves_excl_gold,International reserves excluding gold,Monthly,2019-M11,73827.95854802062,USD million,SOURCE,"IMF International Liquidity (IL), RXF11_REVS.USD.M",True,VERIFIED,
VNM,Vietnam,reserves_excl_gold,International reserves excluding gold,Monthly,2019-M12,78334.83518260904,USD million,SOURCE,"IMF International Liquidity (IL), RXF11_REVS.USD.M",True,VERIFIED,
VNM,Vietnam,reserves_excl_gold,International reserves excluding gold,Monthly,2020-M01,81525.20761068624,USD million,SOURCE,"IMF International Liquidity (IL), RXF11_REVS.USD.M",True,VERIFIED,
VNM,Vietnam,reserves_excl_gold,International reserves excluding gold,Monthly,2020-M02,81120.28807868352,USD million,SOURCE,"IMF International Liquidity (IL), RXF11_REVS.USD.M",True,VERIFIED,
VNM,Vietnam,reserves_excl_gold,International reserves excluding gold,Monthly,2020-M03,81678.94518697054,USD million,SOURCE,"IMF International Liquidity (IL), RXF11_REVS.USD.M",True,VERIFIED,
VNM,Vietnam,reserves_excl_gold,International reserves excluding gold,Monthly,2020-M04,81790.78242041732,USD million,SOURCE,"IMF International Liquidity (IL), RXF11_REVS.USD.M",True,VERIFIED,
VNM,Vietnam,reserves_excl_gold,International reserves excluding gold,Monthly,2020-M05,83221.69047448525,USD million,SOURCE,"IMF International Liquidity (IL), RXF11_REVS.USD.M",True,VERIFIED,
VNM,Vietnam,reserves_excl_gold,International reserves excluding gold,Monthly,2020-M06,83746.60584601838,USD million,SOURCE,"IMF International Liquidity (IL), RXF11_REVS.USD.M",True,VERIFIED,
VNM,Vietnam,reserves_excl_gold,International reserves excluding gold,Monthly,2020-M07,84508.82645687315,USD million,SOURCE,"IMF International Liquidity (IL), RXF11_REVS.USD.M",True,VERIFIED,
VNM,Vietnam,reserves_excl_gold,International reserves excluding gold,Monthly,2020-M08,88182.12076060814,USD million,SOURCE,"IMF International Liquidity (IL), RXF11_REVS.USD.M",True,VERIFIED,
VNM,Vietnam,reserves_excl_gold,International reserves excluding gold,Monthly,2020-M09,88739.90971932966,USD million,SOURCE,"IMF International Liquidity (IL), RXF11_REVS.USD.M",True,VERIFIED,
VNM,Vietnam,reserves_excl_gold,International reserves excluding gold,Monthly,2020-M10,90440.72236771524,USD million,SOURCE,"IMF International Liquidity (IL), RXF11_REVS.USD.M",True,VERIFIED,
VNM,Vietnam,reserves_excl_gold,International reserves excluding gold,Monthly,2020-M11,92938.70642040456,USD million,SOURCE,"IMF International Liquidity (IL), RXF11_REVS.USD.M",True,VERIFIED,
VNM,Vietnam,reserves_excl_gold,International reserves excluding gold,Monthly,2020-M12,94833.61615045044,USD million,SOURCE,"IMF International Liquidity (IL), RXF11_REVS.USD.M",True,VERIFIED,
VNM,Vietnam,reserves_excl_gold,International reserves excluding gold,Monthly,2021-M01,97421.76341919551,USD million,SOURCE,"IMF International Liquidity (IL), RXF11_REVS.USD.M",True,VERIFIED,
VNM,Vietnam,reserves_excl_gold,International reserves excluding gold,Monthly,2021-M02,98106.0980537021,USD million,SOURCE,"IMF International Liquidity (IL), RXF11_REVS.USD.M",True,VERIFIED,
VNM,Vietnam,reserves_excl_gold,International reserves excluding gold,Monthly,2021-M03,98311.01550827436,USD million,SOURCE,"IMF International Liquidity (IL), RXF11_REVS.USD.M",True,VERIFIED,
VNM,Vietnam,reserves_excl_gold,International reserves excluding gold,Monthly,2021-M04,100835.1136196213,USD million,SOURCE,"IMF International Liquidity (IL), RXF11_REVS.USD.M",True,VERIFIED,
VNM,Vietnam,reserves_excl_gold,International reserves excluding gold,Monthly,2021-M05,101660.1022321551,USD million,SOURCE,"IMF International Liquidity (IL), RXF11_REVS.USD.M",True,VERIFIED,
VNM,Vietnam,reserves_excl_gold,International reserves excluding gold,Monthly,2021-M06,100215.8648435071,USD million,SOURCE,"IMF International Liquidity (IL), RXF11_REVS.USD.M",True,VERIFIED,
VNM,Vietnam,reserves_excl_gold,International reserves excluding gold,Monthly,2021-M07,102278.7131232658,USD million,SOURCE,"IMF International Liquidity (IL), RXF11_REVS.USD.M",True,VERIFIED,
VNM,Vietnam,reserves_excl_gold,International reserves excluding gold,Monthly,2021-M08,106934.8391594896,USD million,SOURCE,"IMF International Liquidity (IL), RXF11_REVS.USD.M",True,VERIFIED,
VNM,Vietnam,reserves_excl_gold,International reserves excluding gold,Monthly,2021-M09,107178.5683221469,USD million,SOURCE,"IMF International Liquidity (IL), RXF11_REVS.USD.M",True,VERIFIED,
VNM,Vietnam,reserves_excl_gold,International reserves excluding gold,Monthly,2021-M10,107382.3088621476,USD million,SOURCE,"IMF International Liquidity (IL), RXF11_REVS.USD.M",True,VERIFIED,
VNM,Vietnam,reserves_excl_gold,International reserves excluding gold,Monthly,2021-M11,109965.3748691657,USD million,SOURCE,"IMF International Liquidity (IL), RXF11_REVS.USD.M",True,VERIFIED,
VNM,Vietnam,reserves_excl_gold,International reserves excluding gold,Monthly,2021-M12,109371.3534428329,USD million,SOURCE,"IMF International Liquidity (IL), RXF11_REVS.USD.M",True,VERIFIED,
VNM,Vietnam,reserves_excl_gold,International reserves excluding gold,Monthly,2022-M01,111568.874987982,USD million,SOURCE,"IMF International Liquidity (IL), RXF11_REVS.USD.M",True,VERIFIED,
VNM,Vietnam,reserves_excl_gold,International reserves excluding gold,Monthly,2022-M02,110903.7453679371,USD million,SOURCE,"IMF International Liquidity (IL), RXF11_REVS.USD.M",True,VERIFIED,
VNM,Vietnam,reserves_excl_gold,International reserves excluding gold,Monthly,2022-M03,108240.2344502198,USD million,SOURCE,"IMF International Liquidity (IL), RXF11_REVS.USD.M",True,VERIFIED,
VNM,Vietnam,reserves_excl_gold,International reserves excluding gold,Monthly,2022-M04,107296.0545483142,USD million,SOURCE,"IMF International Liquidity (IL), RXF11_REVS.USD.M",True,VERIFIED,
VNM,Vietnam,reserves_excl_gold,International reserves excluding gold,Monthly,2022-M05,104752.3834376877,USD million,SOURCE,"IMF International Liquidity (IL), RXF11_REVS.USD.M",True,VERIFIED,
VNM,Vietnam,reserves_excl_gold,International reserves excluding gold,Monthly,2022-M06,103261.7626130739,USD million,SOURCE,"IMF International Liquidity (IL), RXF11_REVS.USD.M",True,VERIFIED,
VNM,Vietnam,reserves_excl_gold,International reserves excluding gold,Monthly,2022-M07,100436.658451866,USD million,SOURCE,"IMF International Liquidity (IL), RXF11_REVS.USD.M",True,VERIFIED,
VNM,Vietnam,reserves_excl_gold,International reserves excluding gold,Monthly,2022-M08,93902.0054343628,USD million,SOURCE,"IMF International Liquidity (IL), RXF11_REVS.USD.M",True,VERIFIED,
VNM,Vietnam,reserves_excl_gold,International reserves excluding gold,Monthly,2022-M09,87583.78003826842,USD million,SOURCE,"IMF International Liquidity (IL), RXF11_REVS.USD.M",True,VERIFIED,
VNM,Vietnam,reserves_excl_gold,International reserves excluding gold,Monthly,2022-M10,85888.51410377993,USD million,SOURCE,"IMF International Liquidity (IL), RXF11_REVS.USD.M",True,VERIFIED,
VNM,Vietnam,reserves_excl_gold,International reserves excluding gold,Monthly,2022-M11,85299.1315910107,USD million,SOURCE,"IMF International Liquidity (IL), RXF11_REVS.USD.M",True,VERIFIED,
VNM,Vietnam,reserves_excl_gold,International reserves excluding gold,Monthly,2022-M12,86539.53096664506,USD million,SOURCE,"IMF International Liquidity (IL), RXF11_REVS.USD.M",True,VERIFIED,
VNM,Vietnam,reserves_excl_gold,International reserves excluding gold,Monthly,2023-M01,88271.1110424471,USD million,SOURCE,"IMF International Liquidity (IL), RXF11_REVS.USD.M",True,VERIFIED,
VNM,Vietnam,reserves_excl_gold,International reserves excluding gold,Monthly,2023-M02,87644.67047789766,USD million,SOURCE,"IMF International Liquidity (IL), RXF11_REVS.USD.M",True,VERIFIED,
VNM,Vietnam,reserves_excl_gold,International reserves excluding gold,Monthly,2023-M03,88211.95029377146,USD million,SOURCE,"IMF International Liquidity (IL), RXF11_REVS.USD.M",True,VERIFIED,
VNM,Vietnam,reserves_excl_gold,International reserves excluding gold,Monthly,2023-M04,90023.80824309726,USD million,SOURCE,"IMF International Liquidity (IL), RXF11_REVS.USD.M",True,VERIFIED,
VNM,Vietnam,reserves_excl_gold,International reserves excluding gold,Monthly,2023-M05,89541.72688709652,USD million,SOURCE,"IMF International Liquidity (IL), RXF11_REVS.USD.M",True,VERIFIED,
VNM,Vietnam,reserves_excl_gold,International reserves excluding gold,Monthly,2023-M06,91107.92974917468,USD million,SOURCE,"IMF International Liquidity (IL), RXF11_REVS.USD.M",True,VERIFIED,
VNM,Vietnam,reserves_excl_gold,International reserves excluding gold,Monthly,2023-M07,89110.81366954638,USD million,SOURCE,"IMF International Liquidity (IL), RXF11_REVS.USD.M",True,VERIFIED,
VNM,Vietnam,reserves_excl_gold,International reserves excluding gold,Monthly,2023-M08,89552.90993399502,USD million,SOURCE,"IMF International Liquidity (IL), RXF11_REVS.USD.M",True,VERIFIED,
VNM,Vietnam,reserves_excl_gold,International reserves excluding gold,Monthly,2023-M09,89474.92749404973,USD million,SOURCE,"IMF International Liquidity (IL), RXF11_REVS.USD.M",True,VERIFIED,
VNM,Vietnam,reserves_excl_gold,International reserves excluding gold,Monthly,2023-M10,89044.70882321711,USD million,SOURCE,"IMF International Liquidity (IL), RXF11_REVS.USD.M",True,VERIFIED,
VNM,Vietnam,reserves_excl_gold,International reserves excluding gold,Monthly,2023-M11,89956.75536088701,USD million,SOURCE,"IMF International Liquidity (IL), RXF11_REVS.USD.M",True,VERIFIED,
VNM,Vietnam,reserves_excl_gold,International reserves excluding gold,Monthly,2023-M12,92237.54081224676,USD million,SOURCE,"IMF International Liquidity (IL), RXF11_REVS.USD.M",True,VERIFIED,
VNM,Vietnam,reserves_excl_gold,International reserves excluding gold,Monthly,2024-M01,89983.87302947689,USD million,SOURCE,"IMF International Liquidity (IL), RXF11_REVS.USD.M",True,VERIFIED,
VNM,Vietnam,reserves_excl_gold,International reserves excluding gold,Monthly,2024-M02,90199.71673620892,USD million,SOURCE,"IMF International Liquidity (IL), RXF11_REVS.USD.M",True,VERIFIED,
VNM,Vietnam,reserves_excl_gold,International reserves excluding gold,Monthly,2024-M03,90955.5640793688,USD million,SOURCE,"IMF International Liquidity (IL), RXF11_REVS.USD.M",True,VERIFIED,
VNM,Vietnam,reserves_excl_gold,International reserves excluding gold,Monthly,2024-M04,90095.55316450658,USD million,SOURCE,"IMF International Liquidity (IL), RXF11_REVS.USD.M",True,VERIFIED,
VNM,Vietnam,reserves_excl_gold,International reserves excluding gold,Monthly,2024-M05,86001.84873006419,USD million,SOURCE,"IMF International Liquidity (IL), RXF11_REVS.USD.M",True,VERIFIED,
VNM,Vietnam,reserves_excl_gold,International reserves excluding gold,Monthly,2024-M06,84723.08249545877,USD million,SOURCE,"IMF International Liquidity (IL), RXF11_REVS.USD.M",True,VERIFIED,
VNM,Vietnam,reserves_excl_gold,International reserves excluding gold,Monthly,2024-M07,83083.52375435887,USD million,SOURCE,"IMF International Liquidity (IL), RXF11_REVS.USD.M",True,VERIFIED,
VNM,Vietnam,reserves_excl_gold,International reserves excluding gold,Monthly,2024-M08,83920.94390084675,USD million,SOURCE,"IMF International Liquidity (IL), RXF11_REVS.USD.M",True,VERIFIED,
VNM,Vietnam,reserves_excl_gold,International reserves excluding gold,Monthly,2024-M09,84286.27787518938,USD million,SOURCE,"IMF International Liquidity (IL), RXF11_REVS.USD.M",True,VERIFIED,
VNM,Vietnam,reserves_excl_gold,International reserves excluding gold,Monthly,2024-M10,84375.87704505053,USD million,SOURCE,"IMF International Liquidity (IL), RXF11_REVS.USD.M",True,VERIFIED,
VNM,Vietnam,reserves_excl_gold,International reserves excluding gold,Monthly,2024-M11,83920.56085766692,USD million,SOURCE,"IMF International Liquidity (IL), RXF11_REVS.USD.M",True,VERIFIED,
VNM,Vietnam,reserves_excl_gold,International reserves excluding gold,Monthly,2024-M12,83081.8549281161,USD million,SOURCE,"IMF International Liquidity (IL), RXF11_REVS.USD.M",True,VERIFIED,
VNM,Vietnam,reserves_excl_gold,International reserves excluding gold,Monthly,2025-M01,80853.01178107732,USD million,SOURCE,"IMF International Liquidity (IL), RXF11_REVS.USD.M",True,VERIFIED,
VNM,Vietnam,reserves_excl_gold,International reserves excluding gold,Monthly,2025-M02,81345.67673848732,USD million,SOURCE,"IMF International Liquidity (IL), RXF11_REVS.USD.M",True,VERIFIED,
VNM,Vietnam,reserves_excl_gold,International reserves excluding gold,Monthly,2025-M03,82553.09706196238,USD million,SOURCE,"IMF International Liquidity (IL), RXF11_REVS.USD.M",True,VERIFIED,
VNM,Vietnam,reserves_excl_gold,International reserves excluding gold,Monthly,2025-M04,82038.34396929215,USD million,SOURCE,"IMF International Liquidity (IL), RXF11_REVS.USD.M",True,VERIFIED,
VNM,Vietnam,reserves_excl_gold,International reserves excluding gold,Monthly,2025-M05,81694.06932224269,USD million,SOURCE,"IMF International Liquidity (IL), RXF11_REVS.USD.M",True,VERIFIED,
VNM,Vietnam,reserves_excl_gold,International reserves excluding gold,Monthly,2025-M06,83067.01894751305,USD million,SOURCE,"IMF International Liquidity (IL), RXF11_REVS.USD.M",True,VERIFIED,
VNM,Vietnam,reserves_excl_gold,International reserves excluding gold,Monthly,2025-M07,82220.2346220883,USD million,SOURCE,"IMF International Liquidity (IL), RXF11_REVS.USD.M",True,VERIFIED,
VNM,Vietnam,reserves_excl_gold,International reserves excluding gold,Monthly,2025-M08,82770.34525869395,USD million,SOURCE,"IMF International Liquidity (IL), RXF11_REVS.USD.M",True,VERIFIED,
VNM,Vietnam,reserves_excl_gold,International reserves excluding gold,Monthly,2025-M09,84173.01304612364,USD million,SOURCE,"IMF International Liquidity (IL), RXF11_REVS.USD.M",True,VERIFIED,
VNM,Vietnam,reserves_excl_gold,International reserves excluding gold,Monthly,2025-M10,82210.46805168148,USD million,SOURCE,"IMF International Liquidity (IL), RXF11_REVS.USD.M",True,VERIFIED,
VNM,Vietnam,reserves_excl_gold,International reserves excluding gold,Monthly,2025-M11,83341.4234189683,USD million,SOURCE,"IMF International Liquidity (IL), RXF11_REVS.USD.M",True,VERIFIED,
VNM,Vietnam,reserves_excl_gold,International reserves excluding gold,Monthly,2025-M12,85580.36798096939,USD million,SOURCE,"IMF International Liquidity (IL), RXF11_REVS.USD.M",True,VERIFIED,
VNM,Vietnam,reserves_excl_gold,International reserves excluding gold,Monthly,2026-M01,84544.6221431424,USD million,SOURCE,"IMF International Liquidity (IL), RXF11_REVS.USD.M",True,VERIFIED,
VNM,Vietnam,reserves_excl_gold,International reserves excluding gold,Monthly,2026-M02,86387.15114479438,USD million,SOURCE,"IMF International Liquidity (IL), RXF11_REVS.USD.M",True,VERIFIED,
VNM,Vietnam,reserves_excl_gold,International reserves excluding gold,Monthly,2026-M03,85366.1205263879,USD million,SOURCE,"IMF International Liquidity (IL), RXF11_REVS.USD.M",True,VERIFIED,
VNM,Vietnam,reserves_excl_gold,International reserves excluding gold,Monthly,2026-M04,84517.36549402212,USD million,SOURCE,"IMF International Liquidity (IL), RXF11_REVS.USD.M",True,VERIFIED,
VNM,Vietnam,reserves_excl_gold,International reserves excluding gold,Monthly,2026-M05,85051.55293849373,USD million,SOURCE,"IMF International Liquidity (IL), RXF11_REVS.USD.M",True,VERIFIED,
VNM,Vietnam,reserves_excl_gold,International reserves excluding gold,Monthly,2026-M06,88260.96215176965,USD million,SOURCE,"IMF International Liquidity (IL), RXF11_REVS.USD.M",True,VERIFIED,
BGD,Bangladesh,current_account_balance,"Current account balance (credit less debit, net)",Quarterly,2018-Q1,-2259.594815856095,USD million,SOURCE,"IMF BOP(21.0.0), NETCD_T.CAB.USD.Q",True,VERIFIED,
BGD,Bangladesh,current_account_balance,"Current account balance (credit less debit, net)",Quarterly,2018-Q2,-2546.194143146417,USD million,SOURCE,"IMF BOP(21.0.0), NETCD_T.CAB.USD.Q",True,VERIFIED,
BGD,Bangladesh,current_account_balance,"Current account balance (credit less debit, net)",Quarterly,2018-Q3,-1184.920564017221,USD million,SOURCE,"IMF BOP(21.0.0), NETCD_T.CAB.USD.Q",True,VERIFIED,
BGD,Bangladesh,current_account_balance,"Current account balance (credit less debit, net)",Quarterly,2018-Q4,-1104.463045130042,USD million,SOURCE,"IMF BOP(21.0.0), NETCD_T.CAB.USD.Q",True,VERIFIED,
BGD,Bangladesh,current_account_balance,"Current account balance (credit less debit, net)",Quarterly,2019-Q1,-1365.31583330029,USD million,SOURCE,"IMF BOP(21.0.0), NETCD_T.CAB.USD.Q",True,VERIFIED,
BGD,Bangladesh,current_account_balance,"Current account balance (credit less debit, net)",Quarterly,2019-Q2,-334.6475039580849,USD million,SOURCE,"IMF BOP(21.0.0), NETCD_T.CAB.USD.Q",True,VERIFIED,
BGD,Bangladesh,current_account_balance,"Current account balance (credit less debit, net)",Quarterly,2019-Q3,-575.207100591716,USD million,SOURCE,"IMF BOP(21.0.0), NETCD_T.CAB.USD.Q",True,VERIFIED,
BGD,Bangladesh,current_account_balance,"Current account balance (credit less debit, net)",Quarterly,2019-Q4,-673.3666366648456,USD million,SOURCE,"IMF BOP(21.0.0), NETCD_T.CAB.USD.Q",True,VERIFIED,
BGD,Bangladesh,current_account_balance,"Current account balance (credit less debit, net)",Quarterly,2020-Q1,-770.5455259026688,USD million,SOURCE,"IMF BOP(21.0.0), NETCD_T.CAB.USD.Q",True,VERIFIED,
BGD,Bangladesh,current_account_balance,"Current account balance (credit less debit, net)",Quarterly,2020-Q2,-1888.587127158556,USD million,SOURCE,"IMF BOP(21.0.0), NETCD_T.CAB.USD.Q",True,VERIFIED,
BGD,Bangladesh,current_account_balance,"Current account balance (credit less debit, net)",Quarterly,2020-Q3,3412.873046270922,USD million,SOURCE,"IMF BOP(21.0.0), NETCD_T.CAB.USD.Q",True,VERIFIED,
BGD,Bangladesh,current_account_balance,"Current account balance (credit less debit, net)",Quarterly,2020-Q4,439.0312931159862,USD million,SOURCE,"IMF BOP(21.0.0), NETCD_T.CAB.USD.Q",True,VERIFIED,
BGD,Bangladesh,current_account_balance,"Current account balance (credit less debit, net)",Quarterly,2021-Q1,-3944.006699066178,USD million,SOURCE,"IMF BOP(21.0.0), NETCD_T.CAB.USD.Q",True,VERIFIED,
BGD,Bangladesh,current_account_balance,"Current account balance (credit less debit, net)",Quarterly,2021-Q2,-3848.419603692513,USD million,SOURCE,"IMF BOP(21.0.0), NETCD_T.CAB.USD.Q",True,VERIFIED,
BGD,Bangladesh,current_account_balance,"Current account balance (credit less debit, net)",Quarterly,2021-Q3,-2419.647058823529,USD million,SOURCE,"IMF BOP(21.0.0), NETCD_T.CAB.USD.Q",True,VERIFIED,
BGD,Bangladesh,current_account_balance,"Current account balance (credit less debit, net)",Quarterly,2021-Q4,-5563.342471492011,USD million,SOURCE,"IMF BOP(21.0.0), NETCD_T.CAB.USD.Q",True,VERIFIED,
BGD,Bangladesh,current_account_balance,"Current account balance (credit less debit, net)",Quarterly,2022-Q1,-5891.991407048828,USD million,SOURCE,"IMF BOP(21.0.0), NETCD_T.CAB.USD.Q",True,VERIFIED,
BGD,Bangladesh,current_account_balance,"Current account balance (credit less debit, net)",Quarterly,2022-Q2,-4019.78281467734,USD million,SOURCE,"IMF BOP(21.0.0), NETCD_T.CAB.USD.Q",True,VERIFIED,
BGD,Bangladesh,current_account_balance,"Current account balance (credit less debit, net)",Quarterly,2022-Q3,-3849.740674632124,USD million,SOURCE,"IMF BOP(21.0.0), NETCD_T.CAB.USD.Q",True,VERIFIED,
BGD,Bangladesh,current_account_balance,"Current account balance (credit less debit, net)",Quarterly,2022-Q4,-3770.000000000001,USD million,SOURCE,"IMF BOP(21.0.0), NETCD_T.CAB.USD.Q",True,VERIFIED,
BGD,Bangladesh,current_account_balance,"Current account balance (credit less debit, net)",Quarterly,2023-Q1,-1376.357270123496,USD million,SOURCE,"IMF BOP(21.0.0), NETCD_T.CAB.USD.Q",True,VERIFIED,
BGD,Bangladesh,current_account_balance,"Current account balance (credit less debit, net)",Quarterly,2023-Q2,-2044.065382150901,USD million,SOURCE,"IMF BOP(21.0.0), NETCD_T.CAB.USD.Q",True,VERIFIED,
BGD,Bangladesh,current_account_balance,"Current account balance (credit less debit, net)",Quarterly,2023-Q3,-1799.689468393692,USD million,SOURCE,"IMF BOP(21.0.0), NETCD_T.CAB.USD.Q",True,VERIFIED,
BGD,Bangladesh,current_account_balance,"Current account balance (credit less debit, net)",Quarterly,2023-Q4,-1979.867766963614,USD million,SOURCE,"IMF BOP(21.0.0), NETCD_T.CAB.USD.Q",True,VERIFIED,
BGD,Bangladesh,current_account_balance,"Current account balance (credit less debit, net)",Quarterly,2024-Q1,-396.9727272727273,USD million,SOURCE,"IMF BOP(21.0.0), NETCD_T.CAB.USD.Q",True,VERIFIED,
BGD,Bangladesh,current_account_balance,"Current account balance (credit less debit, net)",Quarterly,2024-Q2,-2094.770205103153,USD million,SOURCE,"IMF BOP(21.0.0), NETCD_T.CAB.USD.Q",True,VERIFIED,
BGD,Bangladesh,current_account_balance,"Current account balance (credit less debit, net)",Quarterly,2024-Q3,5.177408634550262,USD million,SOURCE,"IMF BOP(21.0.0), NETCD_T.CAB.USD.Q",True,VERIFIED,
BGD,Bangladesh,current_account_balance,"Current account balance (credit less debit, net)",Quarterly,2024-Q4,-526.8337700241105,USD million,SOURCE,"IMF BOP(21.0.0), NETCD_T.CAB.USD.Q",True,VERIFIED,
BGD,Bangladesh,current_account_balance,"Current account balance (credit less debit, net)",Quarterly,2025-Q1,-361.1044865099429,USD million,SOURCE,"IMF BOP(21.0.0), NETCD_T.CAB.USD.Q",True,VERIFIED,
BGD,Bangladesh,current_account_balance,"Current account balance (credit less debit, net)",Quarterly,2025-Q2,743.971020275209,USD million,SOURCE,"IMF BOP(21.0.0), NETCD_T.CAB.USD.Q",True,VERIFIED,
BGD,Bangladesh,current_account_balance,"Current account balance (credit less debit, net)",Quarterly,2025-Q3,-819.4360826890774,USD million,SOURCE,"IMF BOP(21.0.0), NETCD_T.CAB.USD.Q",True,VERIFIED,
BGD,Bangladesh,current_account_balance,"Current account balance (credit less debit, net)",Quarterly,2025-Q4,233.4074150654102,USD million,SOURCE,"IMF BOP(21.0.0), NETCD_T.CAB.USD.Q",True,VERIFIED,
BGD,Bangladesh,current_account_balance,"Current account balance (credit less debit, net)",Quarterly,2026-Q1,3.067016684993935,USD million,SOURCE,"IMF BOP(21.0.0), NETCD_T.CAB.USD.Q",True,VERIFIED,
PAK,Pakistan,current_account_balance,"Current account balance (credit less debit, net)",Quarterly,2018-Q1,-4394.596,USD million,SOURCE,"IMF BOP(21.0.0), NETCD_T.CAB.USD.Q",True,VERIFIED,
PAK,Pakistan,current_account_balance,"Current account balance (credit less debit, net)",Quarterly,2018-Q2,-6141.488,USD million,SOURCE,"IMF BOP(21.0.0), NETCD_T.CAB.USD.Q",True,VERIFIED,
PAK,Pakistan,current_account_balance,"Current account balance (credit less debit, net)",Quarterly,2018-Q3,-4111.908,USD million,SOURCE,"IMF BOP(21.0.0), NETCD_T.CAB.USD.Q",True,VERIFIED,
PAK,Pakistan,current_account_balance,"Current account balance (credit less debit, net)",Quarterly,2018-Q4,-4210.995,USD million,SOURCE,"IMF BOP(21.0.0), NETCD_T.CAB.USD.Q",True,VERIFIED,
PAK,Pakistan,current_account_balance,"Current account balance (credit less debit, net)",Quarterly,2019-Q1,-1960.929,USD million,SOURCE,"IMF BOP(21.0.0), NETCD_T.CAB.USD.Q",True,VERIFIED,
PAK,Pakistan,current_account_balance,"Current account balance (credit less debit, net)",Quarterly,2019-Q2,-3149.986,USD million,SOURCE,"IMF BOP(21.0.0), NETCD_T.CAB.USD.Q",True,VERIFIED,
PAK,Pakistan,current_account_balance,"Current account balance (credit less debit, net)",Quarterly,2019-Q3,-1718.982,USD million,SOURCE,"IMF BOP(21.0.0), NETCD_T.CAB.USD.Q",True,VERIFIED,
PAK,Pakistan,current_account_balance,"Current account balance (credit less debit, net)",Quarterly,2019-Q4,-1728.031,USD million,SOURCE,"IMF BOP(21.0.0), NETCD_T.CAB.USD.Q",True,VERIFIED,
PAK,Pakistan,current_account_balance,"Current account balance (credit less debit, net)",Quarterly,2020-Q1,-699.983,USD million,SOURCE,"IMF BOP(21.0.0), NETCD_T.CAB.USD.Q",True,VERIFIED,
PAK,Pakistan,current_account_balance,"Current account balance (credit less debit, net)",Quarterly,2020-Q2,-301.982,USD million,SOURCE,"IMF BOP(21.0.0), NETCD_T.CAB.USD.Q",True,VERIFIED,
PAK,Pakistan,current_account_balance,"Current account balance (credit less debit, net)",Quarterly,2020-Q3,797.102999999999,USD million,SOURCE,"IMF BOP(21.0.0), NETCD_T.CAB.USD.Q",True,VERIFIED,
PAK,Pakistan,current_account_balance,"Current account balance (credit less debit, net)",Quarterly,2020-Q4,-446.012000000001,USD million,SOURCE,"IMF BOP(21.0.0), NETCD_T.CAB.USD.Q",True,VERIFIED,
PAK,Pakistan,current_account_balance,"Current account balance (credit less debit, net)",Quarterly,2021-Q1,-626.043000000001,USD million,SOURCE,"IMF BOP(21.0.0), NETCD_T.CAB.USD.Q",True,VERIFIED,
PAK,Pakistan,current_account_balance,"Current account balance (credit less debit, net)",Quarterly,2021-Q2,-2544.93,USD million,SOURCE,"IMF BOP(21.0.0), NETCD_T.CAB.USD.Q",True,VERIFIED,
PAK,Pakistan,current_account_balance,"Current account balance (credit less debit, net)",Quarterly,2021-Q3,-3560.121,USD million,SOURCE,"IMF BOP(21.0.0), NETCD_T.CAB.USD.Q",True,VERIFIED,
PAK,Pakistan,current_account_balance,"Current account balance (credit less debit, net)",Quarterly,2021-Q4,-5552.012,USD million,SOURCE,"IMF BOP(21.0.0), NETCD_T.CAB.USD.Q",True,VERIFIED,
PAK,Pakistan,current_account_balance,"Current account balance (credit less debit, net)",Quarterly,2022-Q1,-3902.082,USD million,SOURCE,"IMF BOP(21.0.0), NETCD_T.CAB.USD.Q",True,VERIFIED,
PAK,Pakistan,current_account_balance,"Current account balance (credit less debit, net)",Quarterly,2022-Q2,-4466.852,USD million,SOURCE,"IMF BOP(21.0.0), NETCD_T.CAB.USD.Q",True,VERIFIED,
PAK,Pakistan,current_account_balance,"Current account balance (credit less debit, net)",Quarterly,2022-Q3,-2441.026,USD million,SOURCE,"IMF BOP(21.0.0), NETCD_T.CAB.USD.Q",True,VERIFIED,
PAK,Pakistan,current_account_balance,"Current account balance (credit less debit, net)",Quarterly,2022-Q4,-1406.147,USD million,SOURCE,"IMF BOP(21.0.0), NETCD_T.CAB.USD.Q",True,VERIFIED,
PAK,Pakistan,current_account_balance,"Current account balance (credit less debit, net)",Quarterly,2023-Q1,-206.797999999999,USD million,SOURCE,"IMF BOP(21.0.0), NETCD_T.CAB.USD.Q",True,VERIFIED,
PAK,Pakistan,current_account_balance,"Current account balance (credit less debit, net)",Quarterly,2023-Q2,778.623000000001,USD million,SOURCE,"IMF BOP(21.0.0), NETCD_T.CAB.USD.Q",True,VERIFIED,
PAK,Pakistan,current_account_balance,"Current account balance (credit less debit, net)",Quarterly,2023-Q3,-1416.74797992358,USD million,SOURCE,"IMF BOP(21.0.0), NETCD_T.CAB.USD.Q",True,VERIFIED,
PAK,Pakistan,current_account_balance,"Current account balance (credit less debit, net)",Quarterly,2023-Q4,-194.192556986538,USD million,SOURCE,"IMF BOP(21.0.0), NETCD_T.CAB.USD.Q",True,VERIFIED,
PAK,Pakistan,current_account_balance,"Current account balance (credit less debit, net)",Quarterly,2024-Q1,-40.9875170018968,USD million,SOURCE,"IMF BOP(21.0.0), NETCD_T.CAB.USD.Q",True,VERIFIED,
PAK,Pakistan,current_account_balance,"Current account balance (credit less debit, net)",Quarterly,2024-Q2,-419.725099244682,USD million,SOURCE,"IMF BOP(21.0.0), NETCD_T.CAB.USD.Q",True,VERIFIED,
PAK,Pakistan,current_account_balance,"Current account balance (credit less debit, net)",Quarterly,2024-Q3,-504.999783817821,USD million,SOURCE,"IMF BOP(21.0.0), NETCD_T.CAB.USD.Q",True,VERIFIED,
PAK,Pakistan,current_account_balance,"Current account balance (credit less debit, net)",Quarterly,2024-Q4,1430.00002965324,USD million,SOURCE,"IMF BOP(21.0.0), NETCD_T.CAB.USD.Q",True,VERIFIED,
PAK,Pakistan,current_account_balance,"Current account balance (credit less debit, net)",Quarterly,2025-Q1,748.9996,USD million,SOURCE,"IMF BOP(21.0.0), NETCD_T.CAB.USD.Q",True,VERIFIED,
PAK,Pakistan,current_account_balance,"Current account balance (credit less debit, net)",Quarterly,2025-Q2,164.0024,USD million,SOURCE,"IMF BOP(21.0.0), NETCD_T.CAB.USD.Q",True,VERIFIED,
PAK,Pakistan,current_account_balance,"Current account balance (credit less debit, net)",Quarterly,2025-Q3,-736.9998,USD million,SOURCE,"IMF BOP(21.0.0), NETCD_T.CAB.USD.Q",True,VERIFIED,
PAK,Pakistan,current_account_balance,"Current account balance (credit less debit, net)",Quarterly,2025-Q4,-623.9996,USD million,SOURCE,"IMF BOP(21.0.0), NETCD_T.CAB.USD.Q",True,VERIFIED,
PAK,Pakistan,current_account_balance,"Current account balance (credit less debit, net)",Quarterly,2026-Q1,1646.9818,USD million,SOURCE,"IMF BOP(21.0.0), NETCD_T.CAB.USD.Q",True,VERIFIED,
PAK,Pakistan,current_account_balance,"Current account balance (credit less debit, net)",Quarterly,2026-Q2,-424.5966,USD million,SOURCE,"IMF BOP(21.0.0), NETCD_T.CAB.USD.Q",False,VERIFIED,
VNM,Vietnam,current_account_balance,"Current account balance (credit less debit, net)",Quarterly,2018-Q1,3028.43,USD million,SOURCE,"IMF BOP(21.0.0), NETCD_T.CAB.USD.Q",True,VERIFIED,
VNM,Vietnam,current_account_balance,"Current account balance (credit less debit, net)",Quarterly,2018-Q2,499.562000000001,USD million,SOURCE,"IMF BOP(21.0.0), NETCD_T.CAB.USD.Q",True,VERIFIED,
VNM,Vietnam,current_account_balance,"Current account balance (credit less debit, net)",Quarterly,2018-Q3,2987.572,USD million,SOURCE,"IMF BOP(21.0.0), NETCD_T.CAB.USD.Q",True,VERIFIED,
VNM,Vietnam,current_account_balance,"Current account balance (credit less debit, net)",Quarterly,2018-Q4,-616.21099999997,USD million,SOURCE,"IMF BOP(21.0.0), NETCD_T.CAB.USD.Q",True,VERIFIED,
VNM,Vietnam,current_account_balance,"Current account balance (credit less debit, net)",Quarterly,2019-Q1,1999.0,USD million,SOURCE,"IMF BOP(21.0.0), NETCD_T.CAB.USD.Q",True,VERIFIED,
VNM,Vietnam,current_account_balance,"Current account balance (credit less debit, net)",Quarterly,2019-Q2,-36.0,USD million,SOURCE,"IMF BOP(21.0.0), NETCD_T.CAB.USD.Q",True,VERIFIED,
VNM,Vietnam,current_account_balance,"Current account balance (credit less debit, net)",Quarterly,2019-Q3,5919.0,USD million,SOURCE,"IMF BOP(21.0.0), NETCD_T.CAB.USD.Q",True,VERIFIED,
VNM,Vietnam,current_account_balance,"Current account balance (credit less debit, net)",Quarterly,2019-Q4,5219.24700000003,USD million,SOURCE,"IMF BOP(21.0.0), NETCD_T.CAB.USD.Q",True,VERIFIED,
VNM,Vietnam,current_account_balance,"Current account balance (credit less debit, net)",Quarterly,2020-Q1,4198.0,USD million,SOURCE,"IMF BOP(21.0.0), NETCD_T.CAB.USD.Q",True,VERIFIED,
VNM,Vietnam,current_account_balance,"Current account balance (credit less debit, net)",Quarterly,2020-Q2,-82.0,USD million,SOURCE,"IMF BOP(21.0.0), NETCD_T.CAB.USD.Q",True,VERIFIED,
VNM,Vietnam,current_account_balance,"Current account balance (credit less debit, net)",Quarterly,2020-Q3,8749.0,USD million,SOURCE,"IMF BOP(21.0.0), NETCD_T.CAB.USD.Q",True,VERIFIED,
VNM,Vietnam,current_account_balance,"Current account balance (credit less debit, net)",Quarterly,2020-Q4,2195.0,USD million,SOURCE,"IMF BOP(21.0.0), NETCD_T.CAB.USD.Q",True,VERIFIED,
VNM,Vietnam,current_account_balance,"Current account balance (credit less debit, net)",Quarterly,2021-Q1,584.0,USD million,SOURCE,"IMF BOP(21.0.0), NETCD_T.CAB.USD.Q",True,VERIFIED,
VNM,Vietnam,current_account_balance,"Current account balance (credit less debit, net)",Quarterly,2021-Q2,-4571.0,USD million,SOURCE,"IMF BOP(21.0.0), NETCD_T.CAB.USD.Q",True,VERIFIED,
VNM,Vietnam,current_account_balance,"Current account balance (credit less debit, net)",Quarterly,2021-Q3,-3823.0,USD million,SOURCE,"IMF BOP(21.0.0), NETCD_T.CAB.USD.Q",True,VERIFIED,
VNM,Vietnam,current_account_balance,"Current account balance (credit less debit, net)",Quarterly,2021-Q4,3182.0,USD million,SOURCE,"IMF BOP(21.0.0), NETCD_T.CAB.USD.Q",True,VERIFIED,
VNM,Vietnam,current_account_balance,"Current account balance (credit less debit, net)",Quarterly,2022-Q1,-1031.0,USD million,SOURCE,"IMF BOP(21.0.0), NETCD_T.CAB.USD.Q",True,VERIFIED,
VNM,Vietnam,current_account_balance,"Current account balance (credit less debit, net)",Quarterly,2022-Q2,-4182.0,USD million,SOURCE,"IMF BOP(21.0.0), NETCD_T.CAB.USD.Q",True,VERIFIED,
VNM,Vietnam,current_account_balance,"Current account balance (credit less debit, net)",Quarterly,2022-Q3,2645.0,USD million,SOURCE,"IMF BOP(21.0.0), NETCD_T.CAB.USD.Q",True,VERIFIED,
VNM,Vietnam,current_account_balance,"Current account balance (credit less debit, net)",Quarterly,2022-Q4,3970.0,USD million,SOURCE,"IMF BOP(21.0.0), NETCD_T.CAB.USD.Q",True,VERIFIED,
VNM,Vietnam,current_account_balance,"Current account balance (credit less debit, net)",Quarterly,2023-Q1,2190.0,USD million,SOURCE,"IMF BOP(21.0.0), NETCD_T.CAB.USD.Q",True,VERIFIED,
VNM,Vietnam,current_account_balance,"Current account balance (credit less debit, net)",Quarterly,2023-Q2,10046.0,USD million,SOURCE,"IMF BOP(21.0.0), NETCD_T.CAB.USD.Q",True,VERIFIED,
VNM,Vietnam,current_account_balance,"Current account balance (credit less debit, net)",Quarterly,2023-Q3,7332.0,USD million,SOURCE,"IMF BOP(21.0.0), NETCD_T.CAB.USD.Q",True,VERIFIED,
VNM,Vietnam,current_account_balance,"Current account balance (credit less debit, net)",Quarterly,2023-Q4,6225.0,USD million,SOURCE,"IMF BOP(21.0.0), NETCD_T.CAB.USD.Q",True,VERIFIED,
VNM,Vietnam,current_account_balance,"Current account balance (credit less debit, net)",Quarterly,2024-Q1,7354.0,USD million,SOURCE,"IMF BOP(21.0.0), NETCD_T.CAB.USD.Q",True,VERIFIED,
VNM,Vietnam,current_account_balance,"Current account balance (credit less debit, net)",Quarterly,2024-Q2,5619.0,USD million,SOURCE,"IMF BOP(21.0.0), NETCD_T.CAB.USD.Q",True,VERIFIED,
VNM,Vietnam,current_account_balance,"Current account balance (credit less debit, net)",Quarterly,2024-Q3,9692.0,USD million,SOURCE,"IMF BOP(21.0.0), NETCD_T.CAB.USD.Q",True,VERIFIED,
VNM,Vietnam,current_account_balance,"Current account balance (credit less debit, net)",Quarterly,2024-Q4,7510.0,USD million,SOURCE,"IMF BOP(21.0.0), NETCD_T.CAB.USD.Q",True,VERIFIED,
VNM,Vietnam,current_account_balance,"Current account balance (credit less debit, net)",Quarterly,2025-Q1,4828.0,USD million,SOURCE,"IMF BOP(21.0.0), NETCD_T.CAB.USD.Q",True,VERIFIED,
VNM,Vietnam,current_account_balance,"Current account balance (credit less debit, net)",Quarterly,2025-Q2,7494.0,USD million,SOURCE,"IMF BOP(21.0.0), NETCD_T.CAB.USD.Q",True,VERIFIED,
VNM,Vietnam,current_account_balance,"Current account balance (credit less debit, net)",Quarterly,2025-Q3,13159.0,USD million,SOURCE,"IMF BOP(21.0.0), NETCD_T.CAB.USD.Q",True,VERIFIED,
VNM,Vietnam,current_account_balance,"Current account balance (credit less debit, net)",Quarterly,2025-Q4,7654.0,USD million,SOURCE,"IMF BOP(21.0.0), NETCD_T.CAB.USD.Q",True,VERIFIED,
VNM,Vietnam,current_account_balance,"Current account balance (credit less debit, net)",Quarterly,2026-Q1,2716.0,USD million,SOURCE,"IMF BOP(21.0.0), NETCD_T.CAB.USD.Q",True,VERIFIED,
BGD,Bangladesh,goods_exports,Exports of goods (credit),Quarterly,2018-Q1,9411.387681707203,USD million,SOURCE,"IMF BOP(21.0.0), CD_T.G.USD.Q",True,VERIFIED,
BGD,Bangladesh,goods_exports,Exports of goods (credit),Quarterly,2018-Q2,9107.41231218048,USD million,SOURCE,"IMF BOP(21.0.0), CD_T.G.USD.Q",True,VERIFIED,
BGD,Bangladesh,goods_exports,Exports of goods (credit),Quarterly,2018-Q3,9746.603287816652,USD million,SOURCE,"IMF BOP(21.0.0), CD_T.G.USD.Q",True,VERIFIED,
BGD,Bangladesh,goods_exports,Exports of goods (credit),Quarterly,2018-Q4,10416.50167443573,USD million,SOURCE,"IMF BOP(21.0.0), CD_T.G.USD.Q",True,VERIFIED,
BGD,Bangladesh,goods_exports,Exports of goods (credit),Quarterly,2019-Q1,10275.82378365518,USD million,SOURCE,"IMF BOP(21.0.0), CD_T.G.USD.Q",True,VERIFIED,
BGD,Bangladesh,goods_exports,Exports of goods (credit),Quarterly,2019-Q2,9505.810500551332,USD million,SOURCE,"IMF BOP(21.0.0), CD_T.G.USD.Q",True,VERIFIED,
BGD,Bangladesh,goods_exports,Exports of goods (credit),Quarterly,2019-Q3,9481.988165680474,USD million,SOURCE,"IMF BOP(21.0.0), CD_T.G.USD.Q",True,VERIFIED,
BGD,Bangladesh,goods_exports,Exports of goods (credit),Quarterly,2019-Q4,9483.67127961042,USD million,SOURCE,"IMF BOP(21.0.0), CD_T.G.USD.Q",True,VERIFIED,
BGD,Bangladesh,goods_exports,Exports of goods (credit),Quarterly,2020-Q1,9493.151491365776,USD million,SOURCE,"IMF BOP(21.0.0), CD_T.G.USD.Q",True,VERIFIED,
BGD,Bangladesh,goods_exports,Exports of goods (credit),Quarterly,2020-Q2,4610.156985871272,USD million,SOURCE,"IMF BOP(21.0.0), CD_T.G.USD.Q",True,VERIFIED,
BGD,Bangladesh,goods_exports,Exports of goods (credit),Quarterly,2020-Q3,9496.835794992998,USD million,SOURCE,"IMF BOP(21.0.0), CD_T.G.USD.Q",True,VERIFIED,
BGD,Bangladesh,goods_exports,Exports of goods (credit),Quarterly,2020-Q4,8856.002924516806,USD million,SOURCE,"IMF BOP(21.0.0), CD_T.G.USD.Q",True,VERIFIED,
BGD,Bangladesh,goods_exports,Exports of goods (credit),Quarterly,2021-Q1,9196.29873079554,USD million,SOURCE,"IMF BOP(21.0.0), CD_T.G.USD.Q",True,VERIFIED,
BGD,Bangladesh,goods_exports,Exports of goods (credit),Quarterly,2021-Q2,9353.33465728658,USD million,SOURCE,"IMF BOP(21.0.0), CD_T.G.USD.Q",True,VERIFIED,
BGD,Bangladesh,goods_exports,Exports of goods (credit),Quarterly,2021-Q3,10548.77647058824,USD million,SOURCE,"IMF BOP(21.0.0), CD_T.G.USD.Q",True,VERIFIED,
BGD,Bangladesh,goods_exports,Exports of goods (credit),Quarterly,2021-Q4,12717.55779833683,USD million,SOURCE,"IMF BOP(21.0.0), CD_T.G.USD.Q",True,VERIFIED,
BGD,Bangladesh,goods_exports,Exports of goods (credit),Quarterly,2022-Q1,13229.2117275785,USD million,SOURCE,"IMF BOP(21.0.0), CD_T.G.USD.Q",True,VERIFIED,
BGD,Bangladesh,goods_exports,Exports of goods (credit),Quarterly,2022-Q2,12772.20213565307,USD million,SOURCE,"IMF BOP(21.0.0), CD_T.G.USD.Q",True,VERIFIED,
BGD,Bangladesh,goods_exports,Exports of goods (credit),Quarterly,2022-Q3,11183.65245697582,USD million,SOURCE,"IMF BOP(21.0.0), CD_T.G.USD.Q",True,VERIFIED,
BGD,Bangladesh,goods_exports,Exports of goods (credit),Quarterly,2022-Q4,11375.28661417323,USD million,SOURCE,"IMF BOP(21.0.0), CD_T.G.USD.Q",True,VERIFIED,
BGD,Bangladesh,goods_exports,Exports of goods (credit),Quarterly,2023-Q1,10605.81234035288,USD million,SOURCE,"IMF BOP(21.0.0), CD_T.G.USD.Q",True,VERIFIED,
BGD,Bangladesh,goods_exports,Exports of goods (credit),Quarterly,2023-Q2,10211.06426654121,USD million,SOURCE,"IMF BOP(21.0.0), CD_T.G.USD.Q",True,VERIFIED,
BGD,Bangladesh,goods_exports,Exports of goods (credit),Quarterly,2023-Q3,10048.95254932027,USD million,SOURCE,"IMF BOP(21.0.0), CD_T.G.USD.Q",True,VERIFIED,
BGD,Bangladesh,goods_exports,Exports of goods (credit),Quarterly,2023-Q4,10065.33528037906,USD million,SOURCE,"IMF BOP(21.0.0), CD_T.G.USD.Q",True,VERIFIED,
BGD,Bangladesh,goods_exports,Exports of goods (credit),Quarterly,2024-Q1,10829.3,USD million,SOURCE,"IMF BOP(21.0.0), CD_T.G.USD.Q",True,VERIFIED,
BGD,Bangladesh,goods_exports,Exports of goods (credit),Quarterly,2024-Q2,9890.637917610038,USD million,SOURCE,"IMF BOP(21.0.0), CD_T.G.USD.Q",True,VERIFIED,
BGD,Bangladesh,goods_exports,Exports of goods (credit),Quarterly,2024-Q3,10583.93797681957,USD million,SOURCE,"IMF BOP(21.0.0), CD_T.G.USD.Q",True,VERIFIED,
BGD,Bangladesh,goods_exports,Exports of goods (credit),Quarterly,2024-Q4,11812.23573288428,USD million,SOURCE,"IMF BOP(21.0.0), CD_T.G.USD.Q",True,VERIFIED,
BGD,Bangladesh,goods_exports,Exports of goods (credit),Quarterly,2025-Q1,11604.8998728838,USD million,SOURCE,"IMF BOP(21.0.0), CD_T.G.USD.Q",True,VERIFIED,
BGD,Bangladesh,goods_exports,Exports of goods (credit),Quarterly,2025-Q2,10098.17688686069,USD million,SOURCE,"IMF BOP(21.0.0), CD_T.G.USD.Q",True,VERIFIED,
BGD,Bangladesh,goods_exports,Exports of goods (credit),Quarterly,2025-Q3,11085.6197249622,USD million,SOURCE,"IMF BOP(21.0.0), CD_T.G.USD.Q",True,VERIFIED,
BGD,Bangladesh,goods_exports,Exports of goods (credit),Quarterly,2025-Q4,11036.56849071282,USD million,SOURCE,"IMF BOP(21.0.0), CD_T.G.USD.Q",True,VERIFIED,
BGD,Bangladesh,goods_exports,Exports of goods (credit),Quarterly,2026-Q1,10256.84642030294,USD million,SOURCE,"IMF BOP(21.0.0), CD_T.G.USD.Q",True,VERIFIED,
PAK,Pakistan,goods_exports,Exports of goods (credit),Quarterly,2018-Q1,6463.0,USD million,SOURCE,"IMF BOP(21.0.0), CD_T.G.USD.Q",True,VERIFIED,
PAK,Pakistan,goods_exports,Exports of goods (credit),Quarterly,2018-Q2,6514.0,USD million,SOURCE,"IMF BOP(21.0.0), CD_T.G.USD.Q",True,VERIFIED,
PAK,Pakistan,goods_exports,Exports of goods (credit),Quarterly,2018-Q3,5893.0,USD million,SOURCE,"IMF BOP(21.0.0), CD_T.G.USD.Q",True,VERIFIED,
PAK,Pakistan,goods_exports,Exports of goods (credit),Quarterly,2018-Q4,5972.0,USD million,SOURCE,"IMF BOP(21.0.0), CD_T.G.USD.Q",True,VERIFIED,
PAK,Pakistan,goods_exports,Exports of goods (credit),Quarterly,2019-Q1,6186.0,USD million,SOURCE,"IMF BOP(21.0.0), CD_T.G.USD.Q",True,VERIFIED,
PAK,Pakistan,goods_exports,Exports of goods (credit),Quarterly,2019-Q2,6206.0,USD million,SOURCE,"IMF BOP(21.0.0), CD_T.G.USD.Q",True,VERIFIED,
PAK,Pakistan,goods_exports,Exports of goods (credit),Quarterly,2019-Q3,5994.0,USD million,SOURCE,"IMF BOP(21.0.0), CD_T.G.USD.Q",True,VERIFIED,
PAK,Pakistan,goods_exports,Exports of goods (credit),Quarterly,2019-Q4,6414.0,USD million,SOURCE,"IMF BOP(21.0.0), CD_T.G.USD.Q",True,VERIFIED,
PAK,Pakistan,goods_exports,Exports of goods (credit),Quarterly,2020-Q1,5873.0,USD million,SOURCE,"IMF BOP(21.0.0), CD_T.G.USD.Q",True,VERIFIED,
PAK,Pakistan,goods_exports,Exports of goods (credit),Quarterly,2020-Q2,4255.0,USD million,SOURCE,"IMF BOP(21.0.0), CD_T.G.USD.Q",True,VERIFIED,
PAK,Pakistan,goods_exports,Exports of goods (credit),Quarterly,2020-Q3,5349.0,USD million,SOURCE,"IMF BOP(21.0.0), CD_T.G.USD.Q",True,VERIFIED,
PAK,Pakistan,goods_exports,Exports of goods (credit),Quarterly,2020-Q4,6464.0,USD million,SOURCE,"IMF BOP(21.0.0), CD_T.G.USD.Q",True,VERIFIED,
PAK,Pakistan,goods_exports,Exports of goods (credit),Quarterly,2021-Q1,6900.0,USD million,SOURCE,"IMF BOP(21.0.0), CD_T.G.USD.Q",True,VERIFIED,
PAK,Pakistan,goods_exports,Exports of goods (credit),Quarterly,2021-Q2,6926.0,USD million,SOURCE,"IMF BOP(21.0.0), CD_T.G.USD.Q",True,VERIFIED,
PAK,Pakistan,goods_exports,Exports of goods (credit),Quarterly,2021-Q3,7200.0,USD million,SOURCE,"IMF BOP(21.0.0), CD_T.G.USD.Q",True,VERIFIED,
PAK,Pakistan,goods_exports,Exports of goods (credit),Quarterly,2021-Q4,8042.0,USD million,SOURCE,"IMF BOP(21.0.0), CD_T.G.USD.Q",True,VERIFIED,
PAK,Pakistan,goods_exports,Exports of goods (credit),Quarterly,2022-Q1,8464.0,USD million,SOURCE,"IMF BOP(21.0.0), CD_T.G.USD.Q",True,VERIFIED,
PAK,Pakistan,goods_exports,Exports of goods (credit),Quarterly,2022-Q2,8787.0,USD million,SOURCE,"IMF BOP(21.0.0), CD_T.G.USD.Q",True,VERIFIED,
PAK,Pakistan,goods_exports,Exports of goods (credit),Quarterly,2022-Q3,7387.0,USD million,SOURCE,"IMF BOP(21.0.0), CD_T.G.USD.Q",True,VERIFIED,
PAK,Pakistan,goods_exports,Exports of goods (credit),Quarterly,2022-Q4,6835.0,USD million,SOURCE,"IMF BOP(21.0.0), CD_T.G.USD.Q",True,VERIFIED,
PAK,Pakistan,goods_exports,Exports of goods (credit),Quarterly,2023-Q1,6843.0,USD million,SOURCE,"IMF BOP(21.0.0), CD_T.G.USD.Q",True,VERIFIED,
PAK,Pakistan,goods_exports,Exports of goods (credit),Quarterly,2023-Q2,6811.0,USD million,SOURCE,"IMF BOP(21.0.0), CD_T.G.USD.Q",True,VERIFIED,
PAK,Pakistan,goods_exports,Exports of goods (credit),Quarterly,2023-Q3,6954.0,USD million,SOURCE,"IMF BOP(21.0.0), CD_T.G.USD.Q",True,VERIFIED,
PAK,Pakistan,goods_exports,Exports of goods (credit),Quarterly,2023-Q4,8201.0,USD million,SOURCE,"IMF BOP(21.0.0), CD_T.G.USD.Q",True,VERIFIED,
PAK,Pakistan,goods_exports,Exports of goods (credit),Quarterly,2024-Q1,7737.0,USD million,SOURCE,"IMF BOP(21.0.0), CD_T.G.USD.Q",True,VERIFIED,
PAK,Pakistan,goods_exports,Exports of goods (credit),Quarterly,2024-Q2,8088.0,USD million,SOURCE,"IMF BOP(21.0.0), CD_T.G.USD.Q",True,VERIFIED,
PAK,Pakistan,goods_exports,Exports of goods (credit),Quarterly,2024-Q3,7420.0,USD million,SOURCE,"IMF BOP(21.0.0), CD_T.G.USD.Q",True,VERIFIED,
PAK,Pakistan,goods_exports,Exports of goods (credit),Quarterly,2024-Q4,8905.0,USD million,SOURCE,"IMF BOP(21.0.0), CD_T.G.USD.Q",True,VERIFIED,
PAK,Pakistan,goods_exports,Exports of goods (credit),Quarterly,2025-Q1,8377.0,USD million,SOURCE,"IMF BOP(21.0.0), CD_T.G.USD.Q",True,VERIFIED,
PAK,Pakistan,goods_exports,Exports of goods (credit),Quarterly,2025-Q2,7641.0,USD million,SOURCE,"IMF BOP(21.0.0), CD_T.G.USD.Q",True,VERIFIED,
PAK,Pakistan,goods_exports,Exports of goods (credit),Quarterly,2025-Q3,7847.0,USD million,SOURCE,"IMF BOP(21.0.0), CD_T.G.USD.Q",True,VERIFIED,
PAK,Pakistan,goods_exports,Exports of goods (credit),Quarterly,2025-Q4,7667.0,USD million,SOURCE,"IMF BOP(21.0.0), CD_T.G.USD.Q",True,VERIFIED,
PAK,Pakistan,goods_exports,Exports of goods (credit),Quarterly,2026-Q1,7758.0,USD million,SOURCE,"IMF BOP(21.0.0), CD_T.G.USD.Q",True,VERIFIED,
PAK,Pakistan,goods_exports,Exports of goods (credit),Quarterly,2026-Q2,7571.0,USD million,SOURCE,"IMF BOP(21.0.0), CD_T.G.USD.Q",False,VERIFIED,
VNM,Vietnam,goods_exports,Exports of goods (credit),Quarterly,2018-Q1,55908.0,USD million,SOURCE,"IMF BOP(21.0.0), CD_T.G.USD.Q",True,VERIFIED,
VNM,Vietnam,goods_exports,Exports of goods (credit),Quarterly,2018-Q2,58413.0,USD million,SOURCE,"IMF BOP(21.0.0), CD_T.G.USD.Q",True,VERIFIED,
VNM,Vietnam,goods_exports,Exports of goods (credit),Quarterly,2018-Q3,65230.0,USD million,SOURCE,"IMF BOP(21.0.0), CD_T.G.USD.Q",True,VERIFIED,
VNM,Vietnam,goods_exports,Exports of goods (credit),Quarterly,2018-Q4,64146.0,USD million,SOURCE,"IMF BOP(21.0.0), CD_T.G.USD.Q",True,VERIFIED,
VNM,Vietnam,goods_exports,Exports of goods (credit),Quarterly,2019-Q1,58807.0,USD million,SOURCE,"IMF BOP(21.0.0), CD_T.G.USD.Q",True,VERIFIED,
VNM,Vietnam,goods_exports,Exports of goods (credit),Quarterly,2019-Q2,63658.0,USD million,SOURCE,"IMF BOP(21.0.0), CD_T.G.USD.Q",True,VERIFIED,
VNM,Vietnam,goods_exports,Exports of goods (credit),Quarterly,2019-Q3,72188.0,USD million,SOURCE,"IMF BOP(21.0.0), CD_T.G.USD.Q",True,VERIFIED,
VNM,Vietnam,goods_exports,Exports of goods (credit),Quarterly,2019-Q4,69536.0,USD million,SOURCE,"IMF BOP(21.0.0), CD_T.G.USD.Q",True,VERIFIED,
VNM,Vietnam,goods_exports,Exports of goods (credit),Quarterly,2020-Q1,63398.0,USD million,SOURCE,"IMF BOP(21.0.0), CD_T.G.USD.Q",True,VERIFIED,
VNM,Vietnam,goods_exports,Exports of goods (credit),Quarterly,2020-Q2,59367.0,USD million,SOURCE,"IMF BOP(21.0.0), CD_T.G.USD.Q",True,VERIFIED,
VNM,Vietnam,goods_exports,Exports of goods (credit),Quarterly,2020-Q3,79776.0,USD million,SOURCE,"IMF BOP(21.0.0), CD_T.G.USD.Q",True,VERIFIED,
VNM,Vietnam,goods_exports,Exports of goods (credit),Quarterly,2020-Q4,80088.0,USD million,SOURCE,"IMF BOP(21.0.0), CD_T.G.USD.Q",True,VERIFIED,
VNM,Vietnam,goods_exports,Exports of goods (credit),Quarterly,2021-Q1,78468.0,USD million,SOURCE,"IMF BOP(21.0.0), CD_T.G.USD.Q",True,VERIFIED,
VNM,Vietnam,goods_exports,Exports of goods (credit),Quarterly,2021-Q2,80011.0,USD million,SOURCE,"IMF BOP(21.0.0), CD_T.G.USD.Q",True,VERIFIED,
VNM,Vietnam,goods_exports,Exports of goods (credit),Quarterly,2021-Q3,82153.0,USD million,SOURCE,"IMF BOP(21.0.0), CD_T.G.USD.Q",True,VERIFIED,
VNM,Vietnam,goods_exports,Exports of goods (credit),Quarterly,2021-Q4,95284.0,USD million,SOURCE,"IMF BOP(21.0.0), CD_T.G.USD.Q",True,VERIFIED,
VNM,Vietnam,goods_exports,Exports of goods (credit),Quarterly,2022-Q1,89987.0,USD million,SOURCE,"IMF BOP(21.0.0), CD_T.G.USD.Q",True,VERIFIED,
VNM,Vietnam,goods_exports,Exports of goods (credit),Quarterly,2022-Q2,97185.0,USD million,SOURCE,"IMF BOP(21.0.0), CD_T.G.USD.Q",True,VERIFIED,
VNM,Vietnam,goods_exports,Exports of goods (credit),Quarterly,2022-Q3,95817.0,USD million,SOURCE,"IMF BOP(21.0.0), CD_T.G.USD.Q",True,VERIFIED,
VNM,Vietnam,goods_exports,Exports of goods (credit),Quarterly,2022-Q4,88726.0,USD million,SOURCE,"IMF BOP(21.0.0), CD_T.G.USD.Q",True,VERIFIED,
VNM,Vietnam,goods_exports,Exports of goods (credit),Quarterly,2023-Q1,79557.0,USD million,SOURCE,"IMF BOP(21.0.0), CD_T.G.USD.Q",True,VERIFIED,
VNM,Vietnam,goods_exports,Exports of goods (credit),Quarterly,2023-Q2,86433.0,USD million,SOURCE,"IMF BOP(21.0.0), CD_T.G.USD.Q",True,VERIFIED,
VNM,Vietnam,goods_exports,Exports of goods (credit),Quarterly,2023-Q3,93733.0,USD million,SOURCE,"IMF BOP(21.0.0), CD_T.G.USD.Q",True,VERIFIED,
VNM,Vietnam,goods_exports,Exports of goods (credit),Quarterly,2023-Q4,94998.0,USD million,SOURCE,"IMF BOP(21.0.0), CD_T.G.USD.Q",True,VERIFIED,
VNM,Vietnam,goods_exports,Exports of goods (credit),Quarterly,2024-Q1,93020.0,USD million,SOURCE,"IMF BOP(21.0.0), CD_T.G.USD.Q",True,VERIFIED,
VNM,Vietnam,goods_exports,Exports of goods (credit),Quarterly,2024-Q2,99034.0,USD million,SOURCE,"IMF BOP(21.0.0), CD_T.G.USD.Q",True,VERIFIED,
VNM,Vietnam,goods_exports,Exports of goods (credit),Quarterly,2024-Q3,108593.0,USD million,SOURCE,"IMF BOP(21.0.0), CD_T.G.USD.Q",True,VERIFIED,
VNM,Vietnam,goods_exports,Exports of goods (credit),Quarterly,2024-Q4,105882.0,USD million,SOURCE,"IMF BOP(21.0.0), CD_T.G.USD.Q",True,VERIFIED,
VNM,Vietnam,goods_exports,Exports of goods (credit),Quarterly,2025-Q1,103232.0,USD million,SOURCE,"IMF BOP(21.0.0), CD_T.G.USD.Q",True,VERIFIED,
VNM,Vietnam,goods_exports,Exports of goods (credit),Quarterly,2025-Q2,116988.0,USD million,SOURCE,"IMF BOP(21.0.0), CD_T.G.USD.Q",True,VERIFIED,
VNM,Vietnam,goods_exports,Exports of goods (credit),Quarterly,2025-Q3,128521.0,USD million,SOURCE,"IMF BOP(21.0.0), CD_T.G.USD.Q",True,VERIFIED,
VNM,Vietnam,goods_exports,Exports of goods (credit),Quarterly,2025-Q4,126318.0,USD million,SOURCE,"IMF BOP(21.0.0), CD_T.G.USD.Q",True,VERIFIED,
VNM,Vietnam,goods_exports,Exports of goods (credit),Quarterly,2026-Q1,122928.0,USD million,SOURCE,"IMF BOP(21.0.0), CD_T.G.USD.Q",True,VERIFIED,
BGD,Bangladesh,goods_imports,Imports of goods (debit),Quarterly,2018-Q1,13985.90975034661,USD million,SOURCE,"IMF BOP(21.0.0), DB_T.G.USD.Q",True,VERIFIED,
BGD,Bangladesh,goods_imports,Imports of goods (debit),Quarterly,2018-Q2,14158.06266098919,USD million,SOURCE,"IMF BOP(21.0.0), DB_T.G.USD.Q",True,VERIFIED,
BGD,Bangladesh,goods_imports,Imports of goods (debit),Quarterly,2018-Q3,13599.26678114674,USD million,SOURCE,"IMF BOP(21.0.0), DB_T.G.USD.Q",True,VERIFIED,
BGD,Bangladesh,goods_imports,Imports of goods (debit),Quarterly,2018-Q4,14222.79965522813,USD million,SOURCE,"IMF BOP(21.0.0), DB_T.G.USD.Q",True,VERIFIED,
BGD,Bangladesh,goods_imports,Imports of goods (debit),Quarterly,2019-Q1,14543.42757444784,USD million,SOURCE,"IMF BOP(21.0.0), DB_T.G.USD.Q",True,VERIFIED,
BGD,Bangladesh,goods_imports,Imports of goods (debit),Quarterly,2019-Q2,13070.24814577832,USD million,SOURCE,"IMF BOP(21.0.0), DB_T.G.USD.Q",True,VERIFIED,
BGD,Bangladesh,goods_imports,Imports of goods (debit),Quarterly,2019-Q3,13256.50887573964,USD million,SOURCE,"IMF BOP(21.0.0), DB_T.G.USD.Q",True,VERIFIED,
BGD,Bangladesh,goods_imports,Imports of goods (debit),Quarterly,2019-Q4,13805.67859795857,USD million,SOURCE,"IMF BOP(21.0.0), DB_T.G.USD.Q",True,VERIFIED,
BGD,Bangladesh,goods_imports,Imports of goods (debit),Quarterly,2020-Q1,13262.8021978022,USD million,SOURCE,"IMF BOP(21.0.0), DB_T.G.USD.Q",True,VERIFIED,
BGD,Bangladesh,goods_imports,Imports of goods (debit),Quarterly,2020-Q2,10361.13814756672,USD million,SOURCE,"IMF BOP(21.0.0), DB_T.G.USD.Q",True,VERIFIED,
BGD,Bangladesh,goods_imports,Imports of goods (debit),Quarterly,2020-Q3,11735.64985968088,USD million,SOURCE,"IMF BOP(21.0.0), DB_T.G.USD.Q",True,VERIFIED,
BGD,Bangladesh,goods_imports,Imports of goods (debit),Quarterly,2020-Q4,13490.14744438898,USD million,SOURCE,"IMF BOP(21.0.0), DB_T.G.USD.Q",True,VERIFIED,
BGD,Bangladesh,goods_imports,Imports of goods (debit),Quarterly,2021-Q1,17540.5209790211,USD million,SOURCE,"IMF BOP(21.0.0), DB_T.G.USD.Q",True,VERIFIED,
BGD,Bangladesh,goods_imports,Imports of goods (debit),Quarterly,2021-Q2,17914.79329083908,USD million,SOURCE,"IMF BOP(21.0.0), DB_T.G.USD.Q",True,VERIFIED,
BGD,Bangladesh,goods_imports,Imports of goods (debit),Quarterly,2021-Q3,17326.16470588235,USD million,SOURCE,"IMF BOP(21.0.0), DB_T.G.USD.Q",True,VERIFIED,
BGD,Bangladesh,goods_imports,Imports of goods (debit),Quarterly,2021-Q4,21651.21685820069,USD million,SOURCE,"IMF BOP(21.0.0), DB_T.G.USD.Q",True,VERIFIED,
BGD,Bangladesh,goods_imports,Imports of goods (debit),Quarterly,2022-Q1,22553.02881101029,USD million,SOURCE,"IMF BOP(21.0.0), DB_T.G.USD.Q",True,VERIFIED,
BGD,Bangladesh,goods_imports,Imports of goods (debit),Quarterly,2022-Q2,20975.08839437938,USD million,SOURCE,"IMF BOP(21.0.0), DB_T.G.USD.Q",True,VERIFIED,
BGD,Bangladesh,goods_imports,Imports of goods (debit),Quarterly,2022-Q3,19433.51868845089,USD million,SOURCE,"IMF BOP(21.0.0), DB_T.G.USD.Q",True,VERIFIED,
BGD,Bangladesh,goods_imports,Imports of goods (debit),Quarterly,2022-Q4,18992.3346456693,USD million,SOURCE,"IMF BOP(21.0.0), DB_T.G.USD.Q",True,VERIFIED,
BGD,Bangladesh,goods_imports,Imports of goods (debit),Quarterly,2023-Q1,16363.25077755107,USD million,SOURCE,"IMF BOP(21.0.0), DB_T.G.USD.Q",True,VERIFIED,
BGD,Bangladesh,goods_imports,Imports of goods (debit),Quarterly,2023-Q2,15957.06466388165,USD million,SOURCE,"IMF BOP(21.0.0), DB_T.G.USD.Q",True,VERIFIED,
BGD,Bangladesh,goods_imports,Imports of goods (debit),Quarterly,2023-Q3,15060.75456823734,USD million,SOURCE,"IMF BOP(21.0.0), DB_T.G.USD.Q",True,VERIFIED,
BGD,Bangladesh,goods_imports,Imports of goods (debit),Quarterly,2023-Q4,16242.20563330922,USD million,SOURCE,"IMF BOP(21.0.0), DB_T.G.USD.Q",True,VERIFIED,
BGD,Bangladesh,goods_imports,Imports of goods (debit),Quarterly,2024-Q1,15399.10909090909,USD million,SOURCE,"IMF BOP(21.0.0), DB_T.G.USD.Q",True,VERIFIED,
BGD,Bangladesh,goods_imports,Imports of goods (debit),Quarterly,2024-Q2,16535.7807000944,USD million,SOURCE,"IMF BOP(21.0.0), DB_T.G.USD.Q",True,VERIFIED,
BGD,Bangladesh,goods_imports,Imports of goods (debit),Quarterly,2024-Q3,15241.69198772999,USD million,SOURCE,"IMF BOP(21.0.0), DB_T.G.USD.Q",True,VERIFIED,
BGD,Bangladesh,goods_imports,Imports of goods (debit),Quarterly,2024-Q4,16953.67710581471,USD million,SOURCE,"IMF BOP(21.0.0), DB_T.G.USD.Q",True,VERIFIED,
BGD,Bangladesh,goods_imports,Imports of goods (debit),Quarterly,2025-Q1,17320.6272636901,USD million,SOURCE,"IMF BOP(21.0.0), DB_T.G.USD.Q",True,VERIFIED,
BGD,Bangladesh,goods_imports,Imports of goods (debit),Quarterly,2025-Q2,15045.77987978067,USD million,SOURCE,"IMF BOP(21.0.0), DB_T.G.USD.Q",True,VERIFIED,
BGD,Bangladesh,goods_imports,Imports of goods (debit),Quarterly,2025-Q3,16799.39966299645,USD million,SOURCE,"IMF BOP(21.0.0), DB_T.G.USD.Q",True,VERIFIED,
BGD,Bangladesh,goods_imports,Imports of goods (debit),Quarterly,2025-Q4,16878.16887561844,USD million,SOURCE,"IMF BOP(21.0.0), DB_T.G.USD.Q",True,VERIFIED,
BGD,Bangladesh,goods_imports,Imports of goods (debit),Quarterly,2026-Q1,17870.61646314482,USD million,SOURCE,"IMF BOP(21.0.0), DB_T.G.USD.Q",True,VERIFIED,
PAK,Pakistan,goods_imports,Imports of goods (debit),Quarterly,2018-Q1,14256.0,USD million,SOURCE,"IMF BOP(21.0.0), DB_T.G.USD.Q",True,VERIFIED,
PAK,Pakistan,goods_imports,Imports of goods (debit),Quarterly,2018-Q2,14995.0,USD million,SOURCE,"IMF BOP(21.0.0), DB_T.G.USD.Q",True,VERIFIED,
PAK,Pakistan,goods_imports,Imports of goods (debit),Quarterly,2018-Q3,13904.0,USD million,SOURCE,"IMF BOP(21.0.0), DB_T.G.USD.Q",True,VERIFIED,
PAK,Pakistan,goods_imports,Imports of goods (debit),Quarterly,2018-Q4,13598.0,USD million,SOURCE,"IMF BOP(21.0.0), DB_T.G.USD.Q",True,VERIFIED,
PAK,Pakistan,goods_imports,Imports of goods (debit),Quarterly,2019-Q1,11810.0,USD million,SOURCE,"IMF BOP(21.0.0), DB_T.G.USD.Q",True,VERIFIED,
PAK,Pakistan,goods_imports,Imports of goods (debit),Quarterly,2019-Q2,12557.0,USD million,SOURCE,"IMF BOP(21.0.0), DB_T.G.USD.Q",True,VERIFIED,
PAK,Pakistan,goods_imports,Imports of goods (debit),Quarterly,2019-Q3,11275.0,USD million,SOURCE,"IMF BOP(21.0.0), DB_T.G.USD.Q",True,VERIFIED,
PAK,Pakistan,goods_imports,Imports of goods (debit),Quarterly,2019-Q4,12039.0,USD million,SOURCE,"IMF BOP(21.0.0), DB_T.G.USD.Q",True,VERIFIED,
PAK,Pakistan,goods_imports,Imports of goods (debit),Quarterly,2020-Q1,10822.0,USD million,SOURCE,"IMF BOP(21.0.0), DB_T.G.USD.Q",True,VERIFIED,
PAK,Pakistan,goods_imports,Imports of goods (debit),Quarterly,2020-Q2,9509.0,USD million,SOURCE,"IMF BOP(21.0.0), DB_T.G.USD.Q",True,VERIFIED,
PAK,Pakistan,goods_imports,Imports of goods (debit),Quarterly,2020-Q3,10698.0,USD million,SOURCE,"IMF BOP(21.0.0), DB_T.G.USD.Q",True,VERIFIED,
PAK,Pakistan,goods_imports,Imports of goods (debit),Quarterly,2020-Q4,13084.0,USD million,SOURCE,"IMF BOP(21.0.0), DB_T.G.USD.Q",True,VERIFIED,
PAK,Pakistan,goods_imports,Imports of goods (debit),Quarterly,2021-Q1,14280.0,USD million,SOURCE,"IMF BOP(21.0.0), DB_T.G.USD.Q",True,VERIFIED,
PAK,Pakistan,goods_imports,Imports of goods (debit),Quarterly,2021-Q2,16211.0,USD million,SOURCE,"IMF BOP(21.0.0), DB_T.G.USD.Q",True,VERIFIED,
PAK,Pakistan,goods_imports,Imports of goods (debit),Quarterly,2021-Q3,17098.0,USD million,SOURCE,"IMF BOP(21.0.0), DB_T.G.USD.Q",True,VERIFIED,
PAK,Pakistan,goods_imports,Imports of goods (debit),Quarterly,2021-Q4,18338.0,USD million,SOURCE,"IMF BOP(21.0.0), DB_T.G.USD.Q",True,VERIFIED,
PAK,Pakistan,goods_imports,Imports of goods (debit),Quarterly,2022-Q1,17310.0,USD million,SOURCE,"IMF BOP(21.0.0), DB_T.G.USD.Q",True,VERIFIED,
PAK,Pakistan,goods_imports,Imports of goods (debit),Quarterly,2022-Q2,18797.0,USD million,SOURCE,"IMF BOP(21.0.0), DB_T.G.USD.Q",True,VERIFIED,
PAK,Pakistan,goods_imports,Imports of goods (debit),Quarterly,2022-Q3,16520.0,USD million,SOURCE,"IMF BOP(21.0.0), DB_T.G.USD.Q",True,VERIFIED,
PAK,Pakistan,goods_imports,Imports of goods (debit),Quarterly,2022-Q4,13253.0,USD million,SOURCE,"IMF BOP(21.0.0), DB_T.G.USD.Q",True,VERIFIED,
PAK,Pakistan,goods_imports,Imports of goods (debit),Quarterly,2023-Q1,12371.0,USD million,SOURCE,"IMF BOP(21.0.0), DB_T.G.USD.Q",True,VERIFIED,
PAK,Pakistan,goods_imports,Imports of goods (debit),Quarterly,2023-Q2,10551.0,USD million,SOURCE,"IMF BOP(21.0.0), DB_T.G.USD.Q",True,VERIFIED,
PAK,Pakistan,goods_imports,Imports of goods (debit),Quarterly,2023-Q3,12296.0,USD million,SOURCE,"IMF BOP(21.0.0), DB_T.G.USD.Q",True,VERIFIED,
PAK,Pakistan,goods_imports,Imports of goods (debit),Quarterly,2023-Q4,13119.0,USD million,SOURCE,"IMF BOP(21.0.0), DB_T.G.USD.Q",True,VERIFIED,
PAK,Pakistan,goods_imports,Imports of goods (debit),Quarterly,2024-Q1,13642.0,USD million,SOURCE,"IMF BOP(21.0.0), DB_T.G.USD.Q",True,VERIFIED,
PAK,Pakistan,goods_imports,Imports of goods (debit),Quarterly,2024-Q2,14100.0,USD million,SOURCE,"IMF BOP(21.0.0), DB_T.G.USD.Q",True,VERIFIED,
PAK,Pakistan,goods_imports,Imports of goods (debit),Quarterly,2024-Q3,14249.0,USD million,SOURCE,"IMF BOP(21.0.0), DB_T.G.USD.Q",True,VERIFIED,
PAK,Pakistan,goods_imports,Imports of goods (debit),Quarterly,2024-Q4,13660.0,USD million,SOURCE,"IMF BOP(21.0.0), DB_T.G.USD.Q",True,VERIFIED,
PAK,Pakistan,goods_imports,Imports of goods (debit),Quarterly,2025-Q1,15470.0,USD million,SOURCE,"IMF BOP(21.0.0), DB_T.G.USD.Q",True,VERIFIED,
PAK,Pakistan,goods_imports,Imports of goods (debit),Quarterly,2025-Q2,15767.0,USD million,SOURCE,"IMF BOP(21.0.0), DB_T.G.USD.Q",True,VERIFIED,
PAK,Pakistan,goods_imports,Imports of goods (debit),Quarterly,2025-Q3,15489.0,USD million,SOURCE,"IMF BOP(21.0.0), DB_T.G.USD.Q",True,VERIFIED,
PAK,Pakistan,goods_imports,Imports of goods (debit),Quarterly,2025-Q4,15891.0,USD million,SOURCE,"IMF BOP(21.0.0), DB_T.G.USD.Q",True,VERIFIED,
PAK,Pakistan,goods_imports,Imports of goods (debit),Quarterly,2026-Q1,15310.0,USD million,SOURCE,"IMF BOP(21.0.0), DB_T.G.USD.Q",True,VERIFIED,
PAK,Pakistan,goods_imports,Imports of goods (debit),Quarterly,2026-Q2,17776.0,USD million,SOURCE,"IMF BOP(21.0.0), DB_T.G.USD.Q",False,VERIFIED,
VNM,Vietnam,goods_imports,Imports of goods (debit),Quarterly,2018-Q1,51047.57,USD million,SOURCE,"IMF BOP(21.0.0), DB_T.G.USD.Q",True,VERIFIED,
VNM,Vietnam,goods_imports,Imports of goods (debit),Quarterly,2018-Q2,55460.888,USD million,SOURCE,"IMF BOP(21.0.0), DB_T.G.USD.Q",True,VERIFIED,
VNM,Vietnam,goods_imports,Imports of goods (debit),Quarterly,2018-Q3,59450.328,USD million,SOURCE,"IMF BOP(21.0.0), DB_T.G.USD.Q",True,VERIFIED,
VNM,Vietnam,goods_imports,Imports of goods (debit),Quarterly,2018-Q4,61198.585,USD million,SOURCE,"IMF BOP(21.0.0), DB_T.G.USD.Q",True,VERIFIED,
VNM,Vietnam,goods_imports,Imports of goods (debit),Quarterly,2019-Q1,54996.0,USD million,SOURCE,"IMF BOP(21.0.0), DB_T.G.USD.Q",True,VERIFIED,
VNM,Vietnam,goods_imports,Imports of goods (debit),Quarterly,2019-Q2,60807.0,USD million,SOURCE,"IMF BOP(21.0.0), DB_T.G.USD.Q",True,VERIFIED,
VNM,Vietnam,goods_imports,Imports of goods (debit),Quarterly,2019-Q3,64013.0,USD million,SOURCE,"IMF BOP(21.0.0), DB_T.G.USD.Q",True,VERIFIED,
VNM,Vietnam,goods_imports,Imports of goods (debit),Quarterly,2019-Q4,62878.753,USD million,SOURCE,"IMF BOP(21.0.0), DB_T.G.USD.Q",True,VERIFIED,
VNM,Vietnam,goods_imports,Imports of goods (debit),Quarterly,2020-Q1,57143.0,USD million,SOURCE,"IMF BOP(21.0.0), DB_T.G.USD.Q",True,VERIFIED,
VNM,Vietnam,goods_imports,Imports of goods (debit),Quarterly,2020-Q2,54965.0,USD million,SOURCE,"IMF BOP(21.0.0), DB_T.G.USD.Q",True,VERIFIED,
VNM,Vietnam,goods_imports,Imports of goods (debit),Quarterly,2020-Q3,66152.0,USD million,SOURCE,"IMF BOP(21.0.0), DB_T.G.USD.Q",True,VERIFIED,
VNM,Vietnam,goods_imports,Imports of goods (debit),Quarterly,2020-Q4,73661.0,USD million,SOURCE,"IMF BOP(21.0.0), DB_T.G.USD.Q",True,VERIFIED,
VNM,Vietnam,goods_imports,Imports of goods (debit),Quarterly,2021-Q1,72609.0,USD million,SOURCE,"IMF BOP(21.0.0), DB_T.G.USD.Q",True,VERIFIED,
VNM,Vietnam,goods_imports,Imports of goods (debit),Quarterly,2021-Q2,80187.0,USD million,SOURCE,"IMF BOP(21.0.0), DB_T.G.USD.Q",True,VERIFIED,
VNM,Vietnam,goods_imports,Imports of goods (debit),Quarterly,2021-Q3,80417.0,USD million,SOURCE,"IMF BOP(21.0.0), DB_T.G.USD.Q",True,VERIFIED,
VNM,Vietnam,goods_imports,Imports of goods (debit),Quarterly,2021-Q4,85237.0,USD million,SOURCE,"IMF BOP(21.0.0), DB_T.G.USD.Q",True,VERIFIED,
VNM,Vietnam,goods_imports,Imports of goods (debit),Quarterly,2022-Q1,83964.0,USD million,SOURCE,"IMF BOP(21.0.0), DB_T.G.USD.Q",True,VERIFIED,
VNM,Vietnam,goods_imports,Imports of goods (debit),Quarterly,2022-Q2,93125.0,USD million,SOURCE,"IMF BOP(21.0.0), DB_T.G.USD.Q",True,VERIFIED,
VNM,Vietnam,goods_imports,Imports of goods (debit),Quarterly,2022-Q3,85748.0,USD million,SOURCE,"IMF BOP(21.0.0), DB_T.G.USD.Q",True,VERIFIED,
VNM,Vietnam,goods_imports,Imports of goods (debit),Quarterly,2022-Q4,79480.0,USD million,SOURCE,"IMF BOP(21.0.0), DB_T.G.USD.Q",True,VERIFIED,
VNM,Vietnam,goods_imports,Imports of goods (debit),Quarterly,2023-Q1,71038.0,USD million,SOURCE,"IMF BOP(21.0.0), DB_T.G.USD.Q",True,VERIFIED,
VNM,Vietnam,goods_imports,Imports of goods (debit),Quarterly,2023-Q2,74190.0,USD million,SOURCE,"IMF BOP(21.0.0), DB_T.G.USD.Q",True,VERIFIED,
VNM,Vietnam,goods_imports,Imports of goods (debit),Quarterly,2023-Q3,81027.0,USD million,SOURCE,"IMF BOP(21.0.0), DB_T.G.USD.Q",True,VERIFIED,
VNM,Vietnam,goods_imports,Imports of goods (debit),Quarterly,2023-Q4,84438.0,USD million,SOURCE,"IMF BOP(21.0.0), DB_T.G.USD.Q",True,VERIFIED,
VNM,Vietnam,goods_imports,Imports of goods (debit),Quarterly,2024-Q1,81118.0,USD million,SOURCE,"IMF BOP(21.0.0), DB_T.G.USD.Q",True,VERIFIED,
VNM,Vietnam,goods_imports,Imports of goods (debit),Quarterly,2024-Q2,90188.0,USD million,SOURCE,"IMF BOP(21.0.0), DB_T.G.USD.Q",True,VERIFIED,
VNM,Vietnam,goods_imports,Imports of goods (debit),Quarterly,2024-Q3,94775.0,USD million,SOURCE,"IMF BOP(21.0.0), DB_T.G.USD.Q",True,VERIFIED,
VNM,Vietnam,goods_imports,Imports of goods (debit),Quarterly,2024-Q4,97030.0,USD million,SOURCE,"IMF BOP(21.0.0), DB_T.G.USD.Q",True,VERIFIED,
VNM,Vietnam,goods_imports,Imports of goods (debit),Quarterly,2025-Q1,94876.0,USD million,SOURCE,"IMF BOP(21.0.0), DB_T.G.USD.Q",True,VERIFIED,
VNM,Vietnam,goods_imports,Imports of goods (debit),Quarterly,2025-Q2,107203.0,USD million,SOURCE,"IMF BOP(21.0.0), DB_T.G.USD.Q",True,VERIFIED,
VNM,Vietnam,goods_imports,Imports of goods (debit),Quarterly,2025-Q3,113904.0,USD million,SOURCE,"IMF BOP(21.0.0), DB_T.G.USD.Q",True,VERIFIED,
VNM,Vietnam,goods_imports,Imports of goods (debit),Quarterly,2025-Q4,117183.0,USD million,SOURCE,"IMF BOP(21.0.0), DB_T.G.USD.Q",True,VERIFIED,
VNM,Vietnam,goods_imports,Imports of goods (debit),Quarterly,2026-Q1,120494.0,USD million,SOURCE,"IMF BOP(21.0.0), DB_T.G.USD.Q",True,VERIFIED,
